:020000040800F2
:1000000000500020594A00089D1A0008A51A00084F
:10001000AD1A0008B51A0008BD1A0008000000005B
:10002000000000000000000000000000D197000860
:10003000C51A000800000000B1990008F9990008ED
:10004000A14A0008A14A0008A14A0008A14A0008E4
:10005000A14A0008A14A0008A14A0008A14A0008D4
:10006000A14A0008A14A0008A14A0008A14A0008C4
:10007000A14A0008A14A0008A14A0008A14A0008B4
:10008000A14A0008A14A0008A14A0008A14A0008A4
:10009000A14A0008A14A0008A14A0008A14A000894
:1000A000A14A0008A14A0008A14A0008A14A000884
:1000B000A14A0008A14A0008D11A0008A14A000874
:1000C000A14A0008A14A0008A14A0008A14A000864
:1000D000A14A0008E51A0008A14A0008A14A000840
:1000E000A14A0008A14A0008A14A00080000000037
:1000F0000000000000000000000000000000000000
:0C01000000000000000000005FF808F1A3
:1001100010B5054C237833B9044B13B10448AFF341
:1001200000800123237010BDB801002000000000F2
:100130006CA9000808B5034B1BB103490348AFF392
:10014000008008BD00000000BC0100206CA9000870
:10015000034613F8012B002AFBD1181A0138704707
:1001600080B582B000AF0023FB710121174805F074
:10017000EBF90346002B03D1FB7943F00103FB713C
:100180008021134805F0E0F90346002B03D1FB79E9
:1001900043F00203FB7140210D4805F0D5F90346F9
:1001A000002B03D1FB7943F00403FB7102210748C4
:1001B00005F0CAF90346002B03D1FB7943F008038D
:1001C000FB71FB7918460837BD4680BD000C014025
:1001D0000008014080B483B000AF78600B4B9B787F
:1001E000002B04D1094B9B680133084A9360074BED
:1001F0001B7B002B05D0054BDB8901339AB2034BE7
:10020000DA8100BF0C37BD4680BC7047000000207B
:1002100080B400AF064B00229A60054B01229A7011
:10022000034B01225A7100BFBD4680BC704700BF1E
:100230000000002080B582B000AF0023FB71FFF703
:100240008FFF0346BB71BB7903F00F03002B00F057
:100250008980624B5B79002B01D0FB79B9E05F4B61
:1002600000229A70BB79033B092B8CBF012200222C
:10027000D2B2002A10D140F28D2222FA03F303F009
:100280000103002B14BF01230023DBB2002B03D09A
:10029000534ABB79137003E0524ABB79137000BF15
:1002A000514B1B78BA799A4202D04F4ABB791370EE
:1002B0004C4B1B78082B3AD1484BDB78002B14D0E1
:1002C000464B9B68322B10D9454B1B78002B02D034
:1002D000424B01221A71424B1B78FB71404B0022AA
:1002E0001A703E4B00229A601FE03C4B9B68C72B64
:1002F00019D93A4BDB78002B0CD1384B1B7C002BE7
:1003000008D11023FB71354B0122DA70334B0022E8
:10031000DA8105E0314B1B7C002B01D02023FB71DF
:10032000FFF776FF01E0002353E0FB7951E02C4B0F
:100330001B78002B4CD0294B9B68B3F5FA7F47D92B
:10034000274B1B78FB71FB79062B02D0FB79032B23
:1003500002D1224B0022DA81214B00221A70FFF7D2
:1003600057FF35E01F4B1B78002B09D01F4B1A7825
:100370001C4B1B789A4203D01A4B1A781B4B1A70ED
:10038000164B01229A70154B9B680A2B0DD9134B03
:100390009B68312B09D8114B1B79002B05D1114BD0
:1003A0001B78FB710F4B00221A700C4B5B79002BF2
:1003B00002D00F4800F0AAFD0B4B00221A70074B29
:1003C00000225A71054B00229A60044B00221A71D8
:1003D000FB7918460837BD4680BD00BF00000020ED
:1003E000D9010020DA010020DB010020DC0100201F
:1003F00084A9000880B584B000AF0346FB711023C8
:10040000FB73624BDB78002B75D1604B5B7C002B60
:1004100071D1FB79013B1F2B6CD801A252F823F05C
:10042000F5040008F5040008E7040008F5040008D6
:10043000D9040008CB040008F5040008A104000852
:10044000F5040008F5040008F5040008F5040008A8
:10045000F5040008F5040008F5040008F504000898
:10046000F5040008F5040008F5040008F504000888
:10047000F5040008F5040008F5040008F504000878
:10048000F5040008F5040008F5040008F504000868
:10049000F5040008F5040008F5040008F504000858
:1004A0003A4B5B780133DAB2384B5A70374B5B7892
:1004B000052B02D9354B00225A70344B5B781A4613
:1004C000334B9A5C314B1A7015E0304B0E221A7088
:1004D0002E4B01225A740EE02C4B0D221A702B4B1E
:1004E00001225A7407E0294B0C221A70274B012273
:1004F0005A7400E000BF254B1B78FA791146184664
:1005000001F0ACFF0346FB73FB7B0F2B1BD81F4B8B
:100510001B78FA7B9A4216D01C4AFB7B13701B4B4C
:100520001B780021184601F099FF0346FB73FB7B03
:10053000102B05D0FB7B012B02D0FB7B0B2B02D1B8
:10054000124B0022DA70FB7B102B1AD10F4BDB7899
:10055000002B07D10D4B1B7C002B03D10B4B5B7C7D
:10056000002B0ED0094B0022DA70084B00221A74BF
:10057000064B01221A70054B00225A70034B0022D1
:100580005A7400BF1037BD4680BD00BF0000002078
:100590001400002080B582B000AF0E4B1B78012BF9
:1005A00000D103E0642006F098FDF6E7FFF742FE75
:1005B0000346FB71FB79002B07D0074B1B68F979C9
:1005C0004FF0FF32184606F03DFE0A2006F085FD8A
:1005D000ECE700BFDD010020C40B002080B584B033
:1005E00000AF384B1B680A21184606F0BFFD364B9A
:1005F00000229A70354B1B681B791946344800F06D
:1006000085FC324B1B681B79002B01D101F000FEE9
:100610002D4B9B68B3F5967F1FD32C4B1B681B7922
:10062000002B03D1284B01221A7005E0264B0B2228
:100630001A70254B01221A74234B1B78002118468F
:1006400001F00CFF204B01229A701F4B00229A6090
:1006500000BF204B01221A7003E00A2006F03DFD86
:10066000D6E71D4B19683B460A22184606F02AFEBB
:100670003B68102B0CD17B68FB73134B1B7C002B4E
:1006800002D0FB7B202B1BD1FB7B1846FFF7B2FE71
:100690000D4B1B7B002BE4D00B4BDB89312BE0D9BE
:1006A0000E4B1B78002BDCD10C4B01221A7001F091
:1006B000AFFE054B0022DA81084B00221A70D0E70A
:1006C00000BFCEE7D401002000000020340200204B
:1006D000A0A90008DD010020C40B0020D8010020E3
:1006E00080B500AF034800F011FC034B01221A74DF
:1006F00000BF80BDC4A900080000002080B582B002
:1007000000AF0346FB71FB79002B01D0064B00E0E4
:10071000064B1946064800F0F9FB064AFB791373AD
:1007200000BF0837BD4680BDDCA90008E4A9000869
:10073000ECA900080000002080B582B000AF0E4B8D
:100740003B6000237B603B4600220121184606F0F7
:10075000D9FC0346094A1360084B1B68002B05D1DE
:10076000074800F0D3FB4FF0FF3300E000231846AA
:100770000837BD4680BD00BFD5010008D401002068
:10078000FCA9000880B582B000AF0346FB710B489E
:1007900000F0BCFB0A4A0B4B1046194651231A467F
:1007A00009F08AFC064AFB7913725121044800F0D3
:1007B000ADF800BF0837BD4680BD00BF20AA0008C5
:1007C000E00100201C00002080B500AF0C4800F0C4
:1007D00033F80346002B02D00320FFF7D3FF084B6A
:1007E0001B791946074800F091FB054B9B79194688
:1007F000054800F08BFB054B014A1A6000BF80BD25
:10080000E001002044AA000860AA00083402002089
:1008100080B500AF064B9B791946064800F076FB81
:100820005121034800F072F80346184680BD00BF0E
:10083000E001002078AA000880B582B000AF78609F
:100840005121786800F04EF87B681B68162B04D0A5
:10085000044800F05BFB012300E000231846083742
:10086000BD4680BD98AA000890B587B000AF04F0DF
:100870004DFB00233B60174BBB600123FB6007F17E
:1008800010023B461146184604F032FC03467B61D9
:100890007B69002B17D03C6904F06EFB03461A46B7
:1008A00021460D4800F032FB04F056FB7B69002B1B
:1008B00009D00A4800F02AFB7A692221084800F092
:1008C00025FB7B6902E004F047FB002318461C3738
:1008D000BD4690BD00F80008C0AA0008E8AA0008BC
:1008E0000CAB000880B584B000AF78603960064B6F
:1008F000FB60FB683A681946786809F0DDFB00BFC9
:100900001037BD4680BD00BF00F80008B0B586B006
:1009100000AF7860396000237B61204B3B617B68CE
:10092000FB60FFF7A1FF0346002B02D04FF0FF331F
:100930002FE004F0EBFA25E0FB681B88BB60BB6886
:1009400000221C46154622462B463969012004F038
:100950006DFA0346002B0CD004F00EFB01467B69B8
:100960003A680F4800F0D2FA04F0F6FA4FF0FF337D
:100970000FE0FB680233FB607B6902337B613B69FC
:1009800002333B613B687A699A42D5D304F0E4FABA
:10099000002318461837BD46B0BD00BF00F8000858
:1009A00040AB000880B584B000AF1C4B7B600023D7
:1009B000BB603B1D00220121184606F0A3FB034645
:1009C000174A1360164B1B68002B03D1154800F023
:1009D0009DFA1FE00023FB600FE0134AFB6852F80A
:1009E0003300114AFB68DB0013449B88012219463F
:1009F00004F0C1FDFB680133FB600C4B1B781A4609
:100A0000FB689342E9DB064B1B684FF47A7118468A
:100A100006F0ACFB1037BD4680BD00BF310A0008B0
:100A2000380200207CAB0008700000204C0200203F
:100A300080B584B000AF78600023FB602CE01C4AD6
:100A4000FB6813441B78002B23D01A4AFB6813441D
:100A50001B785A1CD0B21749FA680A440146117033
:100A6000012B16D9134AFB68134400221A70124A4C
:100A7000FB6852F83300104AFB68DB0013449B8884
:100A80000122194604F077FD094AFB68134400224D
:100A90001A70FB680133FB60084B1B781A46FB6831
:100AA0009342CCDB00BF00BF1037BD4680BD00BF06
:100AB000440200203C020020700000204C02002074
:100AC00080B584B000AF0346FB71FB79194612482C
:100AD00000F01CFA0023FB7313E0FB7B0F4A52F873
:100AE0003300FB7B0D4ADB0013449B88012219462F
:100AF00004F041FDFB7B0A4A0021D154FB7B01330A
:100B0000FB73FB7B072BE8D9064AFB79137000BF08
:100B10001037BD4680BD00BFA0AB000870000020AC
:100B2000440200204C02002080B584B000AF034690
:100B3000FB71FB792D4A127819462D4800F0E6F931
:100B4000FB79002B1ED10023FB6014E0294AFB68CF
:100B500052F83300274AFB68DB0013449B880122CC
:100B6000194604F008FD244AFB68134400221A7059
:100B7000FB680133FB601D4B1B781A46FB689342F0
:100B8000E4DB30E00023FB6027E0FA79FB6842FAFF
:100B900003F303F00103002B1CD0174AFB68134436
:100BA0001B78002B11D1134AFB6852F83300114A0D
:100BB000FB68DB0013449B880022194604F0DBFC31
:100BC0000D4AFB68134401221A700C4AFB68134457
:100BD00000221A70FB680133FB60044B1B781A4635
:100BE000FB689342D1DB1037BD4680BD4C0200202C
:100BF000C4AB000870000020440200203C0200202A
:100C000080B485B000AF0346FB71114B1B880133E4
:100C10005A4203F07F0302F07F0258BF5342FB6049
:100C20000B4B5B881A46FB6893420BD0084B1B8822
:100C30001A46074B1344FA791A71FB689AB2044BAF
:100C40001A8000E000BF1437BD4680BC704700BF6B
:100C50005402002080B483B000AF7860114B1A8832
:100C6000104B5B889A4201D1002315E00D4B5B8845
:100C70001A460C4B13441A797B681A70094B5B882F
:100C800001335A4203F07F0302F07F0258BF534200
:100C90009AB2044B5A80012318460C37BD4680BCDB
:100CA000704700BF5402002080B582B000AF00231F
:100CB000BB710023FB712DE01C4B5B89002B02D123
:100CC000BB79DF2B25D1194B5B89072B09D8174B33
:100CD0005B895A1C91B2154A51811A46B979134B56
:100CE0009954124BDB681B02BA7913430F4AD36045
:100CF0000E4BDB684FF6FF6293420BD10B4B5B89C7
:100D0000FB710A4B0022DA60084B00225A81FB7902
:100D100008E000BFBB1D1846FFF79CFF0346002BF1
:100D2000CAD1002318460837BD4680BDD80200202E
:100D300080B582B000AF144800F0E8F8FFF7B4FFC8
:100D40000346FB80FB88002B19D0104B5B78332BBC
:100D500005D10E4B9B781846FFF7E6FE0FE00B4BD4
:100D60005B78D12B0BD0094B5B78112B07D1074B4C
:100D70009B78064AD2781146184601F029FA0A20D3
:100D800006F0ABF9DAE700BFE4AB0008D8020020B8
:100D900080B582B000AF78607B681B68084A9342D8
:100DA00009D1084B1B781846FFF72AFF0122054995
:100DB000054805F06AFB00BF0837BD4680BD00BF8F
:100DC0000038014050020020280B002080B588B078
:100DD00000AF03463A60FB710B46BB71254A07F131
:100DE000080307CA03C31A80FB79BB72BB79FB7285
:100DF0000023BB610CE0BB693A681A44BB69043349
:100E0000127820333B4403F8182CBB690133BB61D3
:100E1000BB69032BEFDD08E097F91F30DBB201332C
:100E2000DBB2FB770A2006F058F9134805F001FE03
:100E30000346212BF0D0104805F0FBFD0346232B81
:100E4000EAD007F108014FF47A730A220A4805F044
:100E500091FA03467B617B69002B05D0074800F0BF
:100E600055F86FF0040300E0002318462037BD4614
:100E700080BD00BF18AC0008280B0020FCAB0008A8
:100E800080B500AF054800F041F80122044905484B
:100E900005F0FBFA0023184680BD00BF24AC000813
:100EA00050020020280B002080B485B000AFF8600D
:100EB000B9607A60FB68064A1A60BB68054A1A6026
:100EC0007B6880221A6000BF1437BD4680BC704723
:100ED000E80200208803002080B485B000AFF860ED
:100EE000B9607A60FB68074A1A60BB68064A1A60F4
:100EF0007B684FF480721A6000BF1437BD4680BC17
:100F0000704700BF88050020280600200FB480B578
:100F100082B000AF00237B6007F114037B607B6825
:100F20003A69FF210A4809F027F80948FFF710F944
:100F300003469AB26FF07F430549064805F01AFA56
:100F400000BF0837BD46BDE8804004B0704700BF11
:100F5000280A0020700B002080B483B000AF7860B6
:100F60007B68102B46D801A252F823F0B10F00087D
:100F7000B50F0008B90F0008BD0F0008C10F000829
:100F8000C50F0008C90F0008CD0F0008D10F0008D9
:100F9000D50F0008D90F0008DD0F0008E10F000889
:100FA000E50F0008E90F0008ED0F0008F10F000839
:100FB000144B21E0144B1FE0144B1DE0144B1BE0BD
:100FC000144B19E0144B17E0144B15E0144B13E0CD
:100FD000144B11E0144B0FE0144B0DE0144B0BE0DD
:100FE000144B09E0144B07E0144B05E0144B03E0ED
:100FF000144B01E000BF144B18460C37BD4680BCB3
:10100000704700BF50AC00085CAC000868AC00083A
:1010100078AC00088CAC00089CAC0008ACAC0008B4
:10102000B8AC0008C4AC0008D4AC0008E0AC0008C0
:10103000F0AC0008FCAC00080CAD000818AD0008CE
:1010400028AD000834AD000844AD000880B483B07A
:1010500000AF78607B68202B5CD801A252F823F0A7
:10106000E5100008E9100008ED100008F110000874
:10107000F510000801110008F9100008151100080A
:10108000FD100008151100080511000815110008D1
:1010900009110008151100081511000815110008A4
:1010A0000D11000815110008151100081511000890
:1010B0001511000815110008151100081511000878
:1010C0001511000815110008151100081511000868
:1010D0001511000815110008151100081511000858
:1010E000111100080F4B17E00F4B15E00F4B13E0E9
:1010F0000F4B11E00F4B0FE00F4B0DE00F4B0BE0D0
:101100000F4B09E00F4B07E00F4B05E00F4B03E0DF
:101110000F4B01E000BF0F4B18460C37BD4680BC9B
:10112000704700BF54AD000860AD00086CAD00080A
:1011300074AD000880AD00088CAD000898AD0008C3
:10114000A4AD0008B4AD0008C4AD0008D4AD0008DB
:10115000E4AD0008F4AD000880B400AF024B1846BF
:10116000BD4680BC704700BF00AE0008F0B585B03A
:1011700004AF7748FFF7CAFE7648FFF7C7FE532350
:101180003F2B17D03223303B4FF47A7203FB02F22D
:101190003023303B642101FB03F3D1183223A3F148
:1011A000300213469B0013445B00CA183523303BC2
:1011B000D41800E0632453233F2B67D053234A2BDA
:1011C00005D16523612B02D170236E2B5CD0532394
:1011D000462B56D053234D2B05D16523612B02D1CD
:1011E0007023722B4BD05323412B02D16523702BDC
:1011F00042D053234D2B05D16523612B02D170239F
:10120000792B36D053234A2B05D16523752B02D178
:1012100070236E2B2AD053234A2B05D16523752BBF
:1012200002D170236C2B1ED05323412B02D1652396
:10123000752B15D05323532B10D053234F2B0BD08A
:1012400053234E2B06D05323442B01D10C2209E00B
:10125000632207E00B2205E00A2203E0092201E0F5
:10126000082202E001E0072202E001E0062202E09B
:1012700001E0052202E001E0042204E003E0032291
:1012800005E0022203E002E0012200E06322532392
:101290003F2B10D031232F2B08D93123A3F130015C
:1012A0000B469B000B445B00194600E000213623EF
:1012B000303BCD1800E0632531233F2B0CD0312388
:1012C000A3F130010B469B000B445B00194634230D
:1012D0000B44A3F1300100E0632131233F2B0CD0FC
:1012E0003123A3F1300003469B0003445B00184602
:1012F00034230344A3F1300000E0632031233F2B6B
:101300000BD03223A3F1300633469B0033445B00FD
:101310001E4630233344303B00E0632302930190A8
:1013200000912B4621460C48FFF7F0FDFFF714FF14
:10133000034619460948FFF7E9FD09490948FFF73F
:10134000E5FD0348FFF7E2FD00BF0437BD46F0BDF1
:1013500014AE000854AE000878AE0008ACAE000829
:10136000C0AE0008C8AE000880B500AFFFF788FD2A
:101370000346002B02D04FF0FF330CE0FFF724FAB6
:10138000FFF7DAF90346002B02D04FF0FF3302E0FB
:10139000FFF708FB0023184680BD000080B582B02F
:1013A00000AF7860396039680348FFF7AFFD00BFD0
:1013B0000837BD4680BD00BFE0AE0008B0B59CB0A8
:1013C00000AF03F06FFB00F091F800F02BF900F094
:1013D000D5F800F0FDF8FFF7C9FEFFF7C5FF364B63
:1013E000BB660023FB6607F1680300220121184653
:1013F00005F088FE0346314A1360314B07F158046B
:101400000FCB84E80F0007F158030021184605F0C0
:10141000F1FE03462B4A13602B4B07F13C041D469B
:101420000FCD0FC495E8070084E8070007F13C03DF
:101430000021184605F005FE0346244A1360244B9C
:1014400007F120041D460FCD0FC495E8070084E87E
:10145000070007F120030021184605F0F2FD0346BE
:101460001C4A13601C4B3C1D1D460FCD0FC495E854
:10147000070084E807003B1D0021184605F0E1FD48
:101480000346164A1360114B1B68002B02D1144807
:10149000FFF73CFD0F4B1B68002B02D11148FFF7F3
:1014A00035FD0E4B1B68002B02D10F48FFF72EFDB8
:1014B00005F0C0FD00BFFDE7C9170008C80B0020FC
:1014C0006CAF0008C40B00208CAF0008B80B0020E4
:1014D000B4AF0008BC0B0020D8AF0008C00B002040
:1014E00004AF000828AF00084CAF000880B590B0EA
:1014F00000AF07F1180328220021184608F04AFD22
:101500003B1D00221A605A609A60DA601A61092352
:10151000BB614FF48033FB6100233B620123BB625C
:1015200001233B6302237B634FF48033BB634FF49F
:10153000E013FB6307F11803184604F04DF8034667
:10154000002B01D000F062F90F237B600223BB6007
:101550000023FB604FF480633B6100237B613B1DF4
:101560000221184604F0BAFA0346002B01D000F01D
:101570004DF900BF4037BD4680BD000080B500AFCB
:10158000114B124A1A60104B4FF4E1325A600E4B65
:1015900000229A600C4B0022DA600B4B00221A6189
:1015A000094B0C225A61084B00229A61064B00221B
:1015B000DA61054804F08EFE0346002B01D000F0EE
:1015C00025F900BF80BD00BF280B00200038014076
:1015D00080B500AF114B124A1A60104B4FF4E13244
:1015E0005A600E4B00229A600C4B0022DA600B4BC3
:1015F00000221A61094B0C225A61084B00229A61A1
:10160000064B0022DA61054804F064FE0346002B15
:1016100001D000F0FBF800BF80BD00BF700B0020C0
:101620000044004080B588B000AF07F110030022ED
:101630001A605A609A60DA60454B9B69444A43F0ED
:1016400010039361424B9B6903F01003FB60FB683E
:101650003F4B9B693E4A43F0200393613C4B9B699F
:1016600003F02003BB60BB68394B9B69384A43F0E9
:1016700004039361364B9B6903F004037B607B6832
:10168000334B9B69324A43F008039361304B9B69AB
:1016900003F008033B603B6800224FF400512D48E3
:1016A00003F069FF00224FF2F8312B4803F063FF8B
:1016B00000224FF41941294803F05DFF4FF4005315
:1016C0003B6101237B610023BB610223FB6107F1C6
:1016D000100319461F4803F0B3FDC0233B610023EC
:1016E0007B610023BB6107F1100319461B4803F01F
:1016F000A7FD03233B6100237B610023BB6107F14E
:1017000010031946144803F09BFD4FF2F8333B6178
:1017100001237B610023BB610223FB6107F11003FE
:1017200019460D4803F08CFD4FF419433B6101232A
:101730007B610023BB610223FB6107F110031946A3
:10174000064803F07DFD00BF2037BD4680BD00BFC9
:101750000010024000100140000C01400008014050
:1017600080B582B000AF78600948FFF7CFFB00F08A
:1017700063FB00F079FC074B1B684FF4FA711846C5
:1017800005F0F4FCFEF72AFF00BF0837BD4680BD18
:10179000F4AF0008C80B002080B582B000AF7860BD
:1017A0000248FFF7B3FBFFF7C3FAFCE70CB00008F1
:1017B00080B582B000AF78600248FFF7A7FBFEF764
:1017C000E9FEFCE724B0000880B582B000AF786085
:1017D0004FF40051034803F0E6FE00BF0837BD4652
:1017E00080BD00BF0010014080B582B000AF7860BE
:1017F0007B681B68044A934201D103F069F900BF7A
:101800000837BD4680BD00BF0008004080B400AF6F
:1018100072B600BF00BFFDE780B584B000AF184BC3
:101820009B69174A43F001039361154B9B6903F0D1
:101830000103BB60BB68124BDB69114A43F0805364
:10184000D3610F4BDB6903F080537B607B68002220
:101850000F216FF0010003F00CFA0A4B5B68FB608C
:10186000FB6823F0E063FB60FB6843F00073FB6000
:10187000044AFB68536000BF1037BD4680BD00BFFF
:10188000001002400000014080B58AB000AF7860CF
:1018900007F1180300221A605A609A60DA607B68C8
:1018A0001B683B4A93423AD13A4B9B69394A43F40D
:1018B00080439361374B9B6903F480437B617B6971
:1018C000344B9B69334A43F004039361314B9B696A
:1018D00003F004033B613B694FF40073BB610223D7
:1018E000FB6103237B6207F1180319462A4803F0C2
:1018F000A7FC4FF48063BB610023FB6100233B62C4
:1019000007F118031946244803F09AFC0022052128
:10191000252003F0AEF9252003F0C7F934E07B68F9
:101920001B681E4A93422FD11A4BDB69194A43F4B4
:101930000033D361174BDB6903F40033FB60FB68B2
:10194000144B9B69134A43F004039361114B9B6949
:1019500003F00403BB60BB680423BB610223FB618B
:1019600003237B6207F1180319460B4803F068FC58
:101970000823BB610023FB6100233B6207F11803CE
:101980001946054803F05CFC00BF2837BD4680BD02
:1019900000380140001002400008014000440040AF
:1019A00080B58EB000AF78600023FB620023BB627D
:1019B000002387F83330344BDB69334A43F00403A8
:1019C000D361314BDB6903F00403FB60FB6807F173
:1019D000100207F114031146184604F0EFF93B6AB0
:1019E000FB62FB6A002B03D104F0C0F9786304E0CA
:1019F00004F0BCF903465B007B637B6B234AA2FBCC
:101A000003239B0C013BBB62214B224A1A60204BF3
:101A100040F2E732DA601E4ABB6A53601C4B002278
:101A20001A611B4B00229A60194B00229A611848D8
:101A300004F012FA034687F8333097F83330002B5E
:101A40001BD1134804F060FA034687F8333097F847
:101A50003330002B11D11E2003F027F97B680F2BA8
:101A600008D8002279681E2003F003F90A4A7B682F
:101A7000136002E0012387F8333097F833301846BB
:101A80003837BD4680BD00BF0010024083DE1B43D7
:101A9000CC0B0020000800405801002080B400AFAB
:101AA00000BFFDE780B400AF00BFFDE780B400AF2A
:101AB00000BFFDE780B400AF00BFFDE780B400AF1A
:101AC00000BFFDE780B400AF00BFBD4680BC7047DB
:101AD00080B500AF024804F069FA00BF80BD00BFC6
:101AE000CC0B002080B500AF024804F0F3FC00BF2F
:101AF00080BD00BF280B002080B586B000AF7860A5
:101B0000144A154BD31A7B617B693B61134B1B68ED
:101B1000002B02D1114B124A1A60104B1A687B68D5
:101B200013443A699A4207D208F09AFA03460C2203
:101B30001A604FF0FF3309E0084B1B68FB60074B4E
:101B40001A687B681344054A1360FB681846183707
:101B5000BD4680BD0050002000040000140C002091
:101B6000B838002080B400AF00BFBD4680BC7047CD
:101B700080B400AF094BDB68084A43F08073D36040
:101B8000074B00225A60064B1B68054A43F00103CD
:101B9000136000BFBD4680BC704700BFF0ED00E0A1
:101BA000001000E080B487B000AF78600E4B1B6877
:101BB0000E4AA2FB03239B0C7B610D4B5B683B61D0
:101BC0007B687A6902FB03F3FB6000BF084B5A682D
:101BD0003B69D31AFA689A42F8D800BF00BF1C3795
:101BE000BD4680BC704700BFB000002083DE1B43B1
:101BF000001000E080B584B000AF78600B46FB7049
:101C0000FB78DB00FB700023FB730CE0FB7B7A6846
:101C100013441B78184600F085F8012005F05DFAA2
:101C2000FB7B0133FB73FA7BFB789A42EED300BF58
:101C300000BF1037BD4680BD80B500AF01224FF414
:101C40008071084803F097FC0120FFF7ABFF0022EA
:101C50004FF48071034803F08EFC6420FFF7A2FF6D
:101C600000BF80BD0008014080B582B000AF0346D0
:101C7000FB71FB7903F00103DBB21A464FF400411C
:101C8000164803F078FCFB795B10DBB203F001032C
:101C9000DBB21A464FF48041104803F06CFCFB792C
:101CA0009B10DBB203F00103DBB21A464FF4005184
:101CB0000A4803F060FCFB79DB10DBB203F00103A0
:101CC000DBB21A464FF48051044803F054FCFFF78E
:101CD000B3FF00BF0837BD4680BD00BF000C014008
:101CE00080B582B000AF0346FB7100224FF48051F3
:101CF0000B4803F040FCFB791B09DBB21846FFF7E9
:101D0000B3FFFB7903F00F03DBB21846FFF7ACFF1C
:101D10003220FFF747FF00BF0837BD4680BD00BF38
:101D20000008014080B582B000AF0346FB7101227C
:101D30004FF480510B4803F01EFCFB791B09DBB20A
:101D40001846FFF791FFFB7903F00F03DBB218464B
:101D5000FFF78AFF3220FFF725FF00BF0837BD4697
:101D600080BD00BF0008014080B582B000AF786040
:101D70007B685A1C7A601B781846FFF7D3FF7B6894
:101D80001B780A2BF4D100BF00BF0837BD4680BDC9
:101D900080B500AF0120FFF7A3FF022005F09DF9F9
:101DA00000BF80BD80B500AF0348FFF7AFF80C203F
:101DB000FFF796FF00BF80BD38B0000880B500AFC8
:101DC0000348FFF7A3F80E20FFF78AFF00BF80BD8E
:101DD00054B0000880B582B000AF03460A46FB71DC
:101DE0001346BB71BB79002B04D11248FFF78EF864
:101DF0000123BB71BB79013BBB71FB79012B02D085
:101E0000022B09D011E0BB7963F07F03BB71BB7972
:101E10001846FFF765FF08E0BB7963F03F03BB712D
:101E2000BB791846FFF75CFF00BF00BF0837BD460F
:101E300080BD00BF70B0000880B500AFFFF798FE0E
:101E400001224FF48071194803F095FB00224FF4F2
:101E50008051164803F08FFB00224FF400611348B5
:101E600003F089FB3320FFF73BFF042005F035F931
:101E70003220FFF735FF042005F02FF92820FFF767
:101E80002FFF0C20FFF72CFF0620FFF729FFFFF79D
:101E90007FFFC82005F021F94020FFF721FF062130
:101EA0000348FFF7A7FE00BF80BD00BF0008014048
:101EB000B400002080B483B000AF0346FB71FB790F
:101EC000102B77D0102BC0F29D80E42B00F39A806A
:101ED000B12BC0F29780B13B332B00F2938001A26B
:101EE00052F823F0B91F0008BD1F0008C11F0008E9
:101EF000C51F0008C91F0008CD1F0008D11F00081A
:101F0000D51F0008D91F0008DD1F0008E11F0008C9
:101F1000E51F0008E91F0008ED1F00080520000864
:101F200005200008052000080520000805200008FD
:101F300005200008052000080520000805200008ED
:101F400005200008052000080520000805200008DD
:101F500005200008052000080520000805200008CD
:101F600005200008052000080520000805200008BD
:101F700005200008052000080520000805200008AD
:101F8000052000080520000805200008052000089D
:101F9000052000080520000805200008052000088D
:101FA000F11F0008F51F0008F91F0008FD1F0008B9
:101FB00001200008174B27E0174B25E0174B23E0C3
:101FC000174B21E0174B1FE0174B1DE0174B1BE091
:101FD000174B19E0174B17E0174B15E0174B13E0A1
:101FE000174B11E0174B0FE0174B0DE0174B0BE0B1
:101FF000174B09E0174B07E0174B05E0174B03E0C1
:10200000174B01E000BF174B18460C37BD4680BC8C
:10201000704700BF98B00008ACB00008BCB0000822
:10202000C8B00008D8B00008E8B00008F4B0000854
:1020300004B1000814B1000824B1000834B100084C
:1020400040B1000854B1000864B1000874B1000840
:1020500084B1000898B10008ACB10008C0B1000814
:10206000D0B10008E0B10008F0B589B002AF4C2251
:1020700000213F4807F08EFF3E4B1B683E4A10464A
:10208000194651231A4608F017F83B4B1B7A0133C7
:10209000DBB25B00DAB2364B1A71354B1B7918464E
:1020A000FEF70EFD344B1A79314B9A703B1D334AC3
:1020B0003349184607F010FF2D4B1B791A463B1D7C
:1020C00019463048FEF722FF02210120FFF782FE69
:1020D0003B1D1846FFF748FE01210220FFF77AFE5C
:1020E000254B93F84F301946234B93F850301A463E
:1020F0002548FEF70BFF204B93F84F30234AA2FBF5
:102100000323DB08DBB21D461B4B93F84F201F4B0C
:10211000A3FB0213D9080B469B000B445B00D31AA8
:10212000DBB21E46144B93F85030184AA2FB03232F
:10213000DB08DBB21C46104B93F85020134BA3FB7B
:102140000213D9080B469B000B445B00D31ADBB289
:10215000381D0193009433462A460D4907F0BCFE12
:102160003B1D1846FFF700FE00BF1C37BD46F0BD03
:10217000180C002034020020640C0020A30C002066
:10218000F0B10008F4B1000814B20008CDCCCCCCFA
:102190002CB2000880B582B000AF03463A60FB71F4
:1021A0000B46BB71FB791846FFF784FE03461946C0
:1021B0000648FEF7ABFEB979FB793A681846FEF798
:1021C00005FE00BF0837BD4680BD00BF48B200080D
:1021D00080B582B000AF03460A46FB711346BB715F
:1021E000FB79BA7919460748FEF790FE064AFB7953
:1021F00082F85030054B01221A7000BF0837BD46E7
:1022000080BD00BF5CB20008640C0020180C0020E8
:1022100080B584B000AF0023FB600023FB72002375
:102220007B60002200211020FFF7B4FF734B1B7866
:10223000002B03D1642004F050FFF2E700BF704B85
:1022400093F82D303B71FB68DBB23A1D1946B8207C
:10225000FFF7A0FF6A4B9B79002B01D1694B00E08F
:10226000694B19466948FEF751FE654B9B793B71F6
:10227000624B1B793A1D1946BC20FFF78BFF604B60
:10228000B3F837309BB23B817B7A3B713B7A7B71F1
:102290003B1D1A460021BE20FFF77CFF584B9B795F
:1022A000012B22D10023FB6019E0554AFB6813443F
:1022B0002E331B783B71FB68DBB23A1D1946BD20FB
:1022C000FFF768FF0122FB6802FA03F35AB297F99D
:1022D0000B3013435BB2FB72FB680133FB60474B6F
:1022E0001B791A46FB689342DFDB0023FB6034E076
:1022F000434AFB6804335B001344B3F801309BB2DC
:102300003B817B7A3B713B7A7B71FB68DBB23A1D88
:102310001946B220FFF73EFF394AFB680C335B00D9
:102320001344B3F803309BB23B817B7A3B713B7A19
:102330007B71FB68DBB23A1D1946B320FFF72AFF19
:102340000122FB6802FA03F35AB297F90B301343E8
:102350005BB2FB72FB680133FB60284B1B791A46AA
:10236000FB689342C4DB3B1D04220021184607F0A2
:1023700011FE234B5B79002B02D1FF23FB7101E09F
:102380000123FB713B1D1A460021B420FFF702FF19
:102390003B1D04220021184607F0FCFDFB7AFB716F
:1023A000164B1B793A1D1946B520FFF7F3FE144B67
:1023B0005B793B7101237B71FB68DBB23A1D1946E7
:1023C000B120FFF7E7FE0E4BD3F839307B603B1DA1
:1023D0001A460021E320FFF7DDFE094BB3F83D303C
:1023E0009BB23B803B88BB803B1D1A460021E4200A
:1023F000FFF7D0FE00BF1037BD4680BD180C00208F
:10240000640C002084B200088CB2000894B200086A
:1024100080B500AF104B9B7B002B1AD00E4B1B7C62
:1024200001211846FFF7D6FC0B4BDB7B83F0010341
:10243000DAB2094BDA73084BDB7B1A4613469B0072
:1024400013449B001033044A134401331846FFF72A
:102450008BFC00BF80BD00BF180C002090B587B07A
:1024600000AF03460A46FB711346BB710D233B6167
:10247000FB791846FEF770FD0446BB791846FEF757
:10248000E5FD0246154B5B7821461548FEF73EFDFB
:10249000FB793B72BB799BB27B8100237B6115E0AA
:1024A000104A7B6912F83330FA799A420BD10D4AFF
:1024B0007B69DB0013445B6807F1080292E80300C4
:1024C0009847034606E07B6901337B613B69002B3B
:1024D000E6D1102318461C37BD4690BD180C0020CD
:1024E000B0B20008E400002090B591B002AF0346FE
:1024F000FB7107F1200300221A605A609A60DA60CB
:102500001A6107F10C0300221A605A609A60DA60BF
:102510001A61BF4BDB7887F83730BD4BDB7801336E
:1025200087F83630FB7997F837201946B948FEF717
:10253000EDFCFB79142B00F2188201A252F823F073
:102540009525000895250008DB250008DB250008F7
:1025500021260008212600086726000867260008B3
:10256000BF260008E72600080F27000837270008C5
:102570006B2900085F2700087F270008BD27000897
:10258000E1270008A9280008C5280008DF2800085E
:10259000F9280008FB79002B08D197F8362007F1BD
:1025A00020039D49184607F097FC05E007F120033A
:1025B0009A49184607F090FC97F83730984A043348
:1025C0005B001344B3F801309BB21A4607F10C03C9
:1025D0009449184607F080FCCEE1FB79022B08D124
:1025E00097F8362007F120038F49184607F074FC4E
:1025F00005E007F120038D49184607F06DFC97F8B8
:102600003730874A04335B001344B3F801309BB280
:102610001A4607F10C038649184607F05DFCABE14A
:10262000FB79042B08D197F8362007F12003814964
:10263000184607F051FC05E007F120037E491846D3
:1026400007F04AFC97F83730754A0C335B001344A7
:10265000B3F803309BB21A4607F10C0374491846CD
:1026600007F03AFC88E1FB79062B08D197F8362071
:1026700007F120037149184607F02EFC05E007F129
:1026800020036F49184607F027FC654B93F82D305F
:10269000002B01D06B4A00E06B4A07F10C036B4939
:1026A000184607F019FC07F10C0311221946684877
:1026B00007F002FD6749684807F00EFC5CE107F18E
:1026C00020036649184607F007FC554B5B79002B41
:1026D00001D0634A00E0634A07F10C0362491846DF
:1026E00007F0FAFB48E107F120036049184607F0BC
:1026F000F3FB4B4B5B79002B01D0594A00E0594A60
:1027000007F10C035849184607F0E6FB34E107F1DE
:1027100020035749184607F0DFFB414B9B79002BFC
:1027200001D0544A00E0544A07F10C0353491846BB
:1027300007F0D2FB20E107F120035149184607F0CA
:10274000CBFB97F83730364A134493F82E301A46AD
:1027500007F10C034B49184607F0BEFB0CE107F1EB
:1027600020034949184607F0B7FB2D4BDB791A4681
:1027700007F10C034549184607F0AEFBFCE007F1F2
:1027800020034349184607F0A7FB254B93F839303F
:102790001946234B93F83A301C46214B93F83B30B3
:1027A0001A461F4B93F83C3007F10C00019300923E
:1027B00023460A46374907F08FFBDDE007F1200387
:1027C0003349184607F088FB154BB3F83D309BB2F0
:1027D0001A4607F10C033049184607F07DFBCBE0A1
:1027E00007F120032D49184607F076FB084B9B782C
:1027F000012B06D107F10C032949184607F06CFBA1
:10280000BAE007F10C032749184607F065FBB3E06F
:10281000180C0020D4B20008FCB2000810B3000865
:10282000640C002024B3000834B3000848B3000847
:102830005CB300086CB3000880B3000894B30008D0
:10284000A8B30008BCB30008C4B30008CCB30008A8
:10285000290C0020DCB300083D0C0020F0B3000878
:1028600004B400080CB4000814B4000824B4000830
:1028700038B400084CB4000850B4000854B4000840
:1028800068B400087CB4000890B40008A4B4000840
:10289000B8B40008CCB40008E4B40008F8B40008E8
:1028A0000CB5000820B5000807F12003444A45494B
:1028B000184607F011FB07F10C034349184607F0CF
:1028C0000BFB59E007F120034049184607F004FBD1
:1028D00007F10C033E49184607F0FEFA4CE007F1F9
:1028E00020033C49184607F0F7FA07F10C033A4970
:1028F000184607F0F1FA3FE0384B93F84F30384A6A
:10290000A2FB0323DB08DBB21C46344B93F84F20B9
:10291000334BA3FB0213D9080B469B000B445B000F
:10292000D31ADBB207F1200022462E4907F0D4FA71
:102930002A4B93F850302A4AA2FB0323DB08DBB270
:102940001C46264B93F85020254BA3FB0213D908B5
:102950000B469B000B445B00D31ADBB207F10C0063
:102960002246214907F0B8FA06E0FB7919461F48CC
:10297000FEF7CCFA01231EE007F1200319461C489C
:10298000FEF7C4FA07F10C0319461A48FEF7BEFA1F
:1029900001210120FFF71EFA07F120031846FFF777
:1029A000E3F901210220FFF715FA07F10C0318469D
:1029B000FFF7DAF9002318463C37BD4690BD00BF4B
:1029C000A30C002034B500083CB5000850B5000841
:1029D00064B5000878B500088CB50008640C0020C8
:1029E000CDCCCCCCA0B50008B8B50008D0B5000857
:1029F000ECB5000800B6000880B584B000AF03460F
:102A00003960FB80FB88FB60FB88002B08D11B4BE7
:102A1000DB7A01331A460021386807F0BBFA2AE056
:102A2000164BDB7ABB6023E0BB683A681344FF2295
:102A30001A70FB68002B18D0FA68114B83FB021345
:102A40009910D317C91A0B469B000B445B00D11A8F
:102A5000BB683A6813444AB21A70FB68084A82FBA2
:102A600003129210DB17D31AFB60BB68013BBB60FB
:102A7000BB68002BD8DA1037BD4680BD180C00208B
:102A80006766666680B485B000AF78600023BB607F
:102A90000023FB6016E0FB687A68134493F900306A
:102AA000002B0CDBBA6813469B0013445B001946ED
:102AB000FB687A68134493F900300B44BB60FB68F1
:102AC0000133FB60054BDB7A1A46FB689342E2DD7B
:102AD000BB6818461437BD4680BC7047180C0020F0
:102AE00080B58AB002AF3B4683E803000323FB773F
:102AF000984BFB60984A07F1080312681146198049
:102B00000233120C1A7007F10803BB61934B1B7957
:102B10000133FB74924B9B79012B04D107F10C0319
:102B2000BB610423FB778D4B00225A717B88202BDD
:102B300000F2508101A252F823F000BFC12B00081F
:102B4000592C0008D32B0008D52D0008112C0008A3
:102B5000D52D0008D52D0008D52D0008D52D00084D
:102B6000D52D0008D52D0008D52D0008D52D00083D
:102B7000D52D0008D52D0008D52D0008412D0008C1
:102B8000D52D0008D52D0008D52D0008D52D00081D
:102B9000D52D0008D52D0008D52D0008D52D00080D
:102BA000D52D0008D52D0008D52D0008D52D0008FD
:102BB000D52D0008D52D0008D52D0008C12B000803
:102BC000664BDB78082B40F20781644B0022DA70F9
:102BD00002E1624BDB78082B03D1604B0022DA70F4
:102BE0000BE05E4BDB780133FA7C93FBF2F101FBE7
:102BF00002F29B1ADAB2594BDA70584BDA78574B1B
:102C00001B799A4240F0EA80544B0822DA70E5E0E2
:102C1000524BDB78082B06D1504B1B79013BDAB2C3
:102C20004E4BDA700DE04D4BDB785A1EFB7C1344A3
:102C3000FA7C93FBF2F101FB02F29B1ADAB2474BEA
:102C4000DA70464BDA78454B1B799A4240F0C880DF
:102C5000424B0822DA70C3E0404BDA78414B1B78D4
:102C60009A4206D0404B00221A703C4BDA783D4B1A
:102C70001A703A4BDB78082B35D1394B9B79012BF5
:102C80001FD1394B1B781A46BB6913441B780B2B99
:102C90000CD0354B1B781A46BB6913441B780133A3
:102CA000DBB21846FFF720FC786126E02E4B1B783C
:102CB0001A46BB6913441B781846FFF715FC786168
:102CC0001BE0294B1B78FA7F9A4216D9264B1B78BA
:102CD0001A46BB6913441B780133DBB21846FFF771
:102CE00003FC786109E0204B1B781A46BB6913444A
:102CF0001B781846FFF7F8FB78617B69002B0FD033
:102D0000164BDB781946184B1B781A46FB7F01934C
:102D100000920B464FF4107214491548FEF7F6F86E
:102D2000114B1B780133DAB20F4B1A700E4B1B7824
:102D3000FA7F9A4202D80C4B00221A70102367E0E7
:102D4000064BDB78082B15D10320FFF7CDFB78610C
:102D500014E000BF0204060B80B60008180C002027
:102D6000640C002054010020B50C0020A0B900081C
:102D700014B600080220FFF7B7FB78617B69002BCF
:102D800005D040F24E2224492448FEF7BFF8244BD8
:102D9000DB78244A04335B001344B3F801309AB261
:102DA0001F4B9A811E4B0D225A711D4B0422DA7261
:102DB0001B4B9B891C491846FFF71EFE184B93F9C5
:102DC0000530DBB219460220FFF704F8FEF7F6FFE4
:102DD00002231DE000BF04E000BF02E000BF00E0EE
:102DE00000BF0F4BDB78082B04D00020FFF77CFBE3
:102DF000786103E00120FFF777FB78617B69002BA6
:102E000005D040F2652204490448FEF77FF81023FC
:102E100018462037BD4680BDA0B900085CB6000842
:102E2000180C0020640C00201E0C0020B0B58EB0E1
:102E300000AF3B4683E803003B7887F83730BA4B56
:102E400093F9053087F82B30B74B93F90530DBB297
:102E5000093B87F82A30002387F83630B24BDB78FD
:102E600087F829300023FB60AF4B93F905301D46EE
:102E700097F82A407B881846FEF7E8F80346224672
:102E80002946AA48FEF742F87B88013B0B2B00F24B
:102E9000ED8101A252F823F05D300008C92E000830
:102EA0006D3200086D2F00086D3200086D32000889
:102EB0006D320008A13100086D32000811300008A1
:102EC0006D32000837300008974B93F90630052B18
:102ED00006D197F82A30002B02D097F83730F6E168
:102EE00097F82A30002B21D197F82A308E4A1A44BD
:102EF00092F90620D2B20132D2B251B28A4A1344B8
:102F00000A469A7197F82A30874A134493F9063093
:102F1000052B05DD97F82A30834A134400229A7165
:102F200004220021824807F035F81BE097F82A3088
:102F30007D4A1A4492F90620D2B20132D2B251B27D
:102F4000794A13440A469A7197F82A30764A13440C
:102F500093F90630092B05DD97F82A30724A13449D
:102F600000229A71012387F836307FE16E4B93F986
:102F70000630052B06D197F82A30002B02D097F89F
:102F80003730A4E197F82A30002B21D197F82A3066
:102F9000654A1A4492F90620D2B2013AD2B251B22D
:102FA000614A13440A469A7197F82A305E4A1344DC
:102FB00093F90630002B05DA97F82A305A4A134461
:102FC00005229A7104220021594806F0E3FF1BE014
:102FD00097F82A30544A1A4492F90620D2B2013A9C
:102FE000D2B251B2504A13440A469A7197F82A3025
:102FF0004D4A134493F90630002B05DA97F82A302E
:10300000494A134409229A71012387F836302DE189
:10301000454B93F90530DBB2013BDBB25AB2424B70
:103020005A71414B93F90530082B00F31A813E4B3E
:103030000D225A7115E13C4B93F90530DBB2013397
:10304000DBB25AB2384B5A71374B93F905300D2B1E
:1030500040F30981344B09225A7104E13B78022B79
:103060001BD13448FFF70EFD024697F8293091B284
:10307000314A04335B0013440A46A3F80120B2230B
:1030800087F8353097F829302B4A04335B00134416
:10309000B3F801309BB23B821AE02648FFF7F2FCFE
:1030A000024697F8293091B2234A0C335B0013444F
:1030B0000A46A3F80320B32387F8353097F8293060
:1030C0001D4A0C335B001344B3F803309BB23B82C0
:1030D00097F82930082B0DD07B7C3B733B7C7B73AE
:1030E00007F10C0297F8291097F835301846FFF7CA
:1030F00051F84AE00023FB6241E097F83530B22BEB
:103100001CD197F829300C4A04335B001344B3F800
:10311000013099B2084AFB6A04335B0013440A4643
:10312000A3F801201BE000BF180C002084B60008A3
:103130001F0C00201E0C0020640C002097F8293082
:10314000654A0C335B001344B3F8033099B2624A0A
:10315000FB6A0C335B0013440A46A3F803207B7C14
:103160003B733B7C7B73FB6AD9B207F10C0297F887
:1031700035301846FFF70EF8FB6A0133FB62574BF8
:103180001B791A46FB6A9342B7DB00F0B3F803469B
:10319000102B05D0112387F8373097F8373096E099
:1031A0003B78022B3ED14E48FDF7B0FE97F8293010
:1031B000082B04D10520FFF797F9386303E00420BA
:1031C000FFF792F938633B6B002B05D040F2D32216
:1031D00044494548FDF79AFE032387F8373097F8AE
:1031E00029303D4A0C335B001344B3F803309AB2E4
:1031F0003A4B9A81394B0D225A71384B0422DA72BC
:10320000364B9B8939491846FFF7F6FB334B93F948
:103210000530DBB219460220FEF7DCFD012387F8FA
:10322000363014E03B78032B11D197F82930082B66
:1032300004D10720FFF758F9386303E00620FFF7B1
:1032400053F93863042387F83730FEF7ABFD3B6B47
:10325000002B0AD04FF43A7222492348FDF756FE5C
:1032600003E000BF02E000BF00E000BF97F8363087
:10327000002B1AD01D48FFF705FC024607F1140386
:103280001B49184606F028FE01210220FEF7A2FD88
:1032900007F114031846FEF767FD104B93F905304C
:1032A000DBB219460220FEF795FD0C4B93F9053071
:1032B0001A4697F82B309A4207D0084B93F90530FD
:1032C000DBB219460220FEF785FD97F83730184625
:1032D0003837BD46B0BD00BF640C0020180C00207C
:1032E000A8B60008B4B900085CB600081E0C00209F
:1032F000C4B6000880B500AF094B1B68094A1846E0
:10330000114651231A4606F0D7FEFDF781FA03460F
:10331000002B01DA112300E01023184680BD00BF06
:1033200034020020640C002080B582B000AF00237E
:103330007B60FDF7D5F9064B9B783B713B1D1A4628
:103340000021E020FEF726FF00BF0837BD4680BD04
:10335000180C002080B588B000AF3B4683E803001E
:103360003B78FB770023FB60FB7F042B04D1A54B4C
:1033700093F82D30BB770CE0FB7F062B03D1A14BDC
:103380005B79BB7705E0FB7F072B02D19D4B9B79D7
:10339000BB77FB7F1846FDF7DFFD0146BB7F1A4672
:1033A0009948FDF7B3FD7B88102B00F2248201A21F
:1033B00052F823F0AB360008AB340008F9330008AC
:1033C000F7370008F9330008F7370008F737000827
:1033D000F73700087F370008F7370008F73700088D
:1033E000F7370008F7370008F7370008F737000805
:1033F000F7370008AB360008844B5B78002B01D10F
:10340000FB7FFEE1BB7F83F00103BB77FB7F042BD7
:1034100012D1BB7F002B01D17D4B00E07D4B1A46C2
:103420007D497E4806F058FD764ABB7F82F82D30F4
:103430007B4BB8221A7028E0FB7F062B11D1BB7F93
:10344000002B01D1774B00E0774B1A467749734840
:1034500006F042FD6B4ABB7F5371714BB1221A706B
:1034600013E0FB7F072B10D1BB7F002B01D1704BEA
:1034700000E0704B1A467049684806F02DFD614A1D
:10348000BB7F9371664BBC221A70BB7F634A19469F
:103490006A48FDF73BFD5D4B1B7C01211846FEF79A
:1034A00099FC5E48FEF760FCAAE1584B5B78002B64
:1034B00000F0A381554B00229A73544B00225A709E
:1034C000524B9B7B1846FDF719F9FB7F042B15D156
:1034D0004E4BDB78082B11D100237B6108E0494B70
:1034E00093F82D20474B83F82D207B6901337B61B6
:1034F000464B1B791A467B699342F0DBFFF7FAFED5
:103500000346FB77FB7F102B01D0112379E1444B5D
:103510001B78B12B10D1BB7F002B02D1FF23FB7393
:1035200001E00123FB73394B1B7907F10C021946AB
:10353000B420FEF72FFE3FE0394B1B78BC2B3BD16C
:10354000304B9B79012B37D12E4BB3F837309BB2E0
:103550003B817B7A3B733B7A7B7307F10C031A4602
:103560000021BE20FEF716FE00233B6110E0254A35
:103570003B6913442E331B783B733B69DBB207F185
:103580000C021946BD20FEF705FE3B6901333B6185
:103590001E4B1B791A463B699342E8DB194B93F8A3
:1035A0002D303B7301237B73184B1B7907F10C0201
:1035B0001946B820FEF7EEFD3B78042B44D1114BA1
:1035C0009B79002B09D10123FB77104B0022DA7085
:1035D0000020FEF789FFB86109E00A4B9B79012BB7
:1035E00005D10523FB770B20FEF77EFFB861BB6991
:1035F000002B3BD040F28A3211491248FDF786FC7D
:1036000034E000BF640C0020D8B60008180C00207D
:10361000C4B30008BCB30008CCB30008290C0020D8
:10362000B60C00200CB4000804B4000814B4000860
:1036300050B400084CB40008FCB6000810B70008ED
:10364000C8B900085CB600080123FB776F4B002265
:10365000DA700020FEF748FFB861BB69002B05D087
:1036600040F291326A496B48FDF750FC6A4B1B7877
:103670001946BB7F1A466948FDF748FCBB7F3B7380
:1036800001237B73644B1B78604A117907F10C02AC
:103690001846FEF77FFDFB7F1846FDF75DFC0346ED
:1036A00019465F48FDF732FCA7E07B88102B38D124
:1036B000FB7F062B1FD1BB7F012B01D1594B00E0B3
:1036C000594B1A4659495A4806F006FC59495A4876
:1036D00006F002FC0920FEF707FFB8614E4BB1224D
:1036E0001A70BB69002B38D040F2AB3248494948C8
:1036F000FDF70CFC31E0FB7F072B2ED1BB7F002BAD
:1037000001D14E4B00E04E4B1A464E49484806F058
:10371000E3FB4849484806F0DFFB3F4BBC221A70E8
:103720001BE07B88002B15D1FB7F042B15D1BB7FC1
:10373000012B01D1444B00E0444B1A4644493C481C
:1037400006F0CAFB43493C4806F0C6FB324BB822A0
:103750001A7002E04048FDF7D9FB2C4B01225A7049
:103760002A4B0022DA73294B02221A74274B0122BA
:103770009A73264B9B7B1846FCF7C0FF40E0FB7F0B
:10378000042B16D1214BDB78082B04D10720FEF740
:10379000ABFEB86103E00620FEF7A6FEB861BB6988
:1037A000002B2CD040F2CD3219491A48FDF7AEFB60
:1037B00025E0FB7F062B0DD10820FEF795FEB861B2
:1037C000BB69002B1BD040F2D23211491148FDF7E2
:1037D0009DFB14E0FB7F072B11D10A20FEF784FE2E
:1037E000B861BB69002B0AD040F2D93208490948B8
:1037F000FDF78CFB03E000BF02E000BF00E000BF6C
:10380000FB7F18462037BD4680BD00BF180C002046
:10381000C8B900085CB60008B60C002030B7000834
:103820004CB7000804B400080CB4000814B4000835
:10383000290C00208CB500083D0C002050B4000875
:103840004CB4000864B70008BCB30008C4B3000857
:10385000CCB30008DCB3000878B7000880B58CB0A2
:1038600000AF3B4683E803003B7887F82F308F4B4F
:10387000DB781A468E4B134493F82E3087F82730A6
:103880000023FB61894BDB7887F8263097F82630D8
:1038900097F8272019468748FDF738FB7B88082BC7
:1038A00000F2C48001A252F823F000BF0B3A0008D6
:1038B00031390008D13800082D3A000801390008D4
:1038C0002D3A00082D3A00082D3A00082D3A00083C
:1038D00097F82620764B134493F82E30591CC8B223
:1038E00073490A44014682F82E10632B40F2A080EF
:1038F00097F826306E4A1344002283F82E2097E072
:1039000097F826206A4B134493F82E30591EC8B2FC
:1039100067490A44014682F82E10002B40F08A8045
:1039200097F82630624A1344642283F82E2081E0FF
:103930005E4B5B78002B57D0FEF734FA5B4B0022CE
:103940005A7097F82630082B0FD097F82630584A2F
:10395000134493F82E303B7707F11C0297F826307A
:103960001946BD20FEF716FC32E097F8261097F8AE
:1039700026304F4A134493F82E301A464E48FDF72E
:10398000C5FA0023BB621DE097F82630484A13446D
:1039900093F82E10464ABB6A13442E330A461A7017
:1039A00097F82630424A134493F82E303B77BB6A8F
:1039B000DBB207F11C021946BD20FEF7EBFBBB6A28
:1039C0000133BB62394B1B791A46BB6A9342DBDB7E
:1039D000FFF790FC034687F82F3097F82F30112B14
:1039E00002D197F82F305DE0012387F82F300020B7
:1039F000FEF77AFD38623B6A002B1DD04FF48262DD
:103A00002E492F48FDF782FA16E0284B01225A7002
:103A1000264B0B225A71254B93F90530DBB2194620
:103A20000220FEF7D7F9FEF7C9F906E000BF04E06F
:103A300000BF02E000BF00E000BF97F826301C4A3C
:103A4000134493F82E3097F827209A4228D097F8FD
:103A50002630174A134493F82E301A4607F108030C
:103A60001849184606F038FA01210220FEF7B2F98B
:103A700007F108031846FEF777F997F826300C4A45
:103A8000134493F82E303B7797F82630082B07D055
:103A900007F11C0297F826301946BD20FEF77AFB85
:103AA00097F82F3018463037BD4680BD180C0020DF
:103AB000640C00208CB70008ACB70008E0B900081F
:103AC0005CB60008D0B7000880B586B000AF3B46B2
:103AD00083E803003B78FB755B4BDB79BB75002308
:103AE000FB607B88013B0F2B00F2918001A252F812
:103AF00023F000BF653B0008353B00080F3C000881
:103B00004D3B00080F3C00080F3C00080F3C00082C
:103B1000ED3B00080F3C00080F3C00080F3C00087C
:103B20000F3C00080F3C00080F3C00080F3C000849
:103B3000B33B0008444BDB795A1CD1B2424AD171E5
:103B4000092B66D9404B0122DA7162E03E4BDB79EA
:103B50005A1ED1B23C4AD171012B5CD83A4B0A2291
:103B6000DA7158E0394B01229A70384B5B78002BA0
:103B70000ED0FEF717F9354B00225A70334B9B7865
:103B80003B7307F10C031A460021E220FEF702FB0B
:103B90002D4B01221A71FFF7ADFB0346FB75FB7D30
:103BA000112B01D1FB7D4BE00B23FB75FFF7BCFB19
:103BB00034E0264B01225A70244B0E225A710D20FC
:103BC000FEF792FC38613B69002B04D040F255416E
:103BD0001F48FDF79BF91D4B93F90530DBB21946E1
:103BE0000220FEF7F7F8FEF7E9F817E0174B5B78CD
:103BF000002B12D10D20FEF777FC38613B69002BBA
:103C00000BD040F25E411248FDF780F905E000BF9D
:103C100004E000BF02E000BF00E000BF0A4BDB7918
:103C2000BA7D9A420BD00D20FEF75EFC38613B69ED
:103C3000002B04D04FF48D610648FDF767F9FB7D3A
:103C400018461837BD4680BD640C0020180C0020B3
:103C5000E4B7000800B8000880B584B000AF786011
:103C60000B46FB707868FEF70DFF0346FB811A4B8D
:103C700093F846307B73F978FA897B7B1748FDF718
:103C800045F9FB89FF2B22D97B7B002B03D17B6875
:103C900000221A701BE0FB78002B05D07B7B7A6832
:103CA000134400221A7012E07B7B012B0AD17B683F
:103CB00002331B78052B05D97B7B7A6813440422D9
:103CC0001A7004E07B7B7A68134405221A7000BFE7
:103CD0001037BD4680BD00BF180C00201CB800087E
:103CE000F0B58FB002AF3B4683E803003B7887F81E
:103CF0002F3007F1200300210A461A800A469A70E5
:103D0000002387F82730B44B93F9053087F8263025
:103D10007B88102B00F2208201A252F823F000BF12
:103D20004941000841400008653D0008594100082C
:103D3000653D0008594100085941000859410008F3
:103D40004941000859410008033F00085941000853
:103D5000953F0008594100085941000859410008A1
:103D6000D74000089C4B5B78002B02D197F82F308E
:103D70000BE20023BB622EE0974B93F845301946C7
:103D8000954A0B465B000B441A44BB6A1344393313
:103D900093F90030002B06DA07F12002BB6A1344C6
:103DA00000221A7014E08C4B93F8453019468A4A69
:103DB0000B465B000B441A44BB6A1344393393F936
:103DC0000030D9B207F12002BB6A13440A461A70C8
:103DD000BB6A0133BB62BB6A022BCDDD7B88022B41
:103DE00023D17D4B93F8463030333B4413F8103CDD
:103DF000092B08D1784B93F8463030333B440022EE
:103E000003F8102C0DE0744B93F8463003F13002A8
:103E10003A4412F8102C0132D2B230333B4403F84A
:103E2000102C012387F827301FE06B4B93F84630A6
:103E300030333B4413F8103C002B08D1664B93F809
:103E4000463030333B44092203F8102C0DE0624B1E
:103E500093F8463003F130023A4412F8102C013A3C
:103E6000D2B230333B4403F8102C97F8272007F1E7
:103E7000200311461846FFF7EFFE574B93F84530E5
:103E80001A4613465B0013443833534A1344013334
:103E90001A4607F1200319889B78118093704F48C8
:103EA000FEF7F0FD0346DBB21D464D48FEF7EAFD86
:103EB0000346DBB21E464B48FEF7E4FD0346DBB289
:103EC0001C464948FEF7DEFD0346DBB207F10C0055
:103ED0000193009433462A46444905F0FDFF012131
:103EE0000220FDF777FF07F10C031846FDF73CFFB2
:103EF000394B93F90530DBB219460220FDF76AFF12
:103F000031E1354B5B78002B02D197F82F303CE143
:103F1000314B93F90530DBB2013BDBB25AB22E4B89
:103F20005A712D4B93F90530002B0BDC2A4B0F22D5
:103F30005A71294B032283F84520274B022283F82C
:103F4000462010E1244B93F84630013BDAB2224B75
:103F500083F84620204B93F90530DBB203F00303CE
:103F6000DBB2002B40F0FA801B4B93F90530DBB23B
:103F7000013BDBB25AB2184B5A71174B93F84530DC
:103F8000013BDAB2144B83F84520134B022283F82D
:103F90004620E3E0104B5B78002B02D197F82F30DE
:103FA000F3E00D4B93F90530DBB20133DBB25AB2CB
:103FB000094B5A71084B93F905300F2B18DD064B4E
:103FC00001225A71044B002283F84520024B002243
:103FD00083F84620C7E000BF180C0020510C0020D9
:103FE000540C0020570C00205A0C0020CCB40008C0
:103FF000684B93F846300133DAB2664B83F84620BB
:10400000644B93F90530DBB203F00303DBB2002B02
:1040100040F0A6805F4B93F90530DBB20133DBB291
:104020005AB25C4B5A715B4B93F845300133DAB2AC
:10403000584B83F84520574B002283F846208FE0E9
:10404000544B5B78002B35D0FDF7ACFE0023BB62F0
:1040500015E0BA6A13465B00134438334D4A1344E3
:1040600001331846FEF70EFD0346D9B24A4ABB6A31
:10407000134439330A461A70BB6A0133BB62BB6A08
:10408000032BE6DDFFF736F9034687F82F30414B67
:1040900000225A7097F82F30112B02D197F82F3049
:1040A00073E03E4A0021E320FEF774F80A2387F804
:1040B0002F3058E0384B02221A71FFF71BF90346E4
:1040C00087F82F30334B02229A700B2387F82F305A
:1040D000FFF72AF947E02F4B0222DA720023BB6276
:1040E00013E02D4ABB6A134439331B781846BA6A69
:1040F00013465B0013443833264A134401331946F0
:10410000FEF77AFCBB6A0133BB62BB6A032BE8DDB6
:10411000204B0F225A711F4B032283F845201D4B61
:10412000022283F846201B4B01225A70194B93F947
:104130000530DBB219460220FDF74CFEFDF73EFECE
:104140000E20FEF7D1F90EE0124B5B78002B09D15F
:104150000E20FEF7C9F905E000BF04E000BF02E051
:1041600000BF00E000BF0B4B93F905301A4697F8EB
:1041700026309A4207D0074B93F90530DBB2194637
:104180000220FDF727FE97F82F3018463437BD463A
:10419000F0BD00BF180C0020640C00209D0C002016
:1041A00080B58EB000AF3B4683E803003B7887F8CC
:1041B0003730B84B93F9053087F82B300123FB6279
:1041C0000023FB607B88102B00F2968101A252F83D
:1041D00023F000BFE9440008254400081942000804
:1041E000F944000819420008F9440008F94400089D
:1041F000F9440008E9440008F94400088D43000828
:10420000F9440008D9430008F9440008F9440008BB
:10421000F9440008A94400089E4B5B78002B02D1AA
:1042200097F837307AE19B4A07F124034732106848
:10423000186012791A717B88022B1BD1954B93F869
:10424000463038333B4413F9143C5A1C924B83FBE1
:1042500002139910D317C91A0B469B000B445B003D
:10426000D11A8C4B93F846304AB238333B4403F8AA
:10427000142C1EE0874B93F8463038333B4413F937
:10428000143C03F10902844B83FB02139910D317EA
:10429000C91A0B469B000B445B00D11A7D4B93F867
:1042A00046304AB238333B4403F8142C4FF0FF3306
:1042B000FB6207F124031846FEF7E4FB38633CE099
:1042C000744B93F8463038333B4413F9143CDAB25C
:1042D000FB6ADBB21344DAB26E4B93F8463052B24B
:1042E00038333B4403F8142C6A4B93F84630383388
:1042F0003B4413F9143C092B08DD664B93F8463018
:1043000038333B44002203F8142C10E0614B93F83F
:10431000463038333B4413F9143C002B07DA5D4B2D
:1043200093F8463038333B44092203F8142C07F144
:1043300024031846FEF7A6FB38633B6BB3F5806F8A
:10434000BEDB3B6BB3F5803FBADC524B473307F122
:1043500024021068186012791A7107F110033A6B81
:104360004E49184605F0B8FD01210220FDF732FD47
:1043700007F110031846FDF7F7FC464B93F905309B
:10438000DBB219460220FDF725FDB5E0414B5B7815
:10439000002B02D197F83730C0E03E4B93F905303F
:1043A000DBB2013BDBB25AB23A4B5A71394B93F94B
:1043B0000530072B07DC374B0C225A71354B042292
:1043C00083F8462098E0334B93F84630013BDAB24D
:1043D000304B83F846208FE02E4B5B78002B02D1C8
:1043E00097F837309AE02B4B93F90530DBB2013365
:1043F000DBB25AB2274B5A71264B93F905300C2B7E
:1044000007DD244B08225A71224B002283F84620F4
:1044100072E0204B93F846300133DAB21D4B83F83B
:10442000462069E01B4B5B78002B17D0FDF7BAFCE8
:104430001B48FEF727FB03469AB21A4BA3F83D2010
:10444000184BB3F83D309BB23B813B89BB8107F1F0
:104450000C031A460021E420FDF79CFE114B0222BA
:104460001A710C4B00225A70FEF744FF034687F87E
:10447000373097F83730112B02D197F837304DE0AD
:10448000044B02229A700B2387F83730FEF74CFF5B
:1044900032E000BF180C002067666666E4B40008CE
:1044A0005F0C0020640C00201E4B01225A701D4B33
:1044B0000C225A711B4B0422DA721A4B042283F825
:1044C0004620194BB3F83D309BB218491846FEF709
:1044D00093FA144B93F90530DBB219460220FDF72D
:1044E00079FCFDF76BFC07E00E4B5B78002B02D1EB
:1044F0000F20FDF7F9FF00BF0A4B93F905301A466C
:1045000097F82B309A4207D0064B93F90530DBB26F
:1045100019460220FDF75EFC97F837301846383709
:10452000BD4680BD180C0020640C00205F0C0020EC
:1045300080B584B000AF3B4683E803003B78FB7353
:104540000023BB607B881846FCF780FD03461946B4
:104550001348FCF7DBFC7B88202B06D0202B19DCD2
:10456000002B13D0082B11D014E007F108031A46D2
:104570000021BB20FDF70EFEFDF74AFE094B00228D
:104580001A71FEF7B7FE0123FB7303E01020FDF75D
:10459000ABFF00BFFB7B18461037BD4680BD00BF98
:1045A00044B80008640C002080B485B000AF034616
:1045B000FB710023FB600BE00A4AFB6813441B7885
:1045C000FA799A4201D1FB6806E0FB680133FB608F
:1045D000FB68402BF0D9002318461437BD4680BC39
:1045E000704700BF5CB9000880B584B000AF786048
:1045F0007B681B781846FFF7D7FFF860FB6801332C
:104600001946084BA3FB01239A0913469B01134447
:10461000CA1A054B9A5C7B681A7000BF1037BD46FA
:1046200080BD00BFFDC00FFC5CB9000880B588B03C
:1046300000AF3B4683E803003B78FB77554B93F98B
:104640000530BB777B88013B0B2B00F2838001A2F6
:1046500052F823F00B47000885460008274700085A
:10466000854600085547000855470008554700088B
:104670005547000855470008CF4600085547000831
:10468000ED460008434B93F905303833424A134452
:1046900007331846FFF7A8FF07F108033F4A4049D0
:1046A000184605F019FC01210120FDF793FB07F1E5
:1046B00008031846FDF758FB364B93F90530DBB27B
:1046C0000133DBB219460120FDF784FB42E0314B98
:1046D00093F905300F335A4203F00F0302F00F0233
:1046E00058BF53425AB22B4B5A7133E0294B93F9BE
:1046F000053001335A4203F00F0302F00F0258BF96
:1047000053425AB2234B5A7124E0FDF74BFB214B25
:1047100000225A70FEF7EEFD0346FB77FB7F112B5C
:1047200017D1FB7F31E01B4B01225A70194B02223B
:104730005A71184B93F90530DBB20133DBB21946DD
:104740000120FDF747FBFDF739FB1120FDF7CCFEFB
:1047500000E000BF0F4B93F905301946BB7F1A46A6
:104760001048FCF7D3FB0B4B93F905301A46BB7F7F
:104770009A4209D0074B93F90530DBB20133DBB223
:1047800019460120FDF726FBFB7F18462037BD4662
:1047900080BD00BF180C0020640C0020A30C00207A
:1047A000F0B100085CB8000880B584B000AF3B46AB
:1047B00083E803001023FB730023BB607B8818464B
:1047C000FCF744FC034619461F48FCF79FFB7B8817
:1047D000012B02D0052B2BD030E007F108031A463D
:1047E0000021B920FDF7D6FC184B1B7A1846FBF7C1
:1047F000C9FF4C220021164805F0CCFB154B1B6865
:10480000124A1046194651231A4605F055FC0F4B23
:104810001B7A0133DBB25B00DAB20D4B1A710C4B21
:104820001B791846FCF74CF90020FDF75DFE05E00A
:104830001220FDF759FE3B78FB7300BFFB7B184647
:104840001037BD4680BD00BF7CB80008640C002056
:10485000180C00203402002080B594B000AF0F4A3D
:104860003B4611465022184605F026FC0C490D48DF
:1048700005F032FB0C4B93F9053019463A460B46CE
:104880009B000B449B0013441A460849084805F056
:1048900023FB00BF5037BD4680BD00BFA0B8000855
:1048A00078B50008290C0020180C00209CB80008DE
:1048B0003D0C002080B586B000AF3B4683E8030086
:1048C0003B78FB750023BB7500237B750023FB60E1
:1048D0007B88013B052B00F2A98001A252F823F04E
:1048E0003D490008F94800082D4A00081B49000806
:1048F0002D4A0008F5490008534B93F9053003335E
:104900005A4203F0030302F0030258BF53425AB263
:104910004D4B5A710123BB758CE04B4B93F905301D
:1049200001335A4203F0030302F0030258BF53421B
:104930005AB2454B5A710123BB757BE0424B5B7801
:10494000002B51D0404B00229A733F4B9B7B184663
:10495000FBF7D4FE3C4B93F90530DAB23B4B1A72AD
:104960003A4B1B7A0133DBB25B00DAB2364B1A7179
:10497000354B00225A70344B0022DA70324B1B79CF
:104980001846FCF79DF8FEF7B5FC0346FB75FB7D6A
:10499000112B01D1FB7D53E000233B610CE0012290
:1049A0003B6902FA03F35AB297F9153013435BB22D
:1049B0007B753B6901333B61234B1B791A463B698D
:1049C0009342ECDB204B1B7919467B7D1A4620482D
:1049D000FCF79CFA7B7DFB731B4B1B7907F10C02E8
:1049E0001946B520FDF7D6FB0020FDF77DFD10230D
:1049F000FB751FE0154B1B7A5AB2134B5A71124BC1
:104A00000022DA73104B01221A740F4B01229A73A1
:104A10000D4B01225A700C4B9B7B1846FBF76EFE28
:104A20000123BB751320FDF75FFD03E00948FCF788
:104A30006DFA00BFBB7D002B01D0FFF70DFFFB7DA2
:104A400018461837BD4680BD180C0020640C0020A5
:104A5000F0B8000810B90008FDF784F80B480C49BD
:104A60000C4A002302E0D458C4500433C4188C42CA
:104A7000F9D3094A094C002301E013600432A24231
:104A8000FBD305F0F3FAFCF799FC70470000002017
:104A9000B401002050BA0008B8010020B838002046
:104AA000FEE7000080B500AF084B1B68074A43F0E3
:104AB00010031360032000F0D1F80F20FCF770FF03
:104AC000FCF7AAFE0023184680BD00BF002002406C
:104AD00080B400AF054B1B781A46054B1B68134486
:104AE000034A136000BFBD4680BC70475C010020D4
:104AF000B80C002080B400AF024B1B681846BD46BE
:104B000080BC7047B80C002080B485B000AF7860DE
:104B10007B6803F00703FB600C4BDB68BB60BA6883
:104B20004FF6FF031340BB60FB681A02BB681343D8
:104B300043F0BF6343F40033BB60044ABB68D360F7
:104B400000BF1437BD4680BC704700BF00ED00E0D9
:104B500080B400AF044BDB681B0A03F00703184660
:104B6000BD4680BC704700BF00ED00E080B483B05C
:104B700000AF0346FB7197F90730002B0BDBFB7985
:104B800003F01F02064997F907305B09012000FA7C
:104B900002F241F8232000BF0C37BD4680BC7047AD
:104BA00000E100E080B483B000AF03463960FB71E0
:104BB00097F90730002B0ADB3B68DAB20C4997F90A
:104BC00007301201D2B20B4483F800230AE03B689D
:104BD000DAB20849FB7903F00F03043B1201D2B2A9
:104BE0000B441A7600BF0C37BD4680BC704700BF2F
:104BF00000E100E000ED00E080B489B000AFF860B3
:104C0000B9607A60FB6803F00703FB61FB69C3F1DD
:104C10000703042B28BF0423BB61FB690433062B65
:104C200002D9FB69033B00E000237B614FF0FF32B8
:104C3000BB6902FA03F3DA43BB681A407B699A4006
:104C40004FF0FF317B6901FA03F3D9437B680B40D6
:104C5000134318462437BD4680BC704780B582B0E8
:104C600000AF78607868FFF74FFF00BF0837BD4698
:104C700080BD80B586B000AF0346B9607A60FB7333
:104C800000237B61FFF764FF78617A68B96878690F
:104C9000FFF7B2FF024697F90F3011461846FFF7AB
:104CA00081FF00BF1837BD4680BD80B582B000AF20
:104CB0000346FB7197F907301846FFF757FF00BF0F
:104CC0000837BD4680BD80B485B000AF7860002352
:104CD000FB737B6893F82130DBB2022B08D07B6832
:104CE00004229A637B68002283F82020012320E0BD
:104CF0007B681B681A687B681B6822F00E021A60CA
:104D00007B681B681A687B681B6822F001021A60C6
:104D10007B681A6C7B68DB6B012101FA02F25A6036
:104D20007B68012283F821207B68002283F8202001
:104D3000FB7B18461437BD4680BC704780B584B0F5
:104D400000AF78600023FB737B6893F82130DBB2FF
:104D5000022B05D07B6804229A630123FB7351E088
:104D60007B681B681A687B681B6822F00E021A6059
:104D70007B681B681A687B681B6822F001021A6056
:104D80007B681B68224A934229D07B681B68214AB2
:104D9000934222D07B681B681F4A93421AD07B68DB
:104DA0001B681E4A934212D07B681B681C4A9342C0
:104DB0000AD07B681B681B4A934202D14FF48013D0
:104DC0000EE04FF080730BE04FF4803308E04FF4B7
:104DD000805305E04FF4807302E0102300E00123CC
:104DE000114A53607B68012283F821207B680022EE
:104DF00083F820207B685B6B002B03D07B685B6BA8
:104E000078689847FB7B18461037BD4680BD00BFC9
:104E1000080002401C0002403000024044000240F2
:104E2000580002406C00024000000240F0B587B01C
:104E300000AFF860B960C7E900230123FB750023C8
:104E4000BB7500237B752F4B1B7E012B01D10223E9
:104E500054E02C4B01221A764CF2503000F0B2F89C
:104E60000346FB75FB7D002B44D1FB68012B02D16F
:104E700001237B7507E0FB68022B02D102237B75BF
:104E800001E004237B750023BB752DE0BB7D5A0038
:104E9000BB6802EB030CBB7D1901D7E90023C1F10C
:104EA0002006A1F1200022FA01F403FA06F63443A9
:104EB00023FA00F0044323FA01F5A3B21946604631
:104EC00000F064F84CF2503000F07CF80346FB75BB
:104ED0000D4B1B690C4A23F001031361FB7D002B72
:104EE00007D1BB7D0133BB75BA7D7B7D9A42CDD3A3
:104EF00000E000BF034B00221A76FB7D18461C37EA
:104F0000BD46F0BDC00C00200020024080B483B03C
:104F100000AF0023FB710D4B1B6903F08003002BD6
:104F20000DD00A4B0A4A5A60084B0A4A5A60074B8E
:104F30001B6903F08003002B01D00123FB71FB7977
:104F400018460C37BD4680BC704700BF00200240A9
:104F500023016745AB89EFCD80B400AF054B1B69DA
:104F6000044A43F08003136100231846BD4680BC09
:104F7000704700BF0020024080B400AF024BDB69E5
:104F80001846BD4680BC7047C00C002080B483B07A
:104F900000AF78600B467B80084B0022DA61084B3B
:104FA0001B69074A43F0010313617B687A881A8002
:104FB00000BF0C37BD4680BC704700BFC00C00204E
:104FC0000020024080B584B000AF7860FFF792FD0A
:104FD000F86010E07B68B3F1FF3F0CD07B68002BDA
:104FE00007D0FFF787FD0246FB68D31A7A689A421A
:104FF00001D2032325E0154BDB6803F00103002BEE
:10500000E8D1124BDB6803F02003002B02D00F4BDA
:105010002022DA600D4BDB6803F01003002B0BD16C
:105020000A4BDB6903F00103002B05D1074BDB685A
:1050300003F00403002B03D000F00AF8012300E082
:10504000002318461037BD4680BD00BF0020024037
:1050500080B483B000AF00237B60234BDB6803F098
:105060001003002B09D0214BDB6943F002031F4AD8
:10507000D3617B6843F010037B601B4BDB6803F05C
:105080000403002B09D0194BDB6943F00103174AD5
:10509000D3617B6843F004037B60134BDB6903F04F
:1050A0000103002B0BD0114BDB6943F004030F4AC3
:1050B000D3610D4BDB690C4A23F00103D3617B689C
:1050C00040F20112934206D1074BDB69064A23F0F6
:1050D0000103D36102E0044A7B68D36000BF0C3750
:1050E000BD4680BC704700BF00200240C00C0020BD
:1050F00080B584B000AF786039600123FB73002372
:10510000BB602F4B1B7E012B01D1022353E02C4BA4
:1051100001221A767B681B68022B16D14CF25030A4
:10512000FFF750FF0346002B41D1012000F04CF85F
:105130004CF25030FFF746FF0346FB73214B1B69CF
:10514000204A23F00403136131E04CF25030FFF7A2
:1051500039FF0346002B2AD13B684FF0FF321A601B
:105160007B689B68BB6019E0B86800F049F84CF2B6
:105170005030FFF727FF0346FB73124B1B69114AA0
:1051800023F002031361FB7B002B03D03B68BA685A
:105190001A600CE0BB6803F58063BB607B68DB686A
:1051A0009A027B689B681344BA689A42DCD3044B2A
:1051B00000221A76FB7B18461037BD4680BD00BF23
:1051C000C00C00200020024080B483B000AF7860A3
:1051D000094B0022DA61094B1B69084A43F00403BA
:1051E0001361064B1B69054A43F04003136100BF7E
:1051F0000C37BD4680BC7047C00C00200020024028
:1052000080B483B000AF78600B4B0022DA610B4BA7
:105210001B690A4A43F002031361084A7B68536121
:10522000064B1B69054A43F04003136100BF0C376E
:10523000BD4680BC704700BFC00C0020002002406B
:1052400080B48BB000AF7860396000237B620023AC
:105250003B6269E101227B6A02FA03F3FB613B686E
:105260001B68FA691340BB61BA69FB699A4240F056
:1052700058813B685B689A4A93425ED0984A934251
:1052800075D8984A934258D0964A93426FD8964A16
:10529000934252D0944A934269D8944A93424CD054
:1052A000924A934263D8924A934246D0904A93429C
:1052B0005DD8122B2AD8122B59D801A252F823F00C
:1052C0003B53000815530008275300086953000892
:1052D0006F5300086F5300086F5300086F530008A6
:1052E0006F5300086F5300086F5300086F53000896
:1052F0006F5300086F5300086F5300086F53000886
:105300006F5300081D53000831530008794A934237
:1053100013D02CE03B68DB683B6229E03B68DB682C
:1053200004333B6224E03B68DB6808333B621FE0E8
:105330003B68DB680C333B621AE03B689B68002BE0
:1053400002D104233B6213E03B689B68012B05D12B
:1053500008233B627B68FA691A6109E008233B6213
:105360007B68FA695A6103E000233B6200E000BFFA
:10537000BB69FF2B01D87B6801E07B6804337B614C
:10538000BB69FF2B02D87B6A9B0002E07B6A083B6B
:105390009B003B617B691A680F213B6901FA03F3AB
:1053A000DB431A40396A3B6901FA03F31A437B690C
:1053B0001A603B685B6803F08053002B00F0B180FB
:1053C0004D4B9B694C4A43F0010393614A4B9B69E7
:1053D00003F00103BB60BB68484A7B6A9B08023349
:1053E00052F82330FB607B6A03F003039B000F221B
:1053F00002FA03F3DB43FA681340FB607B68404A20
:10540000934213D07B683F4A93420DD07B683E4A5B
:10541000934207D07B683D4A934201D1032306E0C3
:10542000042304E0022302E0012300E000237A6A5F
:1054300002F0030292009340FA681343FB602F4985
:105440007B6A9B080233FA6841F823203B685B685B
:1054500003F48013002B06D02D4B9A682C49BB69AE
:1054600013438B6006E02A4B9A68BB69DB432849EB
:1054700013408B603B685B6803F40013002B06D07D
:10548000234BDA682249BB691343CB6006E0204B0B
:10549000DA68BB69DB431E491340CB603B685B683D
:1054A00003F40033002B06D0194B5A681849BB6926
:1054B00013434B6006E0164B5A68BB69DB43144943
:1054C00013404B603B685B6803F48033002B21D0B2
:1054D0000F4B1A680E49BB6913430B6021E000BFF4
:1054E00000003210000031100000221000002110D6
:1054F00000001210000011100010024000000140D6
:1055000000080140000C014000100140001401405F
:10551000000401400B4B1A68BB69DB430949134087
:105520000B607B6A01337B623B681A687B6A22FAF4
:1055300003F3002B7FF48EAE00BF00BF2C37BD46B7
:1055400080BC70470004014080B485B000AF786033
:105550000B467B807B689A687B881340002B02D0C7
:105560000123FB7301E00023FB73FB7B1846143718
:10557000BD4680BC704780B483B000AF78600B46F6
:105580007B8013467B707B78002B03D07A887B6806
:105590001A6103E07B881A047B681A6100BF0C372C
:1055A000BD4680BC704780B485B000AF78600B46C4
:1055B0007B807B68DB68FB607A88FB6813401A0499
:1055C000FB68D9437B880B401A437B681A6100BF94
:1055D0001437BD4680BC704780B586B000AF786098
:1055E0007B68002B01D1012372E27B681B6803F00A
:1055F0000103002B00F08780924B5B6803F00C03E3
:10560000042B0CD08F4B5B6803F00C03082B12D1DA
:105610008C4B5B6803F48033B3F5803F0BD1894B2F
:105620001B6803F40033002B6CD07B685B68002B95
:1056300068D101234CE27B685B68B3F5803F06D1FB
:10564000804B1B687F4A43F4803313602EE07B68F5
:105650005B68002B0CD17B4B1B687A4A23F48033A8
:105660001360784B1B68774A23F4802313601DE096
:105670007B685B68B3F5A02F0CD1724B1B68714A35
:1056800043F4802313606F4B1B686E4A43F48033EE
:1056900013600BE06B4B1B686A4A23F48033136082
:1056A000684B1B68674A23F4802313607B685B6840
:1056B000002B13D0FFF71EFA386108E0FFF71AFA43
:1056C00002463B69D31A642B01D9032300E25D4BE8
:1056D0001B6803F40033002BF0D014E0FFF70AFA44
:1056E000386108E0FFF706FA02463B69D31A642BDB
:1056F00001D90323ECE1534B1B6803F40033002B67
:10570000F0D100E000BF7B681B6803F00203002BB0
:1057100063D04C4B5B6803F00C03002B0BD0494B60
:105720005B6803F00C03082B1CD1464B5B6803F449
:105730008033002B16D1434B1B6803F00203002B70
:1057400005D07B681B69012B01D00123C0E13D4BD3
:105750001B6823F0F8027B685B69DB00394913435F
:105760000B603AE07B681B69002B20D0364B01228E
:105770001A60FFF7BFF9386108E0FFF7BBF902468E
:105780003B69D31A022B01D90323A1E12D4B1B68DE
:1057900003F00203002BF0D02A4B1B6823F0F80221
:1057A0007B685B69DB00274913430B6015E0264BE0
:1057B00000221A60FFF79EF9386108E0FFF79AF9B6
:1057C00002463B69D31A022B01D9032380E11D4B0A
:1057D0001B6803F00203002BF0D17B681B6803F009
:1057E0000803002B3AD07B689B69002B19D0174B1C
:1057F00001221A60FFF77EF9386108E0FFF77AF9B5
:1058000002463B69D31A022B01D9032360E10D4BF9
:105810005B6A03F00203002BF0D0012000F0FEFAD7
:105820001CE00A4B00221A60FFF764F938610FE0B0
:10583000FFF760F902463B69D31A022B08D903230C
:1058400046E100BF00100240000042428004424294
:10585000924B5B6A03F00203002BE9D17B681B6863
:1058600003F00403002B00F0A6800023FB758B4B94
:10587000DB6903F08053002B0DD1884BDB69874A2D
:1058800043F08053D361854BDB6903F08053BB60E9
:10589000BB680123FB75824B1B6803F48073002BEC
:1058A00018D17F4B1B687E4A43F480731360FFF767
:1058B00021F9386108E0FFF71DF902463B69D31A68
:1058C000642B01D9032303E1754B1B6803F4807338
:1058D000002BF0D07B68DB68012B06D16F4B1B6A75
:1058E0006E4A43F0010313622DE07B68DB68002BF6
:1058F0000CD16A4B1B6A694A23F001031362674BA0
:105900001B6A664A23F0040313621CE07B68DB68B1
:10591000052B0CD1614B1B6A604A43F004031362F0
:105920005E4B1B6A5D4A43F0010313620BE05B4B65
:105930001B6A5A4A23F001031362584B1B6A574AE9
:1059400023F0040313627B68DB68002B15D0FFF79C
:10595000D1F838610AE0FFF7CDF802463B69D31A67
:1059600041F28832934201D90323B1E04B4B1B6AC9
:1059700003F00203002BEED014E0FFF7BBF8386110
:105980000AE0FFF7B7F802463B69D31A41F28832C2
:10599000934201D903239BE0404B1B6A03F00203AF
:1059A000002BEED1FB7D012B05D13C4BDB693B4A43
:1059B00023F08053D3617B68DB69002B00F0878084
:1059C000364B5B6803F00C03082B61D07B68DB6906
:1059D000022B46D1334B00221A60FFF78BF8386157
:1059E00008E0FFF787F802463B69D31A022B01D97A
:1059F00003236DE0294B1B6803F00073002BF0D1EB
:105A00007B681B6AB3F5803F08D1244B5B6823F4A5
:105A100000327B689B68214913434B601F4B5B68D6
:105A200023F474127B68196A7B685B6A0B431B4919
:105A300013434B601B4B01221A60FFF75BF8386180
:105A400008E0FFF757F802463B69D31A022B01D949
:105A500003233DE0114B1B6803F00073002BF0D0D3
:105A600035E0104B00221A60FFF744F8386108E077
:105A7000FFF740F802463B69D31A022B01D90323F2
:105A800026E0064B1B6803F00073002BF0D11EE0EC
:105A90007B68DB69012B07D1012319E0001002406C
:105AA00000700040600042420B4B5B68FB60FB688B
:105AB00003F480327B681B6A9A4206D1FB6803F4C8
:105AC00070127B685B6A9A4201D0012300E00023D8
:105AD00018461837BD4680BD0010024080B584B01E
:105AE00000AF786039607B68002B01D10123D0E0E2
:105AF0006A4B1B6803F007033A689A4210D9674B58
:105B00001B6823F0070265493B6813430B60634B36
:105B10001B6803F007033A689A4201D00123B8E0FA
:105B20007B681B6803F00203002B20D07B681B6896
:105B300003F00403002B05D0594B5B68584A43F42B
:105B4000E06353607B681B6803F00803002B05D0FB
:105B5000534B5B68524A43F460535360504B5B684D
:105B600023F0F0027B689B684D4913434B607B68D0
:105B70001B6803F00103002B40D07B685B68012B9E
:105B800007D1474B1B6803F40033002B15D10123C9
:105B90007FE07B685B68022B07D1414B1B6803F0F9
:105BA0000073002B09D1012373E03D4B1B6803F008
:105BB0000203002B01D101236BE0394B5B6823F01A
:105BC00003027B685B68364913434B60FEF792FF24
:105BD000F8600AE0FEF78EFF0246FB68D31A41F236
:105BE0008832934201D9032353E02D4B5B6803F0C5
:105BF0000C027B685B689B009A42EBD1274B1B68C9
:105C000003F007033A689A4210D2244B1B6823F032
:105C1000070222493B6813430B60204B1B6803F0CB
:105C200007033A689A4201D0012332E07B681B687F
:105C300003F00403002B08D0194B5B6823F4E062E7
:105C40007B68DB68164913434B607B681B6803F075
:105C50000803002B09D0124B5B6823F460527B6869
:105C60001B69DB000E4913434B6000F021F802462C
:105C70000B4B5B681B0903F00F030A49CB5C22FA4C
:105C800003F3094A1360094B1B681846FBF788FEAB
:105C9000002318461037BD4680BD00BF00200240DB
:105CA0000010024044B90008B00000205801002054
:105CB00080B487B000AF0023FB600023BB600023EB
:105CC0007B6100237B6000233B611E4B5B68FB60B4
:105CD000FB6803F00C03042B02D0082B03D027E051
:105CE000194B3B6127E0FB689B0C03F00F03174A3D
:105CF000D35C7B60FB6803F48033002B10D0114B26
:105D00005B685B0C03F00103114AD35CBB607B68EA
:105D10000D4A03FB02F2BB68B2FBF3F37B6104E0C4
:105D20007B680C4A02FB03F37B617B693B6102E009
:105D3000054B3B6100BF3B6918461C37BD4680BC24
:105D4000704700BF0010024000127A00F8B9000846
:105D500008BA000800093D0080B400AF024B1B6880
:105D60001846BD4680BC7047B000002080B500AF2B
:105D7000FFF7F2FF0246054B5B681B0A03F00703BF
:105D80000349CB5C22FA03F3184680BD00100240A1
:105D900054B9000880B500AFFFF7DEFF0246054B9F
:105DA0005B68DB0A03F007030349CB5C22FA03F3C9
:105DB000184680BD0010024054B9000880B483B07A
:105DC00000AF786039607B680F221A60114B5B6806
:105DD00003F003027B685A600E4B5B6803F0F0022D
:105DE0007B689A600B4B5B6803F4E0627B68DA6067
:105DF000084B5B68DB0803F4E0627B681A61064BC2
:105E00001B6803F007023B681A6000BF0C37BD46F1
:105E100080BC7047001002400020024080B485B072
:105E200000AF78600A4B1B680A4AA2FB03235B0A97
:105E30007A6802FB03F3FB6000BFFB685A1EFA603E
:105E4000002BF9D100BF00BF1437BD4680BC70479E
:105E5000B0000020D34D621080B582B000AF7860F2
:105E60007B68002B01D1012341E07B6893F83D3032
:105E7000DBB2002B06D17B68002283F83C207868D7
:105E800000F039F87B68022283F83D207B681A68AD
:105E90007B6804331946104600F09CF97B680122A8
:105EA00083F846207B68012283F83E207B6801222C
:105EB00083F83F207B68012283F840207B68012221
:105EC00083F841207B68012283F842207B6801220D
:105ED00083F843207B68012283F844207B680122F9
:105EE00083F845207B68012283F83D200023184673
:105EF0000837BD4680BD80B483B000AF786000BF76
:105F00000C37BD4680BC704780B485B000AF786068
:105F10007B6893F83D30DBB2012B01D001233AE0DE
:105F20007B68022283F83D207B681B68DA687B6807
:105F30001B6842F00102DA607B681B68184A9342D2
:105F40000ED07B681B68B3F1804F09D07B681B685B
:105F5000144A934204D07B681B68134A934211D1C0
:105F60007B681B689B6803F00703FB60FB68062BDC
:105F700010D07B681B681A687B681B6842F00102BE
:105F80001A6007E07B681B681A687B681B6842F030
:105F900001021A60002318461437BD4680BC7047C2
:105FA000002C0140000400400008004080B584B08F
:105FB00000AF78607B681B68DB68FB607B681B68F0
:105FC0001B69BB60BB6803F00203002B20D0FB6899
:105FD00003F00203002B1BD07B681B686FF00202EA
:105FE0001A617B6801221A777B681B689B6903F042
:105FF0000303002B03D0786800F0D1F805E078683F
:1060000000F0C4F8786800F0D3F87B6800221A77B3
:10601000BB6803F00403002B20D0FB6803F00403EB
:10602000002B1BD07B681B686FF004021A617B6831
:1060300002221A777B681B689B6903F44073002B6C
:1060400003D0786800F0ABF805E0786800F09EF8BF
:10605000786800F0ADF87B6800221A77BB6803F01F
:106060000803002B20D0FB6803F00803002B1BD093
:106070007B681B686FF008021A617B6804221A773C
:106080007B681B68DB6903F00303002B03D078688F
:1060900000F085F805E0786800F078F8786800F09E
:1060A00087F87B6800221A77BB6803F01003002B87
:1060B00020D0FB6803F01003002B1BD07B681B680B
:1060C0006FF010021A617B6808221A777B681B68E0
:1060D000DB6903F44073002B03D0786800F05FF8AD
:1060E00005E0786800F052F8786800F061F87B68A5
:1060F00000221A77BB6803F00103002B0CD0FB6869
:1061000003F00103002B07D07B681B686FF00102CE
:106110001A617868FBF768FBBB6803F08003002B0B
:106120000CD0FB6803F08003002B07D07B681B6852
:106130006FF080021A61786800F0C3F8BB6803F062
:106140004003002B0CD0FB6803F04003002B07D06A
:106150007B681B686FF040021A61786800F031F8C4
:10616000BB6803F02003002B0CD0FB6803F0200376
:10617000002B07D07B681B686FF020021A617868DB
:1061800000F096F800BF1037BD4680BD80B483B0E4
:1061900000AF786000BF0C37BD4680BC704780B44C
:1061A00083B000AF786000BF0C37BD4680BC70473D
:1061B00080B483B000AF786000BF0C37BD4680BCB0
:1061C000704780B483B000AF786000BF0C37BD4625
:1061D00080BC704780B485B000AF786039607B6860
:1061E0001B68FB607B682F4A93420BD07B68B3F13E
:1061F000804F07D07B682C4A934203D07B682B4AA0
:10620000934208D1FB6823F07003FB603B685B6836
:10621000FA681343FB607B68224A93420BD07B6889
:10622000B3F1804F07D07B681F4A934203D07B684D
:106230001E4A934208D1FB6823F44073FB603B681D
:10624000DB68FA681343FB60FB6823F080023B685D
:106250005B691343FB607B68FA681A603B689A6865
:106260007B68DA623B681A687B689A627B680D4AD1
:10627000934203D13B681A697B681A637B680122E9
:106280005A617B681B6903F00103002B05D07B6812
:106290001B6923F001027B681A6100BF1437BD46F9
:1062A00080BC7047002C0140000400400008004002
:1062B00080B483B000AF786000BF0C37BD4680BCAF
:1062C000704780B483B000AF786000BF0C37BD4624
:1062D00080BC704780B582B000AF78607B68002BCF
:1062E00001D1012342E07B6893F84130DBB2002BFF
:1062F00006D17B68002283F840207868FBF7C4FA57
:106300007B68242283F841207B681B68DA687B68FD
:106310001B6822F40052DA60786800F0D5FD7B68D3
:106320001B681A697B681B6822F490421A617B68BB
:106330001B685A697B681B6822F02A025A617B68D5
:106340001B68DA687B681B6842F40052DA607B687D
:1063500000225A647B68202283F841207B68202237
:1063600083F842207B6800225A63002318460837CE
:10637000BD4680BD80B58AB002AFF860B9603B60B1
:106380001346FB8000237B61FB6893F84130DBB24E
:10639000202B75D1BB68002B02D0FB88002B01D1CC
:1063A00001236EE0FB6800225A64FB68212283F817
:1063B0004120FEF79FFB7861FB68FA889A84FB68AE
:1063C000FA88DA84FB689B68B3F5805F08D1FB68C4
:1063D0001B69002B04D10023FB61BB68BB6103E098
:1063E000BB68FB610023BB612EE03B6800937B69C7
:1063F00000228021F86800F039FB0346002B05D00D
:10640000FB68202283F8412003233AE0FB69002B3C
:106410000BD1BB691B881A46FB681B68C2F30802D4
:106420005A60BB690233BB6107E0FB691A78FB68FD
:106430001B685A60FB690133FB61FB68DB8C9BB214
:10644000013B9AB2FB68DA84FB68DB8C9BB2002BC1
:10645000CBD13B6800937B6900224021F86800F0B3
:1064600005FB0346002B05D0FB68202283F8412062
:10647000032306E0FB68202283F84120002300E08C
:10648000022318462037BD4680BD80B584B000AFDA
:10649000F860B9601346FB80FB6893F84230DBB2CA
:1064A000202B12D1BB68002B02D0FB88002B01D11E
:1064B00001230BE0FB6800221A63FB881A46B968C7
:1064C000F86800F02CFB034600E002231846103762
:1064D000BD4680BD80B5BAB000AF78607B681B68F0
:1064E0001B68C7F8E4307B681B68DB68C7F8E030DE
:1064F0007B681B685B69C7F8DC300023C7F8D830BD
:106500000023C7F8D430D7F8E43003F00F03C7F8FE
:10651000D830D7F8D830002B0FD1D7F8E43003F0BB
:106520002003002B09D0D7F8E03003F02003002B24
:1065300003D0786800F009FC5BE2D7F8D830002B74
:1065400000F0DE80D7F8DC3003F00103002B06D129
:10655000D7F8E03003F49073002B00F0D180D7F827
:10656000E43003F00103002B0BD0D7F8E03003F444
:106570008073002B05D07B685B6C43F001027B6865
:106580005A64D7F8E43003F00403002B0BD0D7F89B
:10659000DC3003F00103002B05D07B685B6C43F01B
:1065A00002027B685A64D7F8E43003F00203002B40
:1065B0000BD0D7F8DC3003F00103002B05D07B684B
:1065C0005B6C43F004027B685A64D7F8E43003F054
:1065D0000803002B11D0D7F8E03003F02003002B84
:1065E00005D1D7F8DC3003F00103002B05D07B6820
:1065F0005B6C43F008027B685A647B685B6C002B21
:1066000000F0F281D7F8E43003F02003002B08D02B
:10661000D7F8E03003F02003002B02D0786800F0B8
:1066200094FB7B681B685B6903F04003002B14BF7D
:1066300001230023DBB2C7F8D4307B685B6C03F026
:106640000803002B03D1D7F8D430002B4FD0786843
:1066500000F09EFA7B681B685B6903F04003002B27
:1066600041D07B681B681433C7F89C30D7F89C3046
:1066700053E8003FC7F89830D7F8983023F040032C
:10668000C7F8D0307B681B681433D7F8D020C7F820
:10669000A820C7F8A430D7F8A410D7F8A82041E85C
:1066A0000023C7F8A030D7F8A030002BD9D17B68E1
:1066B000DB6B002B13D07B68DB6B7E4A5A637B68F5
:1066C000DB6B1846FEF73AFB0346002B16D07B68BF
:1066D000DB6B5B6B7A68D26B104698470EE078688C
:1066E00000F093F90AE0786800F08FF906E0786826
:1066F00000F08BF97B6800225A6475E100BF73E1FA
:106700007B681B6B012B40F04F81D7F8E43003F01E
:106710001003002B00F04881D7F8E03003F010039D
:10672000002B00F041810023BB607B681B681B6865
:10673000BB607B681B685B68BB60BB687B681B6871
:106740005B6903F04003002B00F0B6807B68DB6BD5
:106750001B685B68A7F8BE30B7F8BE30002B00F0AE
:1067600045817B689B8DB7F8BE209A4280F03E81C0
:106770007B68B7F8BE20DA857B68DB6B9B69202BD2
:1067800000F088807B681B680C33C7F88830D7F826
:10679000883053E8003FC7F88430D7F8843023F4BA
:1067A0008073C7F8B8307B681B680C33D7F8B82003
:1067B000C7F89420C7F89030D7F89010D7F89420F5
:1067C00041E80023C7F88C30D7F88C30002BD9D1A2
:1067D0007B681B6814337B677B6F53E8003F3B6724
:1067E0003B6F23F00103C7F8B4307B681B68143398
:1067F000D7F8B420C7F88020FB67F96FD7F880205E
:1068000041E80023BB67BB6F002BE1D17B681B68AD
:1068100014333B663B6E53E8003FFB65FB6D23F092
:106820004003C7F8B0307B681B681433D7F8B0203A
:10683000FA66BB66B96EFA6E41E800237B667B6E32
:10684000002BE3D17B68202283F842207B68002262
:106850001A637B681B680C33FB64FB6C53E8003FD6
:10686000BB64BB6C23F01003C7F8AC307B681B68BB
:106870000C33D7F8AC20BA657B65796DBA6D41E809
:1068800000233B653B6D002BE3D17B68DB6B184637
:10689000FEF719FA7B6802225A637B689A8D7B683F
:1068A000DB8D9BB2D31A9BB21946786800F0B6F81C
:1068B0009CE000BF556C00087B689A8D7B68DB8D7F
:1068C0009BB2D31AA7F8CE307B68DB8D9BB2002B2E
:1068D00000F08E80B7F8CE30002B00F089807B6806
:1068E0001B680C33BB63BB6B53E8003F7B637B6B64
:1068F00023F49073C7F8C8307B681B680C33D7F853
:10690000C8207A643B64396C7A6C41E80023FB63ED
:10691000FB6B002BE3D17B681B6814337B627B6AC3
:1069200053E8003F3B623B6A23F00103C7F8C430E1
:106930007B681B681433D7F8C4203A63FB62F96A9A
:106940003A6B41E80023BB62BB6A002BE3D17B6852
:10695000202283F842207B6800221A637B681B6830
:106960000C333B613B6953E8003FFB60FB6823F05D
:106970001003C7F8C0307B681B680C33D7F8C02001
:10698000FA61BB61B969FA6941E800237B617B69FF
:10699000002BE3D17B6802225A63B7F8CE30194648
:1069A000786800F03BF823E0D7F8E43003F0800388
:1069B000002B09D0D7F8E03003F08003002B03D080
:1069C000786800F05BF914E0D7F8E43003F0400396
:1069D000002B0ED0D7F8E03003F04003002B08D096
:1069E000786800F09AF904E000BF02E000BF00E020
:1069F00000BFE837BD4680BD80B483B000AF78608B
:106A000000BF0C37BD4680BC704780B483B000AF78
:106A1000786000BF0C37BD4680BC704780B483B03F
:106A200000AF78600B467B8000BF0C37BD4680BC52
:106A3000704780B485B000AF78600023FB6000230E
:106A4000BB607B6893F84130DBB2FB607B6893F8F6
:106A50004230DBB2BB60FB68DAB2BB68DBB2134327
:106A6000DBB218461437BD4680BC704780B586B08F
:106A700000AFF860B9603B601346FB713BE03B6AD6
:106A8000B3F1FF3F37D0FEF735F802463B68D31A23
:106A90003A6A9A4202D33B6A002B01D103233AE0BF
:106AA000FB681B68DB6803F00403002B23D0BB6882
:106AB000802B20D0BB68402B1DD0FB681B681B6857
:106AC00003F00803082B16D100237B61FB681B68C9
:106AD0001B687B61FB681B685B687B617B69F8688E
:106AE00000F056F8FB6808225A64FB68002283F81D
:106AF000402001230FE0FB681B681A68BB68134045
:106B0000BA689A420CBF01230023DBB21A46FB7914
:106B10009A42B4D0002318461837BD4680BD80B4D1
:106B200085B000AFF860B9601346FB80FB68BA68B7
:106B30009A62FB68FA889A85FB68FA88DA85FB68AE
:106B400000225A64FB68222283F84220FB681B69FA
:106B5000002B07D0FB681B68DA68FB681B6842F4EF
:106B60008072DA60FB681B685A69FB681B6842F038
:106B700001025A61FB681B68DA68FB681B6842F017
:106B80002002DA60002318461437BD4680BC7047E7
:106B900080B495B000AF78607B681B680C337B6372
:106BA0007B6B53E8003F3B633B6B23F49073FB64C8
:106BB0007B681B680C33FA6C3A64FB63F96B3A6CC4
:106BC00041E80023BB63BB6B002BE5D17B681B68EE
:106BD00014333B623B6A53E8003FFB61FB6923F0DF
:106BE0000103BB647B681B681433BA6CFA62BB6236
:106BF000B96AFA6A41E800237B627B6A002BE5D11F
:106C00007B681B6B012B19D17B681B680C33FB6005
:106C1000FB6853E8003FBB60BB6823F010037B6454
:106C20007B681B680C337A6CBA617B617969BA69DD
:106C300041E800233B613B69002BE5D17B682022C2
:106C400083F842207B6800221A6300BF5437BD4698
:106C500080BC704780B584B000AF78607B685B6AA9
:106C6000FB60FB680022DA85FB680022DA84F868A2
:106C7000FFF7CBFE00BF1037BD4680BD80B485B0A6
:106C800000AF78607B6893F84130DBB2212B3ED1B6
:106C90007B689B68B3F5805F14D17B681B69002B10
:106CA00010D17B681B6AFB60FB681B881A467B68F7
:106CB0001B68C2F308025A607B681B6A9A1C7B68D7
:106CC0001A6208E07B681B6A591C7A6811621A789C
:106CD0007B681B685A607B68DB8C9BB2013B9BB274
:106CE0007A681946D184002B0FD17B681B68DA685B
:106CF0007B681B6822F08002DA607B681B68DA68B8
:106D00007B681B6842F04002DA60002300E0022347
:106D100018461437BD4680BC704780B582B000AFBE
:106D200078607B681B68DA687B681B6822F0400229
:106D3000DA607B68202283F841207868FFF75CFEE8
:106D4000002318460837BD4680BD80B58CB000AF23
:106D500078607B6893F84230DBB2222B40F0AE8043
:106D60007B689B68B3F5805F17D17B681B69002B3C
:106D700013D10023FB627B689B6ABB627B681B6844
:106D80005B689BB2C3F308039AB2BB6A1A807B6844
:106D90009B6A9A1C7B689A6226E07B689B6AFB620E
:106DA0000023BB627B689B68B3F5805F07D07B687C
:106DB0009B68002B0AD17B681B69002B06D17B687E
:106DC0001B685B68DAB2FB6A1A7008E07B681B68B4
:106DD0005B68DBB203F07F03DAB2FB6A1A707B6890
:106DE0009B6A5A1C7B689A627B68DB8D9BB2013B75
:106DF0009BB27A681946D185002B5DD17B681B68F0
:106E0000DA687B681B6822F02002DA607B681B6806
:106E1000DA687B681B6822F48072DA607B681B6822
:106E20005A697B681B6822F001025A617B68202244
:106E300083F842207B6800225A637B681B6B012B1E
:106E400035D17B6800221A637B681B680C337B6139
:106E50007B6953E8003F3B613B6923F010037B6291
:106E60007B681B680C337A6A3A62FB61F9693A6A9B
:106E700041E80023BB61BB69002BE5D17B681B683F
:106E80001B6803F01003102B0AD10023FB607B6802
:106E90001B681B68FB607B681B685B68FB60FB68AA
:106EA0007B689B8D19467868FFF7B8FD02E078682B
:106EB000F9F76EFF002302E0002300E002231846EA
:106EC0003037BD4680BD000080B584B000AF78602B
:106ED0007B681B681B6923F440517B68DA687B6818
:106EE0001B680A431A617B689A687B681B691A43AE
:106EF0007B685B691343BB607B681B68DB6823F4BA
:106F0000B05323F00C037A681268B9680B43D3605E
:106F10007B681B685B6923F440717B689A697B68B6
:106F20001B680A435A617B681B682C4A934203D151
:106F3000FEF730FFF86002E0FEF718FFF860FA682D
:106F400013469B0013449A001A447B685B689B00BD
:106F5000B2FBF3F3224AA2FB03235B091901FA688F
:106F600013469B0013449A001A447B685B689B009D
:106F7000B2FBF3F21A4BA3FB02035B09642000FB94
:106F800003F3D31A1B013233154AA2FB03235B0917
:106F900003F0F0031944FA6813469B0013449A0067
:106FA0001A447B685B689B00B2FBF3F20C4BA3FBBB
:106FB00002035B09642000FB03F3D31A1B01323385
:106FC000074AA2FB03235B0903F00F027B681B68DF
:106FD0000A449A6000BF1037BD4680BD00380140AA
:106FE0001F85EB5180B485B000AF0346FB800023C2
:106FF000FB60B7F90630842B05D0B7F90620FB6893
:1070000013440333FB60FB6818461437BD4680BC4D
:10701000704780B483B000AFEFF305837B607B687B
:10702000002B14BF01230023DBB218460C37BD46EA
:1070300080BC704780B500AF01F008FA0023184605
:1070400080BDF0B589B004AF786039607B685B695A
:10705000002B20D07B689B69002B1CD07B685C6870
:107060007B681D687B681E697B68B3F90830184629
:10707000FFF7B8FF01467B685B697A689269029204
:10708000019300913B6832462946204600F0F0FF0C
:107090000346FB601CE07B685C687B681D687B685E
:1070A0001B699EB27B68B3F908301846FFF79AFF58
:1070B000024607F10C03019300923B6832462946D1
:1070C000204601F035F80346012B01D0002300E0F3
:1070D000FB6818461437BD46F0BD80B584B000AFDC
:1070E00078607B68FB60FB68002B01D0FB6800E0E8
:1070F0000123184601F074F9002318461037BD46E5
:1071000080BD000080B586B002AFF8600B467A60A3
:10711000FB72FB685B68002B13D0FB7A012B01D15B
:10712000012100E00021FB681B68FA6852680192A7
:1071300000937B680A4601210B4801F082FF034659
:107140000EE0FB7A012B01D1012200E00022FB6856
:107150001B6800937B680121034801F051FF03463F
:1071600018461037BD4680BD28B9000880B588B0E4
:1071700002AF7860396000237B610023FB603B68CD
:107180003B613B69002B01D101233B61FFF741FFCC
:107190000346002B1AD007F10C03002200923A6933
:1071A0000921786801F0CAFF0346012B02D0FF23B2
:1071B0007B6118E0FB68002B15D00D4B4FF080521F
:1071C0001A60BFF34F8FBFF36F8F0CE00023009363
:1071D00000233A690421786801F0B0FF0346012BCF
:1071E00001D0FF237B617B6918461837BD4680BDFF
:1071F00004ED00E090B585B002AF786039607B683F
:107200009B68002B11D07B68DB68002B0DD07B685E
:1072100018687B6859687B689A687B68DB6800241B
:10722000009400F0DDF9034608E07B6818687B688D
:107230005B680022194600F050FA034618460C37E6
:10724000BD4690BD80B586B000AFF860B9607A6089
:1072500000233B617B687B617B69002B01D10123AB
:107260007B61FFF7D6FE0346002B18D007F1100212
:1072700007F108010023F86800F08CFB0346012B9E
:1072800001D0FF2318E03B69002B14D00C4B4FF0CA
:1072900080521A60BFF34F8FBFF36F8F0BE007F17F
:1072A000080100237A69F86800F072FA0346012B9E
:1072B00001D0FF2300E0002318461837BD4680BDEB
:1072C00004ED00E090B58BB000AFF860B9607A6073
:1072D000BB68FB610023BB61BB68002B0AD1802324
:1072E0007B61FB681C4607F1140393E8070084E800
:1072F000070054E000233B6200237B627B68B3F10C
:10730000FF3F03D14FF0FF337B6209E07B68002B26
:1073100006D07B687B627B6A002B01D101237B62F4
:10732000FFF777FE0346002B1CD007F1200207F180
:10733000140304331946B86800F0ACFC0346012B73
:1073400002D110237B6101E000237B613B6A002BAB
:107350001DD0154B4FF080521A60BFF34F8FBFF313
:107360006F8F14E007F1140304337A6A1946B86882
:1073700000F0AEFB0346012B02D110237B6106E037
:107380007B6A002B01D1002300E040237B61FB6876
:107390001C4607F1140393E8070084E80700F86827
:1073A0002C37BD4690BD00BF04ED00E080B483B033
:1073B00000AF78607B6803F108027B685A607B68E5
:1073C0004FF0FF329A607B6803F108027B68DA6055
:1073D0007B6803F108027B681A617B6800221A60EF
:1073E00000BF0C37BD4680BC704780B483B000AF8F
:1073F00078607B6800221A6100BF0C37BD4680BCF4
:10740000704780B485B000AF786039607B685B6896
:10741000FB603B68FA685A60FB689A683B689A6050
:10742000FB689B683A685A60FB683A689A603B68F8
:107430007A681A617B681B685A1C7B681A6000BFF7
:107440001437BD4680BC704780B485B000AF78600B
:1074500039603B681B68BB60BB68B3F1FF3F03D179
:107460007B681B69FB600CE07B680833FB6002E013
:10747000FB685B68FB60FB685B681B68BA689A42E4
:10748000F6D2FB685A683B685A603B685B683A68AA
:107490009A603B68FA689A60FB683A685A603B6891
:1074A0007A681A617B681B685A1C7B681A6000BF87
:1074B0001437BD4680BC704780B485B000AF78609B
:1074C0007B681B69FB607B685B687A6892689A607E
:1074D0007B689B687A6852685A60FB685B687A6868
:1074E0009A4203D17B689A68FB685A607B680022E5
:1074F0001A61FB681B685A1EFB681A60FB681B68F0
:1075000018461437BD4680BC7047000080B584B073
:1075100000AF786039607B68FB60FB68002B0BD1A3
:107520004FF0500383F31188BFF36F8FBFF34F8F7A
:10753000BB6000BF00BFFDE702F0E0F9FB681A681E
:10754000FB68DB6BF968096C01FB03F31A44FB6809
:107550009A60FB6800229A63FB681A68FB685A60AD
:10756000FB681A68FB68DB6B013BF968096C01FB7F
:1075700003F31A44FB68DA60FB68FF2283F84420B7
:10758000FB68FF2283F845203B68002B14D1FB6881
:107590001B69002B1AD0FB681033184601F014FA4F
:1075A0000346002B12D00D4B4FF080521A60BFF3F0
:1075B0004F8FBFF36F8F09E0FB6810331846FFF75A
:1075C000F5FEFB6824331846FFF7F0FE02F0C6F91B
:1075D000012318461037BD4680BD00BF04ED00E012
:1075E00080B58EB002AFF860B9607A603B60FB682E
:1075F000002B0BD14FF0500383F31188BFF36F8F33
:10760000BFF34F8FBB6200BF00BFFDE73B68002B9D
:107610000BD14FF0500383F31188BFF36F8FBFF38B
:107620004F8F7B6200BF00BFFDE77B68002B02D05D
:10763000BB68002B01D0012300E00023002B0BD1FD
:107640004FF0500383F31188BFF36F8FBFF34F8F59
:107650003B6200BF00BFFDE77B68002B02D1BB6827
:10766000002B01D1012300E00023002B0BD14FF0B0
:10767000500383F31188BFF36F8FBFF34F8FFB610C
:1076800000BF00BFFDE748237B617B69482B0BD01F
:107690004FF0500383F31188BFF36F8FBFF34F8F09
:1076A000BB6100BF00BFFDE77B693B68FB62FB6A13
:1076B000002B0DD0FB6A012283F8462097F8382072
:1076C000FB6A009313467A68B968F86800F040F8DE
:1076D000FB6A18463037BD4680BD80B58AB002AF20
:1076E000F860B9601346FB71FB68002B0BD14FF0BB
:1076F000500383F31188BFF36F8FBFF34F8F3B614C
:1077000000BF00BFFDE7FB68BA6802FB03F3FB6143
:10771000FB694833184602F0F3F9B861BB69002BE6
:1077200011D0BB697B617B6948337B61BB690022F7
:1077300083F84620FA79BB69009313467A69B968E1
:10774000F86800F005F8BB6918462037BD4680BDD3
:1077500080B584B000AFF860B9607A60FB70BB6838
:10776000002B03D1BB69BA691A6002E0BB697A6871
:107770001A60BB69FA68DA63BB69BA681A640121E6
:10778000B869FFF7C3FE00BF1037BD4680BD0000DB
:1077900080B58EB000AFF860B9607A603B600023BE
:1077A0007B63FB683B633B6B002B0BD14FF05003BB
:1077B00083F31188BFF36F8FBFF34F8FBB6200BF9E
:1077C00000BFFDE7BB68002B03D13B6B1B6C002B9C
:1077D00001D1012300E00023002B0BD14FF0500317
:1077E00083F31188BFF36F8FBFF34F8F7B6200BFAE
:1077F00000BFFDE73B68022B03D13B6BDB6B012B2A
:1078000001D1012300E00023002B0BD14FF05003E6
:1078100083F31188BFF36F8FBFF34F8F3B6200BFBD
:1078200000BFFDE701F096FA0346002B02D17B680A
:10783000002B01D1012300E00023002B0BD14FF0DE
:10784000500383F31188BFF36F8FBFF34F8FFB613A
:1078500000BF00BFFDE702F051F83B6B9A6B3B6B3A
:10786000DB6B9A4202D33B68022B29D13A68B96894
:10787000386B00F091FAF8623B6B5B6A002B10D01A
:107880003B6B2433184601F09FF80346002B13D0BE
:107890003F4B4FF080521A60BFF34F8FBFF36F8F93
:1078A0000AE0FB6A002B07D0394B4FF080521A6078
:1078B000BFF34F8FBFF36F8F02F050F8012363E0E7
:1078C0007B68002B03D102F049F800235CE07B6B5E
:1078D000002B06D107F11403184601F0D9F8012353
:1078E0007B6302F03BF800F021FE02F007F83B6BEF
:1078F00093F844305BB2B3F1FF3F03D13B6B0022FE
:1079000083F844203B6B93F845305BB2B3F1FF3F03
:1079100003D13B6B002283F8452002F01FF83A1D8B
:1079200007F114031146184601F0C8F80346002B6E
:1079300024D1386B00F028FB0346002B18D03B6B9A
:1079400010337A681146184600F0ECFF386B00F0EF
:10795000B3FA00F0F9FD0346002B7FF47CAF0C4B2B
:107960004FF080521A60BFF34F8FBFF36F8F72E7F3
:10797000386B00F0A1FA00F0E7FD6CE7386B00F01F
:107980009BFA00F0E1FD002318463837BD4680BD64
:1079900004ED00E080B590B000AFF860B9607A60A7
:1079A0003B60FB68BB63BB6B002B0BD14FF05003FC
:1079B00083F31188BFF36F8FBFF34F8FBB6200BF9C
:1079C00000BFFDE7BB68002B03D1BB6B1B6C002B1A
:1079D00001D1012300E00023002B0BD14FF0500315
:1079E00083F31188BFF36F8FBFF34F8F7B6200BFAC
:1079F00000BFFDE73B68022B03D1BB6BDB6B012BA8
:107A000001D1012300E00023002B0BD14FF05003E4
:107A100083F31188BFF36F8FBFF34F8F3B6200BFBB
:107A200000BFFDE702F02CF8EFF311824FF0500396
:107A300083F31188BFF36F8FBFF34F8FFA61BB6180
:107A4000FB697B63BB6B9A6BBB6BDB6B9A4202D3AC
:107A50003B68022B2FD1BB6B93F8453087F833304E
:107A6000BB6B9B6BFB623A68B968B86B00F094F92A
:107A700097F93330B3F1FF3F12D1BB6B5B6A002B38
:107A800016D0BB6B2433184600F09EFF0346002B34
:107A90000ED07B68002B0BD07B6801221A6007E0B8
:107AA00097F833300133DBB25AB2BB6B83F8452011
:107AB0000123FB6301E00023FB637B6B7B617B693C
:107AC00083F3118800BFFB6B18464037BD4680BD6D
:107AD00080B58CB000AFF860B9607A600023FB62BB
:107AE000FB68BB62BB6A002B0BD14FF0500383F3E2
:107AF0001188BFF36F8FBFF34F8F3B6200BF00BF92
:107B0000FDE7BB68002B03D1BB6A1B6C002B01D1C6
:107B1000012300E00023002B0BD14FF0500383F32F
:107B20001188BFF36F8FBFF34F8FFB6100BF00BFA2
:107B3000FDE701F00FF90346002B02D17B68002B13
:107B400001D1012300E00023002B0BD14FF05003A3
:107B500083F31188BFF36F8FBFF34F8FBB6100BFFB
:107B600000BFFDE701F0CAFEBB6A9B6B7B627B6ACC
:107B7000002B1FD0B968B86A00F078F97B6A5A1EEA
:107B8000BB6A9A63BB6A1B69002B0FD0BB6A1033B8
:107B9000184600F019FF0346002B07D03C4B4FF06E
:107BA00080521A60BFF34F8FBFF36F8F01F0D6FE84
:107BB000012369E07B68002B03D101F0CFFE002395
:107BC00062E0FB6A002B06D107F11003184600F0B3
:107BD0005FFF0123FB6201F0C1FE00F0A7FC01F092
:107BE0008DFEBB6A93F844305BB2B3F1FF3F03D123
:107BF000BB6A002283F84420BB6A93F845305BB22D
:107C0000B3F1FF3F03D1BB6A002283F8452001F0A6
:107C1000A5FE3A1D07F110031146184600F04EFF6D
:107C20000346002B23D1B86A00F098F90346002BD5
:107C300017D0BB6A24337A681146184600F072FEEA
:107C4000B86A00F039F900F07FFC0346002B89D1B7
:107C50000F4B4FF080521A60BFF34F8FBFF36F8FFF
:107C600080E7B86A00F028F900F06EFC7AE7B86A9D
:107C700000F022F900F068FCB86A00F06FF90346E2
:107C8000002B3FF46FAF002318463037BD4680BD50
:107C900004ED00E080B58EB000AFF860B9607A60A6
:107CA000FB683B633B6B002B0BD14FF0500383F31E
:107CB0001188BFF36F8FBFF34F8F3B6200BF00BFD0
:107CC000FDE7BB68002B03D13B6B1B6C002B01D184
:107CD000012300E00023002B0BD14FF0500383F36E
:107CE0001188BFF36F8FBFF34F8FFB6100BF00BFE1
:107CF000FDE701F0C5FEEFF311824FF0500383F36F
:107D00001188BFF36F8FBFF34F8FBA617B61BB697F
:107D1000FB623B6B9B6BBB62BB6A002B2FD03B6B48
:107D200093F8443087F82730B968386B00F09EF834
:107D3000BB6A5A1E3B6B9A6397F92730B3F1FF3F3A
:107D400012D13B6B1B69002B16D03B6B10331846CE
:107D500000F03AFE0346002B0ED07B68002B0BD0C0
:107D60007B6801221A6007E097F827300133DBB205
:107D70005AB23B6B83F8442001237B6301E000236C
:107D80007B63FB6A3B613B6983F3118800BF7B6BBC
:107D900018463837BD4680BD80B586B000AFF86064
:107DA000B9607A6000237B61FB689B6B3B61FB6879
:107DB0001B6C002B0DD1FB681B68002B4DD1FB68A1
:107DC0009B68184600F0E4FF7861FB6800229A6027
:107DD00043E07B68002B19D1FB685868FB681B6C7B
:107DE0001A46B96802F068F9FB685A68FB681B6CB0
:107DF0001A44FB685A60FB685A68FB689B689A42A1
:107E00002BD3FB681A68FB685A6026E0FB68D868C9
:107E1000FB681B6C1A46B96802F04EF9FB68DA6819
:107E2000FB681B6C5B421A44FB68DA60FB68DA682B
:107E3000FB681B689A4207D2FB689A68FB681B6C58
:107E40005B421A44FB68DA607B68022B05D13B6910
:107E5000002B02D03B69013B3B613B695A1CFB682C
:107E60009A637B6918461837BD4680BD80B582B0DD
:107E700000AF786039607B681B6C002B18D07B6882
:107E8000DA687B681B6C1A447B68DA607B68DA68A6
:107E90007B689B689A4203D37B681A687B68DA60C8
:107EA0007B68D9687B681B6C1A46386802F004F955
:107EB00000BF0837BD4680BD80B584B000AF786094
:107EC00001F01CFD7B6893F84530FB7311E07B6883
:107ED0005B6A002B12D07B682433184600F074FDD7
:107EE0000346002B01D000F04DFEFB7B013BDBB2D3
:107EF000FB7397F90F30002BE9DC00E000BF7B68D3
:107F0000FF2283F8452001F029FD01F0F7FC7B6892
:107F100093F84430BB7311E07B681B69002B12D0CF
:107F20007B681033184600F04FFD0346002B01D04C
:107F300000F028FEBB7B013BDBB2BB7397F90E3030
:107F4000002BE9DC00E000BF7B68FF2283F84420BF
:107F500001F004FD00BF1037BD4680BD80B584B080
:107F600000AF786001F0CAFC7B689B6B002B02D1EC
:107F70000123FB6001E00023FB6001F0EFFCFB68E4
:107F800018461037BD4680BD80B584B000AF78601C
:107F900001F0B4FC7B689A6B7B68DB6B9A4202D180
:107FA0000123FB6001E00023FB6001F0D7FCFB68CC
:107FB00018461037BD4680BD80B485B000AF7860EC
:107FC00039600023FB6014E00E4AFB6852F833303E
:107FD000002B0BD10B49FB683A6841F83320094A62
:107FE000FB68DB0013447A685A6006E0FB680133E3
:107FF000FB60FB68072BE7D900BF00BF1437BD4605
:1080000080BC7047E00C002080B586B000AFF860FF
:10801000B9607A60FB687B6101F070FC7B6993F862
:1080200044305BB2B3F1FF3F03D17B69002283F898
:1080300044207B6993F845305BB2B3F1FF3F03D135
:108040007B69002283F8452001F088FC7B699B6BEB
:10805000002B06D17B6924337A68B968184600F092
:1080600087FC7869FFF728FF00BF1837BD4680BD41
:1080700080B58EB004AFF860B9607A603B607B6B0E
:10808000002B0BD14FF0500383F31188BFF36F8F98
:10809000BFF34F8F3B6200BF00BFFDE7BB6B002B00
:1080A0000BD14FF0500383F31188BFF36F8FBFF3F1
:1080B0004F8FFB6100BF00BFFDE7A0233B613B6921
:1080C000A02B0BD04FF0500383F31188BFF36F8FB9
:1080D000BFF34F8FBB6100BF00BFFDE73B69BB6BC8
:1080E000002B1ED07B6B002B1BD0BB6B7B627B6A93
:1080F0007A6B1A637B6A022283F89D200023039324
:108100007B6A029307F1140301933B6B00933B6876
:108110007A68B968F86800F051F8786A00F0F6F803
:1081200001E000237B617B6918462837BD4680BD8E
:1081300080B58CB004AFF860B9603B601346FB803B
:10814000FB889B00184601F0DBFC78617B69002B03
:108150000ED0A02001F0D4FCF861FB69002B03D005
:10816000FB697A691A6305E0786901F097FD01E01F
:108170000023FB61FB69002B17D0FB69002283F809
:108180009D20FA8800230393FB690293FB6A019305
:10819000BB6A00933B68B968F86800F00FF8F869AB
:1081A00000F0B4F80123BB6102E04FF0FF33BB6184
:1081B000BB6918462037BD4680BD000080B588B039
:1081C00000AFF860B9607A603B603B6B186B7B680E
:1081D0009B001A46A52101F0DDFE3B6B1A6B7B6804
:1081E00003F18043013B9B001344BB61BB6923F057
:1081F0000703BB61BB6903F00703002B0BD04FF0F3
:10820000500383F31188BFF36F8FBFF34F8F7B61F0
:1082100000BF00BFFDE7BB68002B1FD00023FB6140
:1082200012E0BA68FB69134419783A6BFB6913448E
:1082300034330A461A70BA68FB6913441B78002B62
:1082400006D0FB690133FB61FB690F2BE9D900E024
:1082500000BF3B6B002283F8432003E03B6B00220E
:1082600083F83420BB6A062B01D90623BB623B6B23
:10827000BA6ADA623B6BBA6A5A643B6B00229A6450
:108280003B6B04331846FFF7B0F83B6B18331846C6
:10829000FFF7ABF83B6B3A6B1A61BB6AC3F107029D
:1082A0003B6B9A613B6B3A6B5A623B6B0022C3F8A3
:1082B00098203B6B002283F89C203B6B4C334C2274
:1082C0000021184601F066FE3B6B0D4A1A653B6BB8
:1082D0000C4A5A653B6B0C4A9A653A68F968B8696A
:1082E00001F01EFA02463B6B1A60FB6A002B02D0BB
:1082F000FB6A3A6B1A6000BF2037BD4680BD00BFE5
:1083000070370020D83700204038002080B582B078
:1083100000AF786001F0F2FA2A4B1B680133294A5A
:108320001360294B1B68002B09D1274A7B68136017
:10833000244B1B68012B10D100F048FC0DE0234BAF
:108340001B68002B09D1204B1B68DA6A7B68DB6A4B
:108350009A4202D81C4A7B6813601D4B1B6801338C
:108360001B4A13607B68DB6A01229A40194B1B6829
:108370001343184A13607B68DA6A13469B00134460
:108380009B00154A1A447B68043319461046FFF7D0
:1083900038F801F0E3FA0D4B1B68002B0ED00A4BA6
:1083A0001B68DA6A7B68DB6A9A4207D20B4B4FF094
:1083B00080521A60BFF34F8FBFF36F8F00BF083733
:1083C000BD4680BD200E0020200D00202C0E002078
:1083D0003C0E0020280E0020240D002004ED00E0BB
:1083E00080B584B000AF78600023FB607B68002B11
:1083F00018D0144B1B68002B0BD04FF0500383F3A5
:108400001188BFF36F8FBFF34F8FBB6000BF00BFFA
:10841000FDE700F08BF80021786800F041FD00F0E6
:1084200093F8F860FB68002B07D1074B4FF08052A0
:108430001A60BFF34F8FBFF36F8F00BF1037BD4679
:1084400080BD00BF480E002004ED00E080B58AB07A
:1084500004AF0023BB6000237B603A46391D07F15F
:1084600008031846F8F720FD39687B68BA6802925D
:1084700001930023009300230A4624492448FFF770
:10848000F7FD0346234A1360224B1B68002B02D0E2
:1084900001237B6101E000237B617B69012B02D119
:1084A00000F064FD78617B69012B1BD14FF0500314
:1084B00083F31188BFF36F8FBFF34F8F3B6100BF12
:1084C000154B1B684C33154A1360154B4FF0FF32A8
:1084D0001A60144B01221A60134B00221A6001F03B
:1084E0009BF90FE07B69B3F1FF3F0BD14FF05003D5
:1084F00083F31188BFF36F8FBFF34F8FFB6000BF13
:1085000000BFFDE700BF1837BD4680BD2CB900088D
:108510009D8B0008440E0020200D002064010020E7
:10852000400E00202C0E0020240E002080B400AF4E
:10853000044B1B680133034A136000BFBD4680BC77
:10854000704700BF480E002080B584B000AF002304
:10855000FB600023BB60424B1B68002B0BD14FF02C
:10856000500383F31188BFF36F8FBFF34F8F3B60CE
:1085700000BF00BFFDE701F0C1F9394B1B68013BAB
:10858000374A1360364B1B68002B61D1354B1B6893
:10859000002B5DD02EE0344BDB68DB68FB60FB68B2
:1085A00018331846FEF788FFFB6804331846FEF7B9
:1085B00083FFFB68DB6A01229A402C4B1B68134344
:1085C0002A4A1360FB68DA6A13469B0013449B0037
:1085D000274A1A44FB68043319461046FEF711FF78
:1085E000FB68DA6A234B1B68DB6A9A4202D3224B90
:1085F00001221A601C4B1B68002BCCD1FB68002B9E
:1086000001D000F087FB1D4B1B687B607B68002B53
:1086100010D000F045F80346002B02D0164B012283
:108620001A607B68013B7B607B68002BF1D1134BA8
:1086300000221A60104B1B68002B09D00123BB607D
:108640000F4B4FF080521A60BFF34F8FBFF36F8F05
:1086500001F084F9BB6818461037BD4680BD00BFE5
:10866000480E0020200E0020E00D0020280E0020E3
:10867000240D0020200D0020340E0020300E00209C
:1086800004ED00E080B483B000AF044B1B687B6056
:108690007B6818460C37BD4680BC7047240E00200E
:1086A00080B586B000AF00237B614F4B1B68002B69
:1086B00040F08F804D4B1B6801333B614B4A3B6957
:1086C00013603B69002B21D1494B1B681B68002BB1
:1086D0000BD04FF0500383F31188BFF36F8FBFF3BC
:1086E0004F8F3B6000BF00BFFDE7414B1B68FB6045
:1086F000404B1B683E4A13603E4AFB6813603E4B8A
:108700001B6801333C4A136000F004FB3B4B1B68C1
:108710003A699A4248D3364B1B681B68002B04D138
:10872000364B4FF0FF321A603EE0314B1B68DB687E
:10873000DB68BB60BB685B687B603A697B689A42B8
:1087400003D22E4A7B6813602EE0BB6804331846C0
:10875000FEF7B2FEBB689B6A002B04D0BB681833DF
:108760001846FEF7A9FEBB68DB6A01229A40244B3B
:108770001B681343224A1360BB68DA6A13469B00E6
:1087800013449B001F4A1A44BB6804331946104621
:10879000FEF737FEBB68DA6A1B4B1B68DB6A9A423E
:1087A000B9D301237B61B6E7174B1B68DA6A154919
:1087B00013469B0013449B000B441B68012B01D9FB
:1087C00001237B61114B1B68002B07D001237B61C8
:1087D00004E00F4B1B6801330D4A13607B69184698
:1087E0001837BD4680BD00BF480E0020240E002073
:1087F000D80D0020DC0D0020380E0020400E002097
:10880000280E0020240D0020200D0020340E002012
:10881000300E002080B588B000AF3C4B1B68002BA9
:1088200003D03B4B01221A606CE0394B00221A60E6
:10883000384B1B681B6BFB614FF0A533BB61FB69B9
:108840001B68BA699A4211D1FB6904331B68BA6983
:108850009A420BD1FB6908331B68BA699A4205D169
:10886000FB690C331B68BA699A4208D0294B1A6815
:10887000284B1B68343319461046F8F78FFD264BFA
:108880001B68FB60FB68B3FA83F3FB72FB7AC3F1EE
:108890001F037B6121497A6913469B0013449B00A7
:1088A0000B441B68002B0BD14FF0500383F311884E
:1088B000BFF36F8FBFF34F8F7B6000BF00BFFDE73B
:1088C0007A6913469B0013449B00144A13443B618E
:1088D0003B695B685A683B695A603B695A683B6907
:1088E00008339A4204D13B695B685A683B695A6015
:1088F0003B695B68DB68074A1360064B1B684C33B7
:10890000074A136000BF2037BD4680BD480E0020D7
:10891000340E0020200D0020280E0020240D002001
:108920006401002080B584B000AF786039607B6856
:10893000002B0BD14FF0500383F31188BFF36F8FDF
:10894000BFF34F8FFB6000BF00BFFDE7074B1B6805
:10895000183319467868FEF777FD0121386800F072
:108960009FFA00BF1037BD4680BD00BF200D00201C
:1089700080B586B000AFF860B9607A60FB68002B04
:108980000BD14FF0500383F31188BFF36F8FBFF308
:108990004F8F7B6100BF00BFFDE70A4B1B68183398
:1089A0001946F868FEF72DFD7B68002B02D04FF0CA
:1089B000FF33BB607968B86800F072FA00BF1837FF
:1089C000BD4680BD200D002080B586B000AF786028
:1089D0007B68DB68DB683B613B69002B0BD14FF0A8
:1089E000500383F31188BFF36F8FBFF34F8FFB608A
:1089F00000BF00BFFDE73B6918331846FEF75CFD7A
:108A00001D4B1B68002B1CD13B6904331846FEF735
:108A100053FD3B69DB6A01229A40184B1B681343E4
:108A2000164A13603B69DA6A13469B0013449B00A5
:108A3000134A1A443B69043319461046FEF7E1FC19
:108A400005E03B69183319460E48FEF7DAFC3B692E
:108A5000DA6A0D4B1B68DB6A9A4205D901237B61F8
:108A60000A4B01221A6001E000237B617B691846F2
:108A70001837BD4680BD00BF480E0020280E0020DC
:108A8000240D0020E00D0020200D0020340E0020D9
:108A900080B483B000AF7860064B1A687B681A60B8
:108AA000054B1A687B685A6000BF0C37BD4680BC16
:108AB000704700BF380E0020240E002080B588B01B
:108AC00000AF786039607B68002B0BD14FF050030A
:108AD00083F31188BFF36F8FBFF34F8F3B6100BFEC
:108AE00000BFFDE73B68002B0BD14FF0500383F331
:108AF0001188BFF36F8FBFF34F8FFB6000BF00BFC4
:108B0000FDE700F0FBFE1D4B1B68BB617B685B68EB
:108B1000BA69D31A7B613B681B68B3F1FF3F02D18E
:108B20000023FB6123E07B681A68154B1B689A429F
:108B300007D07B685B68BA699A4202D30123FB6164
:108B400015E03B681B687A699A420BD23B681A6849
:108B50007B69D21A3B681A607868FFF799FF002397
:108B6000FB6104E03B6800221A600123FB6100F016
:108B7000F5FEFB6918462037BD4680BD240E002057
:108B8000380E002080B400AF034B01221A6000BFF2
:108B9000BD4680BC704700BF340E002080B582B057
:108BA00000AF786000F052F8064B1B68012BF9D932
:108BB000054B4FF080521A60BFF34F8FBFF36F8F9A
:108BC000F0E700BF240D002004ED00E080B582B086
:108BD00000AF00237B600CE07A6813469B001344CF
:108BE0009B00124A13441846FEF7E0FB7B680133F2
:108BF0007B607B68062BEFD90D48FEF7D7FB0D484D
:108C0000FEF7D4FB0C48FEF7D1FB0C48FEF7CEFB79
:108C10000B48FEF7CBFB0B4B054A1A600A4B054A83
:108C20001A6000BF0837BD4680BD00BF240D00207C
:108C3000B00D0020C40D0020E00D0020F40D002038
:108C40000C0E0020D80D0020DC0D002080B582B075
:108C500000AF19E000F052FE104BDB68DB687B6070
:108C60007B6804331846FEF727FC0D4B1B68013B5D
:108C70000B4A13600B4B1B68013B0A4A136000F060
:108C80006DFE786800F010F8064B1B68002BE1D1F0
:108C900000BF00BF0837BD4680BD00BFF40D0020F7
:108CA000200E0020080E002080B584B000AF786050
:108CB0007B684C33184601F075F97B6893F89D305A
:108CC000002B08D17B681B6B184600F0E7FF786823
:108CD00000F0E4FF19E07B6893F89D30012B03D18D
:108CE000786800F0DBFF10E07B6893F89D30022B82
:108CF0000BD04FF0500383F31188BFF36F8FBFF396
:108D00004F8FFB6000BF00BFFDE700BF1037BD46BF
:108D100080BD000080B483B000AF0C4B1B681B68A3
:108D2000002B04D10A4B4FF0FF321A6008E0074BCA
:108D30001B68DB68DB687B607B685B68044A1360E8
:108D400000BF0C37BD4680BC704700BFD80D002067
:108D5000400E002080B483B000AF0B4B1B68002B8B
:108D600002D101237B6008E0084B1B68002B02D175
:108D700002237B6001E000237B607B6818460C3790
:108D8000BD4680BC704700BF2C0E0020480E00205E
:108D900080B586B000AF78607B683B6100237B6163
:108DA0007B68002B70D03B4B1B683A699A420BD012
:108DB0004FF0500383F31188BFF36F8FBFF34F8FD2
:108DC000FB6000BF00BFFDE73B699B6C002B0BD134
:108DD0004FF0500383F31188BFF36F8FBFF34F8FB2
:108DE000BB6000BF00BFFDE73B699B6C5A1E3B693F
:108DF0009A643B69DA6A3B695B6C9A4244D03B698E
:108E00009B6C002B40D13B6904331846FEF754FBA2
:108E10000346002B15D13B69DA6A1F4913469B00B4
:108E200013449B000B441B68002B0AD13B69DB6A8F
:108E3000012202FA03F3DA43184B1B681340174A66
:108E400013603B695A6C3B69DA623B69DB6AC3F1C8
:108E500007023B699A613B69DB6A01229A400F4B2A
:108E60001B6813430D4A13603B69DA6A13469B0083
:108E700013449B00084A1A443B69043319461046C0
:108E8000FEF7BFFA01237B617B6918461837BD46A0
:108E900080BD00BF200D0020240D0020280E0020E2
:108EA00080B584B000AF78603960294B1B68FB60E7
:108EB000284B1B6804331846FEF7FEFA0346002BC6
:108EC0000BD1244B1B68DB6A012202FA03F3DA435D
:108ED000214B1B681340204A13607B68B3F1FF3FAE
:108EE0000AD13B68002B07D01A4B1B680433194684
:108EF0001A48FEF786FA26E0FA687B681344BB60DE
:108F0000144B1B68BA685A60BA68FB689A4209D267
:108F1000134B1A680F4B1B68043319461046FEF7B3
:108F200093FA10E00F4B1A680A4B1B68043319467A
:108F30001046FEF789FA0C4B1B68BA689A4202D2B7
:108F4000094ABB68136000BF1037BD4680BD00BF33
:108F5000240E0020200D0020280E00200C0E0020E2
:108F6000DC0D0020D80D0020400E002080B58AB016
:108F700004AF00237B6100F093FB1D4B1B68002BAB
:108F800021D00023FB600023BB603A1D07F10801DC
:108F900007F10C031846F7F79FFF7968BB68FA687A
:108FA000029201930223009300230A4611491248BA
:108FB000FFF75EF80346114A1360104B1B68002B45
:108FC00001D001237B617B69002B0BD14FF0500353
:108FD00083F31188BFF36F8FBFF34F8F3B6100BFE7
:108FE00000BFFDE77B6918461837BD4680BD00BF4E
:108FF0007C0E002034B9000875920008800E002015
:1090000080B588B002AFF860B9607A603B60282014
:1090100000F076FD78617B69002B0DD07B69002222
:1090200083F824207B6901933B6A00933B687A684C
:10903000B968F86800F045F87B6918461837BD46EE
:1090400080BD80B58AB002AFF860B9607A603B60DD
:1090500028233B613B69282B0BD04FF0500383F34F
:109060001188BFF36F8FBFF34F8FBB6100BF00BF8D
:10907000FDE73B69FB6A002B0BD14FF0500383F3F4
:109080001188BFF36F8FBFF34F8F7B6100BF00BFAD
:10909000FDE7FB6AFB61FB69002B0DD0FB69022237
:1090A00083F82420FB690193BB6A00933B687A68CC
:1090B000B968F86800F005F8FB6918462037BD4626
:1090C00080BD80B586B000AFF860B9607A603B6063
:1090D000BB68002B0BD14FF0500383F31188BFF313
:1090E0006F8FBFF34F8F7B6100BF00BFFDE77B6ACF
:1090F000002B1ED000F0D4FA7B6AFA681A607B6AF3
:10910000BA689A617B6A3A68DA617B6A3A6A1A627B
:109110007B6A04331846FEF768F97B68002B08D099
:109120007B6A93F8243043F00403DAB27B6A83F855
:10913000242000BF1837BD4680BD000080B58AB02E
:1091400000AFF860B9607A603B6000237B62FB6827
:10915000002B0BD14FF0500383F31188BFF36F8FB7
:10916000BFF34F8F3B6200BF00BFFDE7194B1B6889
:10917000002B2AD0BB687B617B68BB61FB68FB610D
:10918000BB68052B18DCFFF7E5FD0346022B09D170
:10919000104B186807F1140100233A6BFEF7F8FA38
:1091A000786212E00B4B186807F1140100230022CB
:1091B000FEF7EEFA786208E0064B186807F1140132
:1091C00000233A68FEF7E6FB78627B6A1846283788
:1091D000BD4680BD7C0E002080B588B002AF7860AF
:1091E0003960234B1B68DB68DB687B617B69043378
:1091F0001846FEF761F97B6993F8243003F0040305
:10920000002B23D07B699A697B68D1187B683A6808
:10921000786900F0D3F80346002B20D00023009398
:1092200000237A6800217869FFF788FF38613B697D
:10923000002B14D14FF0500383F31188BFF36F8FCD
:10924000BFF34F8FFB6000BF00BFFDE77B6993F862
:10925000243023F00103DAB27B6983F824207B6990
:109260001B6A7869984700BF1837BD4680BD00BFAC
:10927000740E002080B584B000AF786007F1080359
:10928000184600F059F8F860BB681946F86800F015
:1092900005F800F0D5F800BFF0E7000080B584B015
:1092A00000AF78603960FFF741F907F1080318460D
:1092B00000F064F8F860BB68002B30D13B68002BED
:1092C0000AD17A68FB689A4206D8FFF73DF9F96837
:1092D0007868FFF781FF24E03B68002B08D0134B30
:1092E0001B681B68002B01D1012300E000233B60B9
:1092F0000F4B18687A68FB68D31A3A681946FEF76C
:1093000083FEFFF721F90346002B0AD1094B4FF0EA
:1093100080521A60BFF34F8FBFF36F8F01E0FFF7EA
:1093200013F900BF1037BD4680BD00BF780E002086
:109330007C0E002004ED00E080B485B000AF7860C2
:109340000D4B1B681B68002B01D1012200E000229D
:109350007B681A607B681B68002B05D1064B1B6875
:10936000DB681B68FB6001E00023FB60FB681846BC
:109370001437BD4680BC7047740E002080B584B0A1
:1093800000AF7860FFF77EF9F8600B4B1B68FA6856
:109390009A4205D200F01EF97B6801221A6002E0B1
:1093A0007B6800221A60044AFB681360FB68184659
:1093B0001037BD4680BD00BF840E002080B586B04A
:1093C00000AFF860B9607A603B6000237B61FB68A6
:1093D000BA685A60FB68FA681A61BA687B689A4290
:1093E00012D87A683B68D21AFB689B699A4202D30A
:1093F00001237B611BE0104B1A68FB68043319469C
:109400001046FEF721F812E07A683B689A4206D2CD
:10941000BA683B689A4202D301237B6107E0074B9D
:109420001A68FB68043319461046FEF70DF87B698D
:1094300018461837BD4680BD780E0020740E0020F7
:1094400080B58CB002AFB2E0BB68002BC0F2AF8039
:109450003B697B627B6A5B69002B04D07B6A0433C7
:109460001846FEF729F83B1D1846FFF787FF3862BC
:10947000BB68092B00F2988001A252F823F000BFCC
:10948000A9940008A9940008A99400081F95000851
:10949000339500087F950008A9940008A994000856
:1094A0001F950008339500087B6A93F8243043F039
:1094B0000103DAB27B6A83F82420FA687B6A9B692D
:1094C000D118FB683A6A786AFFF778FF0346002BE9
:1094D0006CD07B6A1B6A786A98477B6A93F8243061
:1094E00003F00403002B61D0FA687B6A9B691A447D
:1094F0000023009300230021786AFFF71FFEF86124
:10950000FB69002B52D14FF0500383F31188BFF356
:109510006F8FBFF34F8FBB6100BF00BFFDE77B6A5A
:1095200093F8243023F00103DAB27B6A83F8242015
:109530003DE07B6A93F8243043F00103DAB27B6AA2
:1095400083F82420FA687B6A9A617B6A9B69002B06
:109550000BD14FF0500383F31188BFF36F8FBFF32C
:109560004F8F7B6100BF00BFFDE77B6A9A693B6A52
:10957000D1183B6A3A6A786AFFF720FF17E07B6AE6
:1095800093F8243003F00203002B03D1786A00F033
:1095900085FB0CE07B6A93F8243023F00103DAB2F8
:1095A0007B6A83F8242002E000BF00E000BF084B84
:1095B0001B6807F1080100221846FEF789FA0346E6
:1095C000002B7FF441AF00BF00BF2837BD4680BDF0
:1095D0007C0E002080B588B002AF49E02E4B1B689E
:1095E000DB681B683B612C4B1B68DB68DB68FB603E
:1095F000FB6804331846FDF75FFFFB681B6AF868D9
:109600009847FB6893F8243003F00403002B2FD015
:10961000FB689B693A691344BB60BA683B699A422C
:109620000ED9FB68BA685A60FB68FA681A611A4B6F
:109630001A68FB68043319461046FDF705FF17E06A
:109640000023009300233A690021F868FFF776FDB4
:1096500078607B68002B0BD14FF0500383F31188A7
:10966000BFF36F8FBFF34F8F3B6000BF00BFFDE7BD
:10967000094B1B681B68002BB0D1074B1B687B6133
:10968000064B1B68044A1360044A7B69136000BFE1
:109690001837BD4680BD00BF740E0020780E002034
:1096A00080B582B002AF00F029F9154B1B68002B82
:1096B00020D11448FDF77AFE1348FDF777FE134BCF
:1096C000104A1A60124B104A1A6000230093114B83
:1096D000114A0C210A20FDF783FF0346084A136054
:1096E000074B1B68002B05D0054B1B680B49184620
:1096F000FEF762FC00F032F900BFBD4680BD00BF3E
:109700007C0E00204C0E0020600E0020740E002005
:10971000780E0020000F0020880E00203CB90008C1
:1097200080B485B000AFF860B9607A60FB68043B34
:10973000FB60FB684FF080721A60FB68043BFB60C3
:10974000BB6823F00102FB681A60FB68043BFB6006
:10975000084AFB681A60FB68143BFB607A68FB6888
:109760001A60FB68203BFB60FB6818461437BD4657
:1097700080BC70477997000880B485B000AF0023A3
:109780007B60124B1B68B3F1FF3F0BD04FF05003CF
:1097900083F31188BFF36F8FBFF34F8FFB6000BF60
:1097A00000BFFDE74FF0500383F31188BFF36F8FC5
:1097B000BFF34F8FBB6000BF00BF7B68002BFCD0A6
:1097C00000BF00BF1437BD4680BC70476001002059
:1097D000074B19680868B0E8F00F80F30988BFF3F9
:1097E0006F8F4FF0000080F311884EF00D0E704720
:1097F000200D002000BF00BF06480068006880F30D
:10980000088862B661B6BFF34F8FBFF36F8F00DF7A
:1098100000BF00BF08ED00E080B584B000AF324B60
:10982000FB60FB681B78DBB27B60FB68FF221A7071
:10983000FB681B78DBB2FB70FB78DBB203F05003F4
:10984000DAB22A4B1A702A4B07221A6009E0284B19
:109850001B68013B264A1360FB78DBB25B00DBB27E
:10986000FB70FB78DBB203F08003802BEFD0204B42
:109870001B68C3F10703042B0BD04FF0500383F395
:109880001188BFF36F8FBFF34F8FBB6000BF00BF66
:10989000FDE7174B1B681B02154A1360144B1B682E
:1098A00003F4E063124A13607B68DAB2FB681A7053
:1098B000104B1B680F4A43F4700313600D4B1B6879
:1098C0000C4A43F07043136000F0B8F80A4B0022D2
:1098D0001A60FFF791FFFEF79DFFFFF74DFF002392
:1098E00018461037BD4680BD00E400E0480F002058
:1098F0004C0F002020ED00E06001002080B483B018
:1099000000AF4FF0500383F31188BFF36F8FBFF3A5
:109910004F8F7B6000BF0F4B1B6801330D4A1360F4
:109920000C4B1B68012B10D10B4B1B68DBB2002BBF
:109930000BD04FF0500383F31188BFF36F8FBFF349
:109940004F8F3B6000BF00BFFDE700BF0C37BD4637
:1099500080BC70476001002004ED00E080B483B05B
:1099600000AF124B1B68002B0BD14FF0500383F359
:109970001188BFF36F8FBFF34F8F7B6000BF00BFB5
:10998000FDE70A4B1B68013B084A1360074B1B6845
:10999000002B05D100233B603B6883F3118800BF97
:1099A00000BF0C37BD4680BC704700BF600100207F
:1099B000EFF30980BFF36F8F0D4B1A6820E9F00FAA
:1099C00010602DE908404FF0500080F31188FEF739
:1099D00021FF4FF0000080F31188BDE808401968AE
:1099E0000868B0E8F00F80F30988BFF36F8F704705
:1099F000200D002000BF00BF80B582B000AF4FF047
:109A0000500383F31188BFF36F8FBFF34F8F7B60D9
:109A100000BFFEF745FE0346002B03D0064B4FF078
:109A200080521A6000233B603B6883F3118800BFBB
:109A300000BF0837BD4680BD04ED00E080B400AF34
:109A40000A4B00221A600A4B00221A60094B1B685D
:109A5000094AA2FB03239B09084A013B1360034BFD
:109A600007221A6000BFBD4680BC704710E000E0CE
:109A700018E000E0B0000020D34D621014E000E0D8
:109A800080B485B000AFEFF30583FB60FB680F2B5C
:109A900015D9174AFB6813441B78FB72154B1B78CA
:109AA000FA7A9A420BD24FF0500383F31188BFF336
:109AB0006F8FBFF34F8F7B6000BF00BFFDE70E4B82
:109AC0001B6803F4E0620D4B1B689A420BD94FF000
:109AD000500383F31188BFF36F8FBFF34F8F3B6049
:109AE00000BF00BFFDE700BF1437BD4680BC704714
:109AF000F0E300E0480F00200CED00E04C0F0020E8
:109B000080B58AB000AF78600023FB61FEF70EFDE0
:109B10005C4B1B68002B01D100F024F95A4B1A68EA
:109B20007B681340002B40F095807B68002B1ED093
:109B300008227B6813447B607B6803F00703002BDB
:109B400015D07B6823F0070308337B607B6803F044
:109B50000703002B0BD04FF0500383F31188BFF3A2
:109B60006F8FBFF34F8F7B6100BF00BFFDE77B6846
:109B7000002B6FD0454B1B687A689A426AD8444BD9
:109B80003B62434B1B687B6204E07B6A3B627B6AFF
:109B90001B687B627B6A5B687A689A4203D97B6A3E
:109BA0001B68002BF1D1374B1B687A6A9A4251D05F
:109BB0003B6A1B6808221344FB617B6A1A683B6A94
:109BC0001A607B6A5A687B68D21A08235B009A4243
:109BD00020D97A6A7B681344BB61BB6903F0070331
:109BE000002B0BD04FF0500383F31188BFF36F8F1E
:109BF000BFF34F8F3B6100BF00BFFDE77B6A5A6830
:109C00007B68D21ABB695A607B6A7A685A60B86905
:109C100000F00AF91D4B1A687B6A5B68D31A1B4A6D
:109C200013601A4B1A681B4B1B689A4203D2174BDE
:109C30001B68184A13607B6A5A68134B1B681A43E7
:109C40007B6A5A607B6A00221A60134B1B680133DF
:109C5000114A1360FEF778FCFB6903F00703002B41
:109C60000BD04FF0500383F31188BFF36F8FBFF316
:109C70004F8FFB6000BF00BFFDE7FB691846283728
:109C8000BD4680BD583700206C3700205C3700206F
:109C900050370020603700206437002080B586B040
:109CA00000AF78607B687B617B68002B4FD0082316
:109CB0005B427A6913447B617B693B613B695A680B
:109CC000254B1B681340002B0BD14FF0500383F33F
:109CD0001188BFF36F8FBFF34F8FFB6000BF00BFD2
:109CE000FDE73B691B68002B0BD04FF0500383F35B
:109CF0001188BFF36F8FBFF34F8FBB6000BF00BFF2
:109D0000FDE73B695A68144B1B681340002B1ED0BB
:109D10003B691B68002B1AD13B695A680E4B1B68C4
:109D2000DB431A403B695A60FEF700FC3B695A6806
:109D30000A4B1B681344094A1360386900F074F831
:109D4000074B1B680133064A1360FEF7FDFB00BF9B
:109D50001837BD4680BD00BF6C3700205C3700203F
:109D60006837002080B485B000AF4FF42053BB604B
:109D7000274BFB60FB6803F00703002B0CD0FB684C
:109D80000733FB60FB6823F00703FB60BA68FB68DE
:109D9000D31A1F4A1344BB60FB687B601D4A7B6873
:109DA00013601C4B00225A607B68BA681344FB6046
:109DB0000822FB689B1AFB60FB6823F00703FB602B
:109DC000FB68154A1360144B1B6800225A60124B43
:109DD0001B6800221A607B683B603B68FA68D21AF5
:109DE0003B685A600C4B1A683B681A603B685B68BA
:109DF0000A4A13603B685B68094A1360094B4FF0DD
:109E000000421A6000BF1437BD4680BC704700BFD7
:109E1000500F0020503700205837002060370020B6
:109E20005C3700206C37002080B485B000AF7860CC
:109E3000274BFB6002E0FB681B68FB60FB681B684C
:109E40007A689A42F7D8FB68BB60FB685B68BA68BF
:109E500013447A689A4208D1FB685A687B685B6849
:109E60001A44FB685A60FB687B607B68BB607B6858
:109E70005B68BA681A44FB681B689A4218D1FB6891
:109E80001A68144B1B689A420DD07B685A68FB68AD
:109E90001B685B681A447B685A60FB681B681A6819
:109EA0007B681A6008E00B4B1A687B681A6003E055
:109EB000FB681A687B681A60FA687B689A4202D06D
:109EC000FB687A681A6000BF1437BD4680BC7047D3
:109ED00050370020583700200EB46FF0004110B505
:109EE00000249DB01FAB0290069007910491094891
:109EF000094953F8042B0591006802A901931B94AA
:109F000000F03AFA029B1C701DB0BDE8104003B08F
:109F1000704700BF640100200802FFFF30B51446FF
:109F2000002C05461A469BB005DA8B2303604FF0E0
:109F3000FF301BB030BD4FF40273ADF80C304FF062
:109F4000000319930CBF234604F1FF3302930593DA
:109F50004FF6FF7300910491ADF80E3069461E9BD9
:109F600000F00AFA431CBCBF8B232B60002CE0D00E
:109F70000022009B1A70DCE707B5009313460A46DF
:109F8000014603480068FFF7C9FF03B05DF804FB12
:109F90006401002003460244934200D1704703F855
:109FA000011BF9E72D4B70B51B680446834253D063
:109FB000C3691BB3DB6863B10025E369DB685959EA
:109FC000B1B90435802DF8D1E3692046D96800F095
:109FD00081F8E369196811B1204600F07BF8E36964
:109FE0009D685DB1294620462D6800F073F8F8E7BA
:109FF0000E68204600F06EF83146E1E7616911B164
:10A00000204600F067F8E16911B1204600F062F8DF
:10A01000216B11B1204600F05DF8616B11B1204653
:10A0200000F058F8A16B11B1204600F053F8A16C74
:10A0300011B1204600F04EF8616C11B1204600F0DD
:10A0400049F8E16A11B1204600F044F8236A1BB1D7
:10A050002046BDE87040184770BD00BF6401002075
:10A06000014B1868704700BF6401002070B50026DE
:10A070000C4D0D4C641BA410A64209D100F076FCD7
:10A0800000260A4D0A4C641BA410A64205D170BDDF
:10A0900055F8043B98470136EEE755F8043B9847DE
:10A0A0000136F2E748BA000848BA000848BA000882
:10A0B0004CBA0008704770470A44914200F1FF33E0
:10A0C00000D1704710B511F8014B914203F8014FD0
:10A0D000F9D110BD38B50546002940D051F8043CEF
:10A0E0000C1F002BB8BFE41800F0DEF81C4A136800
:10A0F00033B9636014602846BDE8384000F0DAB830
:10A10000A34208D9206821188B4201BF19685B68F7
:10A1100009182160EDE71A465B680BB1A342FAD932
:10A1200011685018A0420BD1206801445018834296
:10A130001160E0D118685B68084410605360DAE78A
:10A1400002D90C232B60D6E7206821188B4201BF6F
:10A1500019685B680918216063605460CBE738BDFB
:10A16000B438002070B50F4E0C463168054611B961
:10A1700000F0A8FB30602146284600F0A3FB431CFA
:10A1800003D14FF0FF34204670BDC41C24F00304FB
:10A19000A042F8D0211A284600F094FB0130F2D1F9
:10A1A000EFE700BFB03800202DE9F843CD1C25F0C3
:10A1B000030508350C2D38BF0C25002D064601DBA4
:10A1C000A94204D90C2333600020BDE8F883DFF8EE
:10A1D000D48000F069F8D8F800301C4644BB29460A
:10A1E0003046FFF7BFFF431C044658D1D8F8004063
:10A1F0002746002F43D1002C4BD0236839463046E8
:10A2000004EB030900F05EFB814542D12168304632
:10A210006D1A2946FFF7A6FF01303AD023682B4478
:10A220002360D8F800305A6862BBC8F800700FE0AD
:10A230002268521B20D40B2A17D96119A34225602A
:10A2400018BF5960636808BFC8F8001062514B60BE
:10A25000304600F02FF804F10B00231D20F007001A
:10A26000C21A1CBF1B1AA350AFE76268A3420CBFFF
:10A27000C8F800205A60EBE723466468AEE73C4626
:10A280007F68B6E71A465B68A342FBD100235360A0
:10A29000DEE70C233046336000F00CF894E70560ED
:10A2A000D6E700BFB43800200148FFF703BF00BF66
:10A2B000AC3800200148FFF7FEBE00BFAC380020DC
:10A2C0002DE9F0471F468E688246BE420C469046F6
:10A2D0000B682DD8B1F90C2012F4906F26D0656967
:10A2E000096905EB4505A3EB010905EBD5757B1C59
:10A2F0004B446D109D4238BF1D46530527D5294656
:10A30000FFF752FF064660B34A462169FFF7D4FEC5
:10A31000A38923F4906343F08003A38126614E4414
:10A3200026603E466561A5EB0905A560BE4200D9E1
:10A330003E4632464146206800F0AAFA0020A36853
:10A340009B1BA360236833442360BDE8F0872A4643
:10A3500000F0D6FA06460028E0D150462169FFF702
:10A36000B9FE0C23CAF80030A3894FF0FF3043F048
:10A370004003A381E9E700002DE9F04F98468B895F
:10A3800007461B060D4614469DB010D50B6973B9E0
:10A390004021FFF709FF2860286130B90C233B609A
:10A3A0004FF0FF301DB0BDE8F08F40236B610023FC
:10A3B000099320238DF8293030234FF00109CDF87F
:10A3C0000C80DFF898818DF82A3023469A4613F8DE
:10A3D000012B0AB1252AF9D1BAEB040B0BD05B464D
:10A3E000224629463846FFF76BFF013000F0A78070
:10A3F000099A5A4409929AF80030002B00F09F8085
:10A4000000234FF0FF32CDE905230AF1010A04933E
:10A4100007938DF853301A935446052214F8011B04
:10A420004E4800F05FFA049AD8B9D00644BF202302
:10A430008DF85330110744BF2B238DF853309AF811
:10A4400000302A2B15D0544600204FF00A0C079AF2
:10A45000214611F8013B303B092B4BD9B0B1079293
:10A4600014E0A0EB080309FA03F31343A246049394
:10A47000D2E7039B191D1B680391002BBBBF5B42F6
:10A4800042F0020207930793B8BF049223782E2B61
:10A490000AD163782A2B32D1039B02341A1D1B6820
:10A4A000039243EAE3730593DFF8B4A00322504616
:10A4B000217800F017FA38B14022049BA0EB0A0083
:10A4C000824013430134049314F8011B06222548EB
:10A4D0008DF8281000F006FA002836D0224B1BBB5E
:10A4E000039B073323F0070308330393099B33448B
:10A4F00009936AE70C4601200CFB0232A8E700230F
:10A500004FF00A0C194601340593204610F8012B30
:10A51000303A092A03D9002BC6D00591C4E7044676
:10A5200001230CFB0121F0E703AB00932A463846D8
:10A530000E4B04A9AFF30080421C0646D6D1AB896E
:10A540005B063FF52DAF09982CE703AB00932A4635
:10A550003846064B04A900F07DF8EDE70ABA00087A
:10A5600010BA000814BA000800000000C1A20008D8
:10A570002DE9F047164698468A680B6907469342CC
:10A58000B8BF1346336091F843200C46DDF82090A5
:10A590000AB1013333602368990642BF336802333E
:10A5A0003360256815F0060506D104F1190AE36841
:10A5B00032689B1AAB422BDC94F843302268003B94
:10A5C00018BF0123920630D44146384604F14302B5
:10A5D000C847013023D02368226903F00603042B07
:10A5E00014BF002533684FF0000608BFE56804F18A
:10A5F0001A0408BFED1A54F8123C08BF25EAE575A5
:10A600009342C4BF9B1AED18B5421AD1002008E04E
:10A610000123524641463846C847013003D14FF026
:10A62000FF30BDE8F0870135C1E73020E11881F83F
:10A6300043005A1C94F845102244023382F8431018
:10A64000C2E70123224641463846C8470130E6D0DA
:10A650000136D9E72DE9FF470F7E9146782F8046D6
:10A660000C469A460C9E01F1430207D8622F0AD885
:10A67000002F00F0D180582F00F0B88004F142067E
:10A6800084F842703AE0A7F16303152BF6D801A1D4
:10A6900051F823F0EDA6000801A700087DA60008E8
:10A6A0007DA600087DA600087DA6000801A7000879
:10A6B0007DA600087DA600087DA600087DA60008EE
:10A6C000FFA700082BA70008B9A700087DA600086F
:10A6D0007DA6000821A800087DA600082BA7000879
:10A6E0007DA600087DA60008C1A7000833681A1DD2
:10A6F0001B68326004F1420684F8423001239CE07A
:10A7000033682068191D3160060601D51D6803E015
:10A710004506FBD5B3F90050002D03DA2D236D4219
:10A7200084F843300A23584811E02168336808064A
:10A7300053F8045B02D4490648BFADB26F2F3360B3
:10A7400014BF0A2308235048002184F84310666888
:10A75000002EA66005DB21682E4321F00401216054
:10A760004BD01646B5FBF3F103FB1157C75D06F856
:10A77000017D2F46BB420D46F4D9082B0BD123682F
:10A78000DF0708D5236961689942DEBF302306F8E8
:10A79000013C06F1FF36921B22614B4621464046A2
:10A7A000CDF800A003AAFFF7E3FE01304AD14FF035
:10A7B000FF3004B0BDE8F087236843F02003236036
:10A7C0007827324884F84570236831681F0651F8AD
:10A7D000045B02D45F0648BFADB23160D90744BF05
:10A7E00043F0200323601DB11023ADE72648E9E7BD
:10A7F000236823F020032360F6E71646BDE733689D
:10A800002568181D616930602E061B6801D5196026
:10A8100002E06806FBD51980002316462361BCE7D9
:10A82000336800211A1D32601E686268304600F0ED
:10A8300059F808B1801B606063682361002384F8C5
:10A840004330AAE73246494640462369D0470130A3
:10A85000ADD023689B0713D4E068039B9842B8BF30
:10A860001846A6E70123324649464046D047013004
:10A870009DD00135E36803995B1AAB42F2DCEBE74C
:10A88000002504F11906F5E71BBA00082CBA0008E8
:10A89000884210B501EB020402D98442234607D84E
:10A8A000431EA14208D011F8012B03F8012FF8E74D
:10A8B000014602448A4200D110BD13F8014D02F84E
:10A8C000014DF7E738B50023054D044608462B60D7
:10A8D000F7F712F9431C02D12B6803B1236038BD8E
:10A8E000A8380020034610B5C9B202449342184666
:10A8F00001D1002003E0047801338C42F6D110BD71
:10A900002DE9F041074614460D4621B91146BDE830
:10A91000F041FFF749BC2AB9FFF7DCFB2546284682
:10A92000BDE8F08100F01AF88442064602D8B4EB84
:10A93000500FF4D821463846FFF736FC804608B958
:10A940004546ECE7B4422246294628BF3246FFF787
:10A95000B3FB29463846FFF7BDFBF1E751F8043C4D
:10A96000181F002BBCBF0B58C0187047F8B500BFAC
:10A97000F8BC08BC9E467047F8B500BFF8BC08BCE0
:04A980009E46704738
:10A984004442473A2052656C6561736520736B6974
:10A99400702070726573730D0A0000004442473AD8
:10A9A400205374617274205461736B2072656D6FEF
:10A9B4007465206D6F64655B25645D0D0A0000009D
:10A9C4004442473A205365742072656D6F74652064
:10A9D4006D6F64650D0A0000456E61626C65000070
:10A9E40044697361626C65004442473A20257320D0
:10A9F400426C696E6B0D0A004552523A2046726FE2
:10AA04006E74204B65792074696D6572204372659C
:10AA1400617465204572726F720D0A00494E463AA0
:10AA2400205365742044656661756C7420436F6EB1
:10AA340066696775726174696F6E2E2E2E0D0A0039
:10AA44004442473A204C6F61642052656D6F7465CF
:10AA5400206D6F64655B25645D0D0A004442473ACE
:10AA6400204C6F6164204F50206D6F64655B2564DA
:10AA74005D0D0A004442473A205361766520436FD6
:10AA84006E666967204F50204D6F64655B25645D79
:10AA94000D0A00004552523A20436F6E666967758D
:10AAA400726174696F6E206973206E6F74207661B1
:10AAB4006C69642121210D0A000000004552523ABC
:10AAC4002050616765204572726F725B25785D2046
:10AAD400466C617368204572726F725B25785D0DF8
:10AAE4000A0000004552523A202E2E2F436F726501
:10AAF4002F5372632F656E762F6D5F666C6173687A
:10AB04002E630D0A000000004552523A20202D20E9
:10AB14004552524F522E206C696E653A2025642CA2
:10AB24002077697468206572726F7220636F646540
:10AB3400202564200D0A0D0A000000004552523AF7
:10AB440020466C617368205772697465204572727F
:10AB54006F72205B256C785D20546F7453697A653D
:10AB64005B25645D20577269746553697A655B255A
:10AB7400645D0D0A000000004552523A2074726967
:10AB8400676765722074696D6572204372656174CC
:10AB940065204572726F720D0A0000004442473A04
:10ABA4002054726967676572205365742063686115
:10ABB4006E6E656C206E756D5B25645D0D0A00001C
:10ABC4004442473A2054726967676572205B25786E
:10ABD4005D206368616E6E656C5B25645D0D0A00C3
:10ABE4004442473A2052756E205561727420546174
:10ABF400736B21210D0A00004552523A2053656EB1
:10AC04006420436F6D6D616E64204572726F720DC6
:10AC14000A000000EF01000000000000FEFF000039
:10AC2400494E463A20456E61626C652046726F6EED
:10AC340074207561727421210D0A00002530327868
:10AC440020000000202020000D0A0000654D41492D
:10AC54004E5F534300000000654348414E4E454C4F
:10AC64005F534300655345545F4F4E5F54494D4510
:10AC74005F534300655345545F44454C41595F5409
:10AC8400494D455F53430000655345545F54524951
:10AC9400474745525F534300655345545F4C4556FF
:10ACA400454C5F5343000000654F55544D4F444598
:10ACB4005F534300654F504D4F44455F534300007D
:10ACC40065554152544D4F44455F534300000000C5
:10ACD400654554485F49505F5343000065455448F7
:10ACE4005F504F52545F5343000000006552454D7E
:10ACF4004F54455F5343000065555345524D4F44EF
:10AD0400455F53430000000065464143544F525988
:10AD14005F53430065434853454C4543545F534395
:10AD2400000000006556455253494F4E5F5343009F
:10AD3400654D41585F53435245454E5F49440000B9
:10AD4400556E6B6E6F776E2053637265656E00008F
:10AD5400654B65795F49646C65000000654B6579F6
:10AD64005F456E7465720000654B65795F557000D0
:10AD7400654B65795F55736572000000654B6579B5
:10AD84005F446F776E000000654B65795F436853DD
:10AD9400656C0000654B65795F4D6F64650000006C
:10ADA400654B65795F466163746F727900000000DA
:10ADB400654B65795F437572736F7255700000005F
:10ADC400654B65795F437572736F72446F776E007C
:10ADD400654B65795F5365744D6F646500000000D1
:10ADE400654B65795F4578697452656D6F7465006C
:10ADF400556E6B6E6F776E206B6579004D535632CE
:10AE04003030385F46726F6E742070616E656C000E
:10AE1400494E463A203D3D3D3D3D3D3D3D3D3D3D58
:10AE24003D3D3D3D3D3D3D3D3D3D3D3D3D3D3D3D4E
:10AE34003D3D3D3D3D3D3D3D3D3D3D3D3D3D3D3D3E
:10AE44003D3D3D3D3D3D3D3D3D3D3D0D0A00000048
:10AE5400494E463A200920594E5320566973696F6A
:10AE64006E204C454420436F6E74726F6C6C657237
:10AE74000D0A0000494E463A2009204275696C6467
:10AE84002044617461093A20253034642D25303220
:10AE9400642D2530326420253032643A2530326402
:10AEA4003A253032640D0A00494E463A20094D6F66
:10AEB40064656C09093A2025730D0A00322E352E7B
:10AEC40030000000494E463A200956657273696F96
:10AED4006E09093A2025730D0A0000004442473ADE
:10AEE40020537461636B204F766572666C6F7720B4
:10AEF400696E205461736B3A2025730A0D0A0000B1
:10AF04004552523A204576656E74205461736B2025
:10AF1400437265617465204572726F7221210D0A56
:10AF2400000000004552523A2053657269616C205A
:10AF34005461736B20437265617465204572726F4E
:10AF44007221210D0A0000004552523A204B6579C6
:10AF5400205461736B20437265617465204572727D
:10AF64006F7221210D0A0000100000000100000092
:10AF740000000000000000004170706C696361749F
:10AF8400696F6E5461736B007CAF00086117000831
:10AF940000000000000000000002000000000000AB
:10AFA4000000000073657269615461736B000000F6
:10AFB400A8AF000899170008FDFF0000000000007A
:10AFC4000001000000000000000000004B657954FF
:10AFD40061736B00D0AF0008B1170008FDFF0000DB
:10AFE400000000000001000000000000000000005C
:10AFF400494E463A2052756E204576656E7420544B
:10B0040061736B0D0A0000004442473A2052756E8A
:10B014002053657269616C205461736B0D0A0000E2
:10B024004442473A2052756E204B6579205461732F
:10B034006B0D0A004442473A20446973706C61798D
:10B0440020437572736F72204F464621210D0A000A
:10B054004442473A20446973706C617920437572A5
:10B06400736F72206F6E21210D0A00004442473A2B
:10B0740020436865636B20636F6C756D6E206E751D
:10B084006D6265725B25645D2C20636F6C756D6EFB
:10B094000D0A000065434D445F5265616456657254
:10B0A40073696F6E0000000065434D445F4F757413
:10B0B4004D6F64650000000065434D445F4F6E743E
:10B0C400696D650065434D445F44656C61797469DD
:10B0D4006D65000065434D445F496E707574436847
:10B0E4000000000065434D445F4F757443680000E1
:10B0F40065434D445F5472696767657200000000E0
:10B1040065434D445F5472696767657253657400A3
:10B1140065434D445F496E7075744564676500000E
:10B1240065434D445F466163746F727900000000AB
:10B1340065434D445F5374617475730065434D44B6
:10B144005F436C6F736552656D6F7465000000003A
:10B1540065434D445F5365744F504D6F6465000003
:10B1640065434D445F536574447574790000000071
:10B1740065434D445F536574506572696F640000A4
:10B1840065434D445F46525F53657452656D6F74F9
:10B194006500000065434D445F46525F53656C662D
:10B1A400546573740000000065434D445F46525F6C
:10B1B40053657444657649440000000065434D447A
:10B1C4005F46525F536574495000000065434D4427
:10B1D4005F46525F536574506F727400556E6B6EA8
:10B1E4006F776E20436F6D6D616E640025730A0086
:10B1F4004442473A204D6F64656C203A2025732001
:10B204004368206D6F64655B25645D0D0A00000072
:10B214004442473A2046726F6E743A2564204D6169
:10B22400696E3A25640D0A0046203A202531642EC1
:10B2340025316420204D203A202531642E253164A7
:10B244000A0000004442473A2053656E6420436D6F
:10B25400645B25735D0D0A004442473A20526563DE
:10B2640065697665204D61696E205665725B25645B
:10B274005D20467067615B25645D0D0A0000000077
:10B284005354524F4245000044494D4D494E4700E6
:10B294004442473A204C6F616420436F6E6669678D
:10B2A400204D6F64655B25735D0D0A00494E463A77
:10B2B400202573203A206B65795B25735D205365E7
:10B2C400745F6D6F64655B25645D0D0A00000000AA
:10B2D400494E463A20737461727420447261772037
:10B2E4007469746C65205B25645D2063685B256408
:10B2F4005D0D0A0D0A00000043482564202020202B
:10B304004F7065726174696F6E0A0000414C4C2085
:10B314002020204F7065726174696F6E0A0000000E
:10B324004F6E54696D65203A2025356475730A00A3
:10B3340043482564204F6E2D54696D6520202020DC
:10B34400200A0000414C4C20204F6E2D54696D653D
:10B35400202020200A00000056616C7565203A20E8
:10B364002535642075730A00434825642044656CC0
:10B3740061792D54696D6520200A0000414C4C20F0
:10B384002044656C61792D54696D6520200A0000A4
:10B394004348256420547269676765722053657455
:10B3A400200A0000414C4C20205472696767657282
:10B3B40020536574200A0000526973696E67200087
:10B3C40046616C6C696E670056616C7565203A2045
:10B3D4002573200A0000000056616C7565203A2030
:10B3E40020202020202020200A0000004D6F6465CA
:10B3F4002053656C65637420202020200A0000001F
:10B4040031203A204E00000031203A203100000063
:10B41400202020202020257320202020200A000026
:10B424004D6F64652053656C656374696F6E20208D
:10B434000A0000005374726F62652053656C656383
:10B44400742020200A00000050574D004F6E650004
:10B454002573202020202020202020202020200AA6
:10B46400000000004C6576656C20536574204D6FB8
:10B47400646520200A00000056616C7565203A203E
:10B48400253033642525202020200A0052533233EE
:10B4940032204F7065726174696F6E20200A00005B
:10B4A400446576696365204944203A202530326436
:10B4B40020200A00436F6D6D756E69636174696F56
:10B4C4006E20200A00000000253033642E2530331E
:10B4D400642E253033642E25303364200A000000A6
:10B4E400506F7274203A2025303564202020200AC1
:10B4F40000000000436F6D6D756E69636174696F60
:10B504006E2020200A00000052533233322E2E2E99
:10B5140020202020202020200A0000004574686597
:10B52400726E65742E2E2E20202020200A0000002A
:10B534002025730A000000005374726F6265436F24
:10B544006E74726F6C6C65720A00000046616374FD
:10B554006F7279206D6F6465202020200A0000003E
:10B5640052657365742E2E2E20202020202020204A
:10B574000A00000043483220434834204348362020
:10B58400434838200A0000002020202020202020CA
:10B5940020202020202020200A00000046202D20EA
:10B5A4004657203A20566572202531642E25316491
:10B5B4000A0000004D202D204657203A205665727F
:10B5C400202531642E2531640A0000004552523A88
:10B5D4002053746570204572726F722121215B259E
:10B5E400645D0D0A000000004442473A204C696E35
:10B5F400652031205B25735D0D0A00004442473A03
:10B60400204C696E652032205B25735D0D0A0000B5
:10B614004552523A2064726177207469746C6520D3
:10B624006572726F72205B25735D5B25645D2063B8
:10B6340075725F63685B25645D20696E666F20695F
:10B6440064785B25645D20696E666F206D61785B4C
:10B6540025645D0D0A0000004552523A206472616F
:10B6640077207469746C65206572726F72205B2533
:10B67400735D5B25645D0D0A000000000204060092
:10B684004442473A20437572736F725B25645D20B0
:10B6940064696769745B25645D206B65795B2573F8
:10B6A4005D0D0A004442473A204368616E67652095
:10B6B40064656C61792073637265656E0D0A0000C0
:10B6C40056616C7565203A20253035642075730AFF
:10B6D400000000004442473A2054657874205343E4
:10B6E400205265742053435B25735D2076616C752D
:10B6F400655B25640D0A000025732070756C736505
:10B70400202020202020200A000000004442473A44
:10B71400204368616E67652056616C7565206F6CA7
:10B72400645B25645D2025730D0A0000494E463A8A
:10B7340020536574204D6F646520636D645B2564DC
:10B744005D5B25645D0D0A004442473A20526574EE
:10B7540075726E2053435B25735D0D0A0000000073
:10B7640025732050756C7365202020202020200A2A
:10B77400000000004442473A20556E6B6E6F776EAE
:10B784002E2E0D0A000000004442473A20437572F1
:10B794002043485B25645D2044757479204C6576AC
:10B7A400656C3A25640D0A004442473A20416C6CAA
:10B7B400204368616E6E656C204475747943685BE0
:10B7C40025645D5B25645D0D0A00000056616C759F
:10B7D40065203A20253033642020202025250A00C6
:10B7E4004552523A2064726177207469746C652002
:10B7F4006572726F725B25645D0D0A004552523AA0
:10B804002064726177207469746C65206572726F4C
:10B81400722025640D0A00004442473A206973757A
:10B82400705B25645D20416464725B25785D2063F0
:10B8340075725F6469675B25645D0D0A0000000032
:10B844004442473A2052656D6F7465204B65795BBD
:10B8540025735D0D0A0000004442473A2043757287
:10B86400736F72206E65775B25645D206F6C645B1B
:10B8740025645D0D0A0000004442473A2046616396
:10B88400746F72792073637265656E204B65795BA2
:10B8940025735D0D0A000000257300002020202080
:10B8A4004348342043483620434838200A000000E7
:10B8B4004348322020202020434836204348382063
:10B8C4000A0000004348322043483420202020202E
:10B8D400434838200A0000004348322043483420BB
:10B8E40043483620202020200A0000004442473AE2
:10B8F40020536574204F7574206368616E6E656CA7
:10B904005B25645D5B25785D0D0A00004442473A7F
:10B9140020536B6970204B657920416374696F6EA5
:10B924000D0A00000000000049444C4500000000DE
:10B93400546D722053766300546D72510000000000
:10B9440000000000000000000102030406070809CB
:10B9540000000000010203044142434445464748B5
:10B96400494A4B4C4D4E4F505152535455565758CB
:10B97400595A6162636465666768696A6B6C6D6E67
:10B984006F707172737475767778797A3031323377
:10B99400343536373839202D5F0000006368616E16
:10B9A4006E656C5F73637265656E5F66756E63006A
:10B9B4007365745F6368616E676574696D655F66FE
:10B9C400756E6300626C696E6B5F746578745F7327
:10B9D400637265656E5F66756E6300007365745FA0
:10B9E4006C6576656C5F73637265656E5F66756EB4
:10B9F4006300000002030405060708090A0B0C0D86
:10BA04000E0F10100102232D302B2000686C4C0007
:10BA1400656667454647003031323334353637384A
:10BA240039414243444546003031323334353637A8
:0CBA340038396162636465660000000040
:08BA40001047FF7F0100000028
:04BA480035010008BC
:04BA4C0011010008DC
:10BA500001000100000000000000000000000000E4
:10BA60000000000001060708090A00001600000097
:10BA70000000000103E803E803E803E803E803E843
:10BA800003E803E803E803000000000000000000F2
:10BA9000000000000000000000006464646464644E
:10BAA0006464648C00C0A80005BA1320594E532D5D
:10BAB000566973696F6E202020202019190000003C
:10BAC0000008014000800000000C01400800000058
:10BAD000000C014010000000000C0140200000009C
:10BAE000000C014040000000000C014080000000FC
:10BAF000000C014000010000000C014000020000A9
:10BB000000127A0000000000000000001010101069
:10BB10001010101018181818181818181C1C1C1CB5
:10BB20001C1C1C1C1E1E1E1E1E1E1E1E1F1F1F1F39
:10BB30001F1F1F1F01000000E12A00080200000073
:10BB40002D2E0008030000002D2E00080400000028
:10BB500055330008050000005D38000806000000AD
:10BB600055330008070000005533000808000000A6
:10BB7000C93A000809000000E13C00080A00000082
:10BB8000A14100080B000000314500080C00000036
:10BB90002D4600080D000000A94700080E00000017
:10BBA000B5480008FF000000100000000100000080
:10BBB000AAAAAAAA6801002000000000703700208D
:10BBC000D8370020403800200000000000000000AE
:10BBD0000000000000000000000000000000000065
:10BBE0000000000000000000000000000000000055
:10BBF0000000000000000000000000000000000045
:04BC00000000000040
:0400000508004A594C
:00000001FF
