:020000040800F2
:100000000000022051650008A51D0008AD1D000874
:10001000B51D0008BD1D0008C51D0008000000003A
:1000200000000000000000000000000091DD00085A
:10003000CD1D000800000000E1DF000849E00008D5
:10004000A1650008A1650008A1650008A165000878
:10005000A1650008A1650008A1650008A165000868
:10006000A1650008A1650008A1650008A165000858
:10007000A1650008A1650008A1650008A165000848
:10008000A1650008A1650008A1650008A165000838
:10009000A1650008A1650008A1650008A165000828
:1000A000A1650008A1650008A1650008A165000818
:1000B000A1650008A1650008A1650008A165000808
:1000C000A1650008A1650008A1650008A1650008F8
:1000D000A1650008DD1D0008F11D0008A1650008EC
:1000E000A1650008A1650008A1650008A1650008D8
:1000F000A1650008A1650008A1650008A1650008C8
:10010000A1650008A1650008A1650008A1650008B7
:10011000A1650008A1650008051E0008A16500088A
:10012000A1650008A1650008A1650008A165000897
:10013000A16500080000000000000000A1650008A3
:10014000A1650008A1650008A1650008A165000877
:10015000A1650008A1650008A1650008191E000836
:10016000A1650008A1650008A1650008A165000857
:10017000A1650008A1650008000000000000000063
:08018000A1650008A16500085B
:1001900010B5054C237833B9044B13B10448AFF3C1
:1001A00000800123237010BD5C01002000000000CE
:1001B00078EF000808B5034B1BB103490348AFF3C0
:1001C000008008BD000000006001002078EF0008FA
:1001D000034613F8012B002AFBD1181A0138704787
:1001E00001F0FF01102A2BDB10F0070F08D010F8E8
:1001F000013B013A8B422DD010F0070F42B3F6D1EC
:10020000F0B441EA012141EA014122F007047FF004
:1002100000070023F0E80256083C85EA010586EA5B
:10022000010685FA47F5A3FA87F586FA47F6A5FA97
:1002300087F68EB9EED1F0BC01F0FF0102F00702A3
:1002400032B110F8013B013A83EA010313B1F8D14E
:100250000020704701387047002D06BF354603382F
:10026000073815F0010F07D1013015F4807F02BF68
:10027000013015F4C03F0130F0BC0138704700BFB9
:1002800053B94AB9002908BF00281CBF4FF0FF31FD
:100290004FF0FF3000F088B9ADF1080C6DE904CEE5
:1002A00000F006F8DDF804E0DDE9022304B0704751
:1002B0002DE9F047089D8E4604468846002B4AD11A
:1002C0008A42174662D9B2FA82F64EB1C6F12003CD
:1002D00001FA06F820FA03F3B74043EA0808B440ED
:1002E0004FEA174E1FFA87FCB8FBFEF1230C0EFBFA
:1002F000118843EA084301FB0CF29A4209D9FB1822
:1003000001F1FF3080F0EA809A4240F2E780023942
:100310003B449A1AA3B2B2FBFEF00EFB102243EA52
:10032000024300FB0CFC9C4509D9FB1800F1FF328D
:1003300080F0D6809C4540F2D3803B44023840EAAE
:100340000140A3EB0C0300211DB1F3400022C5E9DD
:100350000032BDE8F0878B4205D90DB1C5E9000137
:1003600000210846F5E7B3FA83F1002946D1734529
:1003700002D3824200F20581841A6EEB030201204F
:100380009046002DE5D0C5E90048E2E7002A00F0DC
:100390009080B2FA82F6002E40F0A4808A1A030CF4
:1003A0004FEA174E80B2BCB20121B2FBFEFC0EFB3D
:1003B0001C2243EA024304FB0CF29A4207D9FB18C1
:1003C0000CF1FF3802D29A4200F2E080C4469B1A38
:1003D000B3FBFEF20EFB123340EA034302FB04F4CC
:1003E0009C4207D9FB1802F1FF3002D29C4200F276
:1003F000CA8002461B1B42EA0C40A5E7C1F1200659
:100400008B4022FA06F71F430EFA01F420FA06F396
:100410002EFA06FE4FEA1749234300FA01F81FFAA5
:1004200087FCBEFBF9F01C0C09FB10EE44EA0E44FD
:1004300000FB0CFEA64502FA01F209D93C1900F1B5
:10044000FF3A80F09C80A64540F2998002383C44F7
:10045000A4EB0E041FFA83FEB4FBF9F309FB13446B
:100460004EEA044403FB0CFCA44508D93C1903F1F3
:10047000FF3E80F08280A4457FD9023B3C4443EAA2
:100480000040A4EB0C04A0FB02EC64457346E1467B
:1004900062D35FD05DB1B8EB030264EB090404FAE8
:1004A00006F622FA01F31E43CC40C5E900640021A0
:1004B0004FE7B1FBF2FC010C41EA0E4180B240EA89
:1004C00001423B4638463C46B846BE462026B1FB74
:1004D000F7F1A2EB080241EA0C4166E7014618E792
:1004E00010462CE7C6F120022EFA02F3B740B140C5
:1004F00020FA02F24FEA174E0A43B3FBFEF8BCB2F1
:100500000EFB1833110C41EA034108FB04F9B0401B
:1005100089454FEA104380B23ED9791808F1FF3C73
:1005200001D289451FD8A1EB0901B1FBFEF909FBF6
:1005300004F80EFB191192B242EA0142424529D257
:10054000BA1809F1FF31C4D24245C2D2A9F1020161
:100550003A44BEE7F0459DD2BEEB02036CEB070CBC
:100560000138E14696E7A7EB09094944A8F1020CD6
:10057000B1FBFEF909FB04F8DBE773467FE7504661
:1005800066E70846FDE63B44023A33E7ACF1020C6D
:100590003B441CE749469CE7A1EB0901C446B1FB7B
:1005A000FEF909FB04F8C4E7704700BF80B584B0CA
:1005B00002AF0346FB71F8790023019300230093F7
:1005C00000230022002103F01DF9034618460837D6
:1005D000BD4680BD80B582B000AF2249224800F000
:1005E000E5FA78607B68002B12D0204B1B78002B3B
:1005F00003D01F491F4800F005FC1C4B1B78002B43
:1006000010D07B6826221A491B4800F0FBFB09E04A
:10061000164B1B78022B03D91549184800F0F2FB42
:1006200000231AE000F02CF878607B68002B13D0D0
:100630000E4B1B78002B03D00D490E4800F0E2FB57
:100640000A4B1B78002B05D07B682E2208490A48EC
:1006500000F0D8FB7B6800E07B6818460837BD4691
:1006600080BD00BFC400002000000020802B0020BF
:100670002005010890EF0008BCEF0008F4EF000827
:1006800080B582B000AF1D4B1B78032B03D91C49EA
:100690001C4800F0B7FB1C4B1B681C4A184611464F
:1006A000C4231A460EF01EF8144B1B78022B03D9F4
:1006B0001349174800F0A6FB134B1B68184600F0BF
:1006C000CBF978607B68002B13D00C4B1B78002B88
:1006D00003D00B490F4800F095FB084B1B78002B0B
:1006E00005D07B683D2206490B4800F08BFB7B68F8
:1006F00000E0002318460837BD4680BD802B00204F
:100700003005010818F00008C40000200000002097
:1007100038F0000890EF0008BCEF000880B584B006
:1007200000AF786039601A4B1B78032B05D93B6802
:100730007A681849184800F065FB184B1B68184682
:1007400000F032F8F860FB68002B19D00C20FFF79E
:100750002DFFFB68002B13D00D4B1B78002B03D013
:100760000C490F4800F04EFB094B1B78002B05D0BD
:10077000FB68502207490B4800F044FBFB6803E08C
:100780000D20FFF713FFFB6818461037BD4680BDEC
:10079000802B00204405010860F00008C400002000
:1007A00090EF0008BCEF000880B5C6B002AF07F5B7
:1007B0008873A3F58673186007F58873A3F58473AF
:1007C00018464FF480731A4600210DF0F9FECC2331
:1007D00087F8093107F58873A3F586731B68002B2A
:1007E00013D1464B1B78002B03D04549454800F0F8
:1007F00009FB424B1B78002B04D040224049424861
:1008000000F000FB6FF0150372E007F58873A3F5A5
:1008100086731B683D4A934213D0384B1B78022BDA
:1008200003D937493A4800F0EDFA3A4A07F5887398
:10083000A3F58673196802F10803C42218460DF067
:1008400051FF344B23221A60C421304805F032FE98
:100850000346304A536007F58873A3F584732D4A25
:1008600018461146CC231A460DF03CFF0023A7F88A
:100870000A311CE0B7F80A3107F108021344B7F84F
:100880000A211021019100930123A021224801F0A7
:100890001DFBC7F80C0105200AF049F9D7F80C3107
:1008A000002B09D1B7F80A311033A7F80A31B7F88D
:1008B0000A31FF2BDED900E000BFD7F80C31002B46
:1008C00015D00E4B1B78002B03D00D490D4800F0BE
:1008D00099FA0A4B1B78002B06D0D7F80C31582216
:1008E00007490E4800F08EFAD7F80C3100E00023DB
:1008F000184607F58877BD4680BD00BF802B0020D5
:100900005805010800F1000834F100080800001043
:1009100054F1000800000010842B002080F1000832
:1009200080B586B002AF78600023FB81CC237B7357
:100930007B7B9BB2FA8901931F4B00930123A0217B
:100940001E4801F0FBFA0346002B09D01C4B1B7814
:10095000002B03D01B491C4800F054FA012327E068
:10096000154B1B68232B0AD0154B1B78022B03D980
:100970001449164800F046FA4FF0FF3318E07B6840
:10098000134A1A60C421124805F094FDB8600A4B5E
:100990005B68BA689A420AD0094B1B78002B03D0D7
:1009A00008490C4800F02EFA4FF0FF3300E0002316
:1009B00018461037BD4680BD00000010842B002073
:1009C000802B002078050108B8F10008E8F1000844
:1009D000080000100CF2000880B582B000AF1022B1
:1009E000002119480DF0ECFD00237B600AE0174A56
:1009F0007B684C335B0013444FF47A729A807B68B7
:100A000001337B607B68072BF1DD104B012283F8FB
:100A100029200E4B002242F001025A8500229A85BD
:100A2000202200210A480DF0CBFD084B23221A603A
:100A3000C421084805F03EFD0346044A536000BF48
:100A40000837BD4680BD00BF8C00001000000010BC
:100A50006B0000100800001080B5C8B002AF07F5A9
:100A60008C73A3F58A731860474B1B78032B03D94B
:100A70004649474800F0C6F907F58C73A3F58A7319
:100A80001B68444A93420BD0434A07F58C73A3F585
:100A90008A73196802F10803C42218460DF022FE79
:100AA000FFF79AFF3C4B23221A60C421394805F016
:100AB00001FD0346384A5360CC23C7F80C31D7F800
:100AC0000C31B3F5807F0BDD2F4B1B78002B05D04D
:100AD000D7F80C212D49314800F094F901234EE05C
:100AE00007F58C73A3F586732B4A18461146CC2361
:100AF0001A460DF0F7FD0023A7F812311DE0B7F8F4
:100B0000123107F10C021344B7F8122110210191A0
:100B100000930123A021224801F0D8F90346C7F829
:100B2000143105200AF003F8D7F81431002B09D14D
:100B3000B7F812311033A7F81231B7F81231FF2B82
:100B4000DDD900E000BFD7F81431002B15D00E4BD3
:100B50001B78002B03D00D49124800F053F90A4BC3
:100B60001B78002B06D0D7F81431B42207490E4861
:100B700000F048F9D7F8143101E0D7F814311846DD
:100B800007F58C77BD4680BD802B002098050108B5
:100B90002CF20008080000100000001050F20008BD
:100BA000842B002000F1000880F1000880B5C8B057
:100BB00002AF07F58C73A3F58A73186007F58C7381
:100BC000A3F58C73196007F58C73A3F58C73186803
:100BD000FFF7A6FE0346002B00F09F80524B1B78C8
:100BE000022B03D95149524800F00CF9514A07F53C
:100BF0008C73A3F58A73196802F10803C42218469E
:100C00000DF070FD4B4B23221A60C4214A4805F0B9
:100C100051FC0346474A5360FFF7DEFECC23C7F87A
:100C20000C31D7F80C31B3F5807F0BDD3E4B1B78D0
:100C3000002B05D0D7F80C213C49404800F0E2F8E1
:100C400001236BE0384B1B78032B05D9D7F80C2117
:100C500036493B4800F0D6F807F58C73A3F5867348
:100C6000344A18461146CC231A460DF03BFD0023AA
:100C7000A7F8123128E02C4B1B78022B06D9B7F8C5
:100C800012311A4629492F4800F0BCF8B7F8123142
:100C900007F10C021344B7F81221102101910093BF
:100CA0000123A021284801F011F90346C7F81431A7
:100CB000052009F03CFFD7F81431002B0BD1B7F811
:100CC00012311033A7F81231B7F81231D7F80C21CE
:100CD0009A42D0DC00E000BFD7F81431002B15D0C9
:100CE000114B1B78002B03D01049184800F08AF8EC
:100CF0000D4B1B78002B06D0D7F81431DD220B49A1
:100D0000134800F07FF8D7F8143107E007F58C732B
:100D1000A3F58C731B68084A1A600023184607F570
:100D20008C77BD4680BD00BF802B0020B005010838
:100D30007CF20008000000100800001050F20008CB
:100D4000C0F20008E0F20008842B002000F1000847
:100D500080F10008B0B500AF0E4B1B6803F1200214
:100D60000D4B20331146A42218460DF0BBFC094B55
:100D70001B681A46084B1C46154628686968AA680D
:100D8000EB680FC428696969AA69EB690FC400BFE1
:100D9000B0BD00BFC40000207801002080B485B041
:100DA00000AFF860B9607A60FB68074A1A60BB68F8
:100DB000064A1A607B684FF400721A6000BF14374D
:100DC000BD465DF8047B70473C020020DC02002039
:100DD00080B485B000AFF860B9607A60FB68074AFC
:100DE0001A60BB68064A1A607B684FF400621A609A
:100DF00000BF1437BD465DF8047B7047DC0A002055
:100E00007C0B00200FB480B582B000AF00237B6064
:100E1000134B1B684FF0FF31184609F02DFF07F107
:100E200014037B607B683A69FF210E480DF0BAFB22
:100E30000C48FFF7CDF903469AB26FF07F4309499A
:100E4000094808F0A7FD064B1B68184609F062FF29
:100E500000BF0837BD46BDE8804004B0704700BF02
:100E60007C2B0020CC000010CC2C002080B584B05E
:100E700000AF786039600023FB6012E0FA683B68DD
:100E80009A4208DAFB687A6813441B7819460A48C4
:100E9000FFF7B8FF02E00948FFF7B4FFFB68013332
:100EA000FB60FB68072BE9D90548FFF7ABFF00BFE4
:100EB0001037BD4680BD00BFFCF2000804F30008F7
:100EC00008F3000880B586B000AFF860B9607A60BA
:100ED000FB687B617868FFF795FF0D48FFF792FF8D
:100EE0000CE0B9687869FFF7C1FFBB68072B09D927
:100EF000BB68083BBB607B6908337B61BB68002B28
:100F0000EFDC00E000BF00BF1837BD4680BD00BF6A
:100F100008F3000880B582B000AF094B04221A70B4
:100F200000233B6000237B603B46184609F08CFEA3
:100F30000346044A136000BF0837BD4680BD00BFAA
:100F4000802B00207C2B002080B584B002AF0346AC
:100F5000FB71F87900230193002300930023002202
:100F6000002102F04FFC034618460837BD4680BDFD
:100F700080B400AF024B1846BD465DF8047B704755
:100F80000CF30008F0B585B004AF8B4B1B78032B36
:100F900003D98A498A48FFF735FF874B1B78032B13
:100FA00003D986498748FFF72DFF834B1B78032B16
:100FB00040F2D88053233F2B17D03223303B4FF4DD
:100FC0007A7203FB02F23023303B642101FB03F30E
:100FD000D1183223A3F1300213469B0013445B0067
:100FE000CA183523303BD51800E0632553233F2B27
:100FF00067D053234A2B05D16523612B02D170237F
:101000006E2B5CD05323462B56D053234D2B05D14A
:101010006523612B02D17023722B4BD05323412BBC
:1010200002D16523702B42D053234D2B05D165236C
:10103000612B02D17023792B36D053234A2B05D153
:101040006523752B02D170236E2B2AD053234A2B94
:1010500005D16523752B02D170236C2B1ED0532331
:10106000412B02D16523752B15D05323532B10D060
:1010700053234F2B0BD053234E2B06D05323442BFB
:1010800001D10C2309E0632307E00B2305E00A23C9
:1010900003E0092301E0082302E001E0072302E066
:1010A00001E0062302E001E0052302E001E0042361
:1010B00004E003E0032305E0022303E002E0012350
:1010C00000E0632353223F2A10D031222F2A08D96F
:1010D0003122A2F130010A4692000A445200114620
:1010E00000E000213722303A114400E06321312230
:1010F0003F2A0CD03122A2F1300002469200024475
:101100005200104631220244A2F1300000E0632078
:1011100031223F2A0CD03022A2F130042246920024
:1011200022445200144639222244A2F1300400E045
:10113000632431223F2A0BD03322A2F130063246FB
:10114000920032445200164630223244303A00E0D7
:10115000632203920294019000912A4617491A488B
:10116000FFF750FE144B1B78032B07D9FFF700FF46
:1011700003461A4611491548FFF744FE0E4B1B78EB
:10118000032B04D9124A0D491248FFF73BFE0A4BC4
:101190001B78032B04D9104A08491048FFF732FE88
:1011A000054B1B78032B03D904490548FFF72AFE9A
:1011B00000BF0437BD46F0BD802B0020C8050108E4
:1011C00014F3000858F3000880F30008B8F300088F
:1011D000D0F30008D8F30008F4F30008FCF300088B
:1011E00080B582B000AF00237B6002F015FC786010
:1011F0007B68002B13D04C4B1B78002B03D04B4942
:101200004B48FFF7FFFD484B1B78002B00F0868012
:101210007B68C42245494748FFF7F4FD7EE0FFF7AD
:10122000D9F978607B68002B12D03F4B1B78002BDC
:1012300003D03E493E48FFF7E5FD3B4B1B78002BB2
:101240006CD07B68C72239493A48FFF7DBFD65E07F
:10125000FFF780FD03F07EF878607B68002B12D0EA
:10126000314B1B78002B03D030493148FFF7CAFDC2
:101270002D4B1B78002B51D07B68CC222B492D485D
:10128000FFF7C0FD4AE005F0A9F878607B68002B05
:1012900012D0254B1B78002B03D024492448FFF79C
:1012A000B1FD214B1B78002B38D07B68CF221F4922
:1012B0002048FFF7A7FD31E002F0ACF978607B68C9
:1012C000002B12D0184B1B78002B03D0174918485D
:1012D000FFF798FD144B1B78002B1FD07B68D222A0
:1012E00012491448FFF78EFD18E004F01BF903467D
:1012F0007B607B68002B11D00B4B1B78002B03D03D
:101300000A490B48FFF77EFD074B1B78002B05D0E1
:101310007B68D52205490748FFF774FD7B681846AE
:101320000837BD4680BD00BF802B0020D0050108D6
:1013300014F4000834F40008B0B58AB000AF05F02A
:101340007DFC00F063F800F0F3F900F0F9F800F02C
:10135000C9F800F00FF900F043F900F06BF900F064
:1013600093F900F0BBF9FFF7D5FDFFF70BFEFFF790
:1013700037FF0346002B0DD01C4B1B78002B03D0EE
:101380001B491C48FFF73EFD4FF47A7005F098FCAE
:1013900005F0B3FD154B1B78022B03D914491648F1
:1013A000FFF730FD154B3B6200237B6207F1200302
:1013B00000220121184609F0CFFB0346104A1360B2
:1013C000104B3C1D1D460FCD0FC495E8070084E867
:1013D00007003B1D0021184609F05DFB03460A4A41
:1013E000136009F051FB00BFFDE700BF802B002018
:1013F000DC0501086CF4000898F40008E9180008FE
:10140000602D0020C8F400085C2D002080B594B049
:1014100000AF07F120033022002118460DF0D0F86C
:1014200007F10C0300221A605A609A60DA601A61B0
:101430000023BB60294B1B6C284A43F08053136484
:10144000264B1B6C03F08053BB60BB6800237B60A2
:10145000234B1B68224A43F480431360204B1B68D4
:1014600003F480437B607B6809233B624FF4803345
:101470007B6201237B630223BB634FF48003FB6326
:1014800019233B644FF4A8737B640223BB640423D9
:10149000FB6407F12003184606F0F2FF0346002B19
:1014A00001D000F041FA0F23FB6002233B610023CF
:1014B0007B614FF4A053BB614FF48053FB6107F194
:1014C0000C030521184607F053FA0346002B01D000
:1014D00000F02AFA00BF5037BD4680BD00380240F8
:1014E0000070004080B500AF124B134A1A60114BD8
:1014F000124A5A600F4B00229A600E4B0022DA60AB
:101500000C4B4FF480421A610A4B00225A61094B7E
:1015100000229A61074B0022DA61064B00221A6210
:10152000044805F037FF0346002B01D000F0FCF91A
:1015300000BF80BD842B002000540040A086010025
:1015400080B500AF094B0A4A1A60084B02225A6064
:10155000064B40F6FF729A60044806F03FFF0346D0
:10156000002B01D000F0E0F900BF80BDD82B002097
:101570000030004080B500AF174B184A1A60164B78
:101580004FF482725A60144B00229A60124B002270
:10159000DA60114B00221A610F4B00225A610E4B88
:1015A0004FF400729A610C4B1022DA610A4B002250
:1015B0001A62094B00225A62074B00229A62064BBC
:1015C0000A22DA62044807F0E5FB0346002B01D04B
:1015D00000F0AAF900BF80BDE42B002000300140DC
:1015E00080B500AF114B124A1A60104B4FF41652DF
:1015F0005A600E4B00229A600C4B0022DA600B4BB3
:1016000000221A61094B0C225A61084B00229A6190
:10161000064B0022DA61054808F06CF90346002BFE
:1016200001D000F081F900BF80BD00BF3C2C00203C
:101630000010014080B500AF114B124A1A60104BE8
:101640004FF4E1325A600E4B00229A600C4B00229C
:10165000DA600B4B00221A61094B0C225A61084BCD
:1016600000229A61064B0022DA61054808F042F92F
:101670000346002B01D000F057F900BF80BD00BF2A
:10168000842C00200044004080B500AF114B124A6A
:101690001A60104B4FF4E1325A600E4B00229A60F0
:1016A0000C4B0022DA600B4B00221A61094B0C2212
:1016B0005A61084B00229A61064B0022DA61054804
:1016C00008F018F90346002B01D000F02DF900BFF7
:1016D00080BD00BFCC2C00200048004080B500AF8A
:1016E000114B124A1A60104B4FF4E1325A600E4B04
:1016F00000229A600C4B0022DA600B4B00221A6128
:10170000094B0C225A61084B00229A61064B0022B9
:10171000DA61054808F0EEF80346002B01D000F02E
:1017200003F900BF80BD00BF142D0020001401404C
:1017300080B58AB000AF07F1140300221A605A6026
:101740009A60DA601A6100233B61474B1B6B464A83
:1017500043F004031363444B1B6B03F004033B612E
:101760003B690023FB60404B1B6B3F4A43F0800307
:1017700013633D4B1B6B03F08003FB60FB6800238E
:10178000BB60394B1B6B384A43F001031363364B84
:101790001B6B03F00103BB60BB6800237B60324B13
:1017A0001B6B314A43F0020313632F4B1B6B03F097
:1017B00002037B607B6800224FF4C0412B4805F098
:1017C000CFFD002210212A4805F0CAFD0122202168
:1017D000284805F0C5FD4FF4C0437B610123BB6180
:1017E0000023FB6100233B6207F1140319461F48E5
:1017F00005F01AFC10237B610123BB610023FB6110
:1018000000233B6207F114031946194805F00CFC4C
:101810004FF440537B610023BB610123FB6107F15F
:1018200014031946134805F0FFFB18237B610023BE
:10183000BB610023FB6107F1140319460D4805F055
:10184000F3FB20237B610123BB610023FB610023A9
:101850003B6207F114031946064805F0E5FB00BF9B
:101860002837BD4680BD00BF003802400008024056
:10187000000002400004024080B483B000AF7860F2
:10188000396000BF00BF0C37BD465DF8047B704770
:1018900080B584B000AF78600E4B1B78032B03D962
:1018A0000D490E48FFF7AEFA0D4BBB600023FB60FD
:1018B00007F10803184601F07BFF0A4B1B684FF441
:1018C000FA71184609F07CF90120FFF73DFB02F0A0
:1018D00045F8FCE7802B0020E4050108E4F400084B
:1018E00079180008602D002080B582B000AF7860C4
:1018F000034806F0B5FD00BF0837BD4680BD00BFF8
:10190000D82B002080B582B000AF78607B681B6860
:10191000044A934201D105F0B3F900BF0837BD4630
:1019200080BD00BF0010004080B400AF72B600BFA1
:1019300000BFFDE780B582B000AF00237B60124B93
:101940005B6C114A43F4804353640F4B5B6C03F4AC
:1019500080437B607B6800233B600B4B1B6C0A4A17
:1019600043F080531364084B1B6C03F080533B60BF
:101970003B6800220F216FF0010005F094FA00BFD0
:101980000837BD4680BD00BF0038024080B58AB030
:1019900000AF786007F1140300221A605A609A6061
:1019A000DA601A617B681B68194A93422BD10023C5
:1019B0003B61184B1B6B174A43F002031363154B33
:1019C0001B6B03F002033B613B69C0237B61122365
:1019D000BB610023FB6103233B6204237B6207F1AD
:1019E000140319460C4805F01FFB0023FB60094B4C
:1019F0001B6C084A43F400131364064B1B6C03F47E
:101A00000013FB60FB6800BF2837BD4680BD00BFE8
:101A100000540040003802400004024080B58AB003
:101A200000AF786007F1140300221A605A609A60D0
:101A3000DA601A617B681B68194A93422BD1002334
:101A40003B61184B5B6C174A43F480535364154B4E
:101A50005B6C03F480533B613B690023FB60114BDB
:101A60001B6B104A43F0010313630E4B1B6B03F017
:101A70000103FB60FB68E0237B610223BB61002361
:101A8000FB6103233B6205237B6207F114031946C4
:101A9000054805F0C9FA00BF2837BD4680BD00BF24
:101AA00000300140003802400000024080B590B094
:101AB00000AF786007F12C0300221A605A609A6028
:101AC000DA601A617B681B68714A934235D1002342
:101AD000BB62704B5B6C6F4A43F0100353646D4BF9
:101AE0005B6C03F01003BB62BB6A00237B62694B33
:101AF0001B6B684A43F001031363664B1B6B03F0D7
:101B000001037B627B6A4FF4C063FB6202233B6389
:101B100000237B630323BB630723FB6307F12C03D1
:101B200019465D4805F080FA00220521252005F0C0
:101B3000BAF9252005F0D3F9A5E07B681B68574A60
:101B4000934234D100233B62524B1B6C514A43F405
:101B5000003313644F4B1B6C03F400333B623B6A4E
:101B60000023FB614B4B1B6B4A4A43F00103136399
:101B7000484B1B6B03F00103FB61FB690C23FB6209
:101B800002233B6300237B630323BB630723FB63C5
:101B900007F12C031946404805F046FA00220521BA
:101BA000262005F080F9262005F099F96BE07B6886
:101BB0001B683B4A93422DD10023BB61354B1B6C04
:101BC000344A43F480231364324B1B6C03F48023A8
:101BD000BB61BB6900237B612E4B1B6B2D4A43F01D
:101BE000040313632B4B1B6B03F004037B617B69C2
:101BF0004FF44063FB6202233B6300237B630323B8
:101C0000BB630723FB6307F12C031946254805F046
:101C10000BFA38E07B681B68234A934233D10023D8
:101C20003B611C4B5B6C1B4A43F020035364194B14
:101C30005B6C03F020033B613B690023FB60154BA9
:101C40001B6B144A43F004031363124B1B6B03F02A
:101C50000403FB60FB68C023FB6202233B63002399
:101C60007B630323BB630823FB6307F12C03194643
:101C70000C4805F0D9F900220521472005F013F999
:101C8000472005F02CF900BF4037BD4680BD00BF9E
:101C900000100140003802400000024000440040B3
:101CA00000480040000802400014014080B58EB09A
:101CB00000AF78600023FB620023BB620023FB605F
:101CC000334B1B6C324A43F010031364304B1B6CD4
:101CD00003F01003FB60FB6807F1100207F1140327
:101CE0001146184607F024F83B6AFB62FB6A002B9A
:101CF00003D106F0F5FF786304E006F0F1FF034638
:101D00005B007B637B6B234AA2FB03239B0C013BA1
:101D1000BB62214B214A1A601F4B40F2E732DA6066
:101D20001D4ABB6A53601C4B00221A611A4B0022E9
:101D30009A60194B00229A61174807F039FB034655
:101D400087F8333097F83330002B1BD1124807F057
:101D500089FB034687F8333097F83330002B11D1D5
:101D6000362005F0BCF87B680F2B08D80022796874
:101D7000362005F098F80A4A7B68136002E00123D8
:101D800087F8333097F8333018463837BD4680BD72
:101D90000038024083DE1B43642D00200010004009
:101DA0000001002080B400AF00BFFDE780B400AFA9
:101DB00000BFFDE780B400AF00BFFDE780B400AF17
:101DC00000BFFDE780B400AF00BFFDE780B400AF07
:101DD00000BFBD465DF8047B7047000080B500AFD2
:101DE000024807F0BDFE00BF80BD00BF3C2C0020B4
:101DF00080B500AF024807F0B3FE00BF80BD00BF52
:101E0000842C002080B500AF024807F09BFB00BF88
:101E100080BD00BF642D002080B500AF024807F0F0
:101E20009FFE00BF80BD00BF142D002080B586B08E
:101E300000AF7860144A154BD31A7B617B693B6114
:101E4000134B1B68002B02D1114B124A1A60104B26
:101E50001A687B6813443A699A4207D20CF016FC60
:101E600003460C221A604FF0FF3309E0084B1B6851
:101E7000FB60074B1A687B681344054A1360FB68D4
:101E800018461837BD4680BD00000220000400003F
:101E9000AC2D00206035012080B400AF064BD3F894
:101EA0008830054A43F47003C2F8883000BFBD464D
:101EB0005DF8047B704700BF00ED00E080B400AF28
:101EC00000231846BD465DF8047B704780B58AB094
:101ED00004AFF860084611461A4603467B810B465C
:101EE0003B811346FB80F8883A8979894FF47A73ED
:101EF0000293BB8C01933B6A00930346F86805F09C
:101F00008DFB0346FB75FB7D002B0CD0084B1B782B
:101F1000002B05D07A89FB7D06490748FEF772FF42
:101F20004FF0FF3300E0002318461837BD4680BD50
:101F3000802B00200806010800F5000880B58AB053
:101F400004AFF860084611461A4603467B810B46EB
:101F50003B811346FB80F8883A8979894FF47A737C
:101F60000293BB8C01933B6A00930346F86805F02B
:101F70004FFC0346FB75FB7D002B0CD0084B1B78F8
:101F8000002B05D07A89FB7D06490748FEF73AFF0A
:101F90004FF0FF3300E0002318461837BD4680BDE0
:101FA000802B00201806010830F5000880B485B0A9
:101FB00000AF78600B467B8013467B700023FB608C
:101FC0007B78012B07D1FB681133FB607A88FB68B3
:101FD0001344083BFB607B78022B19D1FB68063366
:101FE000FB607A88FB681344083BFB6010E07B6869
:101FF0001B781B027A680132127813439BB2FA688D
:102000001344FB607B6802337B607B88023B7B80F0
:102010007B88012BEBD87B88002B0CD07B681B784E
:102020001B02FA681344FB6005E0FB689AB2FB6888
:102030001B0C1344FB60FB681B0C002BF5D1FB68E9
:102040009BB2DB439BB218461437BD465DF8047B58
:102050007047000080B487B000AFF860B9601346E5
:10206000FB800023FB75FB881B0A9BB2DAB2154B81
:102070001A70FB88DAB2144B1A7009E0FB7DBA685B
:102080001A44FB7D1178114AD154FB7D0133FB7555
:10209000FB7D032BF2D90023FB7509E0FB7DFA6879
:1020A0001A44FB7D11780A4AD154FB7D0133FB753C
:1020B000FB7D052BF2D900BF00BF1C37BD465DF884
:1020C000047B7047B02D0020CC000020E02D0020C4
:1020D000D82D002080B485B000AF7860396000232F
:1020E000FB7310E0FB7B1A331A467B6813441A78A3
:1020F000FB7B39680B441B789A4201D0002306E031
:10210000FB7B0133FB73FB7B032BEBD901231846CD
:102110001437BD465DF8047B7047000080B485B07D
:1021200000AF78600B467B800023FB737B88282BF5
:1021300001D800231FE07B680C331B78082B04D1E7
:102140007B680D331B78062B11D0002313E0FB7B3B
:1021500026331A467B6813441A78FB7B0949CB5C0B
:102160009A4201D0002306E0FB7B0133FB73FB7B2B
:10217000032BECD9012318461437BD465DF8047BC8
:10218000704700BFE02D002080B485B000AF7860BC
:102190000B467B800023FB737B88292B01D800230F
:1021A00026E07B680C331B78082B04D17B680D3349
:1021B0001B78002B01D000231AE07B680E331B78BC
:1021C000452B11D0002313E0FB7B1E331A467B689E
:1021D00013441A78FB7B0949CB5C9A4201D0002357
:1021E00006E0FB7B0133FB73FB7B032BECD9012364
:1021F00018461437BD465DF8047B7047E02D00207B
:1022000080B485B000AF78600023FB7315E0FB7BE2
:1022100006331A467B681A44FB7B79680B441278B4
:102220001A70FA7BFB7B063319467B680B4408491E
:102230008A5C1A70FB7B0133FB73FB7B052BE6D9B1
:1022400000BF00BF1437BD465DF8047B704700BF78
:10225000D82D002080B584B000AF78607B6818333B
:1022600000221A707B68193300221A707B681433BD
:1022700040221A707B68153300221A707B6816336F
:1022800040221A707B680E33002214211846FFF793
:102290008DFE0346FB81FB891B0A9AB27B681833CB
:1022A000D2B21A707B681933FA89D2B21A7000BFA1
:1022B0001037BD4680BD000080B584B000AF7860A7
:1022C0000023FB7317E0FB7B1A331A467B681A4422
:1022D000FB7B1E3319467B680B4412781A70FA7B1D
:1022E000FB7B1A3319467B680B4408498A5C1A70D9
:1022F000FB7B0133FB73FB7B032BE4D97868FFF78F
:10230000A9FF00BF1037BD4680BD00BFE02D0020F3
:1023100080B485B000AF78600B467B8013467B703D
:102320000423FB732BE0FB7B25337A6813441B7873
:102330001A467B8813447B80FB7B29337A681344DD
:102340001B78BB73FB7B29337A6813447A88D2B23B
:102350001A707B78002B06D0FB7B25337A681344F8
:10236000BA7B1A7005E0FB7B25337A6813440022A0
:102370001A707B881B0A7B80FB7B013BFB73FB7B1A
:10238000002BD0D100BF00BF1437BD465DF8047BE1
:10239000704780B584B000AF78600B467B801346F1
:1023A0007B707B6893F82430FB737B6824337A68F6
:1023B00092F822201A707B682233FA7B1A707B68AD
:1023C00093F82530FB737B6825337A6892F82320D5
:1023D0001A707B682333FA7B1A707A787B881946E7
:1023E0007868FFF795FF7B68323300221A707B68AC
:1023F000333300221A707B682E3350221A7000BFCC
:102400001037BD4680BD000080B584B000AF786055
:102410000023FB737868FFF7F3FE7B681433002218
:102420001A707B68153302221A7017E0FB7B163393
:102430001A467B681A44FB7B203319467B680B44A1
:1024400012781A70FA7BFB7B163319467B680B44B3
:1024500017498A5C1A70FB7B0133FB73FB7B052BEE
:10246000E4D90023FB7317E0FB7B1C331A467B681F
:102470001A44FB7B263319467B680B4412781A708A
:10248000FA7BFB7B1C3319467B680B4409498A5C49
:102490001A70FB7B0133FB73FB7B032BE4D9796858
:1024A0002A2004F028FB00BF1037BD4680BD00BFC6
:1024B000D82D0020E02D002080B582B000AF7860DC
:1024C0000B467B807868FFF79BFE7868FFF7F4FE89
:1024D0007B68223300221A707B6824331B78F72B29
:1024E00005D97B6825331A780132D2B21A707B681D
:1024F00024331A787B6824330832D2B21A707B886E
:102500007968184604F0F7FA00BF0837BD4680BD69
:1025100080B584B000AF78607868FFF771FE7B68A3
:10252000103300221A707B6811332C221A707868DD
:10253000FFF7C2FE7B682F3312221A70002201219E
:102540007868FFF726FF7B68263300221A707B68C5
:10255000273300221A707B682833234A12781A70B6
:102560007B68293300221A701F4B1B780333DAB2C1
:102570001D4B1A707B68363302221A707B68373322
:1025800004221A707B68383305221A707B6839334D
:1025900000221A707B682E3360221A707B683033F9
:1025A00005221A707B68313378221A707B681A33DF
:1025B000022220211846FFF7F9FC0346FB81FB8924
:1025C0001B0A9AB27B683233D2B21A707B683333FB
:1025D000FA89D2B21A7079683A2004F08CFA00BFF6
:1025E0001037BD4680BD00BFD100002080B485B04B
:1025F00000AF78607B6810331B781BB21B021AB2E5
:102600007B6811331B781BB21343FB81FB89143B9E
:102610009BB2FB81FA897B682E331B781B09DBB2E6
:102620009B009BB2D31A9BB2FB81B7F90E30002BF3
:1026300001DC0023FB81FB8918461437BD465DF899
:10264000047B704780B584B000AF78600B467B8018
:1026500013467B707868FFF7D3FD7B682F337A7859
:1026600042F01002D2B21A707B78042B06D17B881C
:10267000012219467868FFF78CFE0BE0B7F90230AB
:10268000002B01D101237B807B88012219467868C9
:10269000FFF77FFE2823FB81FB891B0A9AB27B6828
:1026A0001033D2B21A707B681133FA89D2B21A7021
:1026B0007868FFF701FE7B68303304221A707B686C
:1026C000313300221A707B681A3302221C2118460B
:1026D000FFF76CFC0346FB81FB891B0A9AB27B68FF
:1026E0003233D2B21A707B683333FA89D2B21A709D
:1026F0007968362004F0FFF900BF1037BD4680BD71
:1027000080B584B000AF78600B467B807B8828332F
:10271000FB81FB891B0A9AB27B681033D2B21A7014
:102720007B681133FA89D2B21A707868FFF792FD8C
:102730007B68323300221A707B68333300221A70B0
:102740007B6803F11A007B881C339BB20222194676
:10275000FFF72CFC0346FB81FB891B0A9AB27B68BE
:102760003233D2B21A707B683333FA89D2B21A701C
:102770007B8836339BB27968184604F0BCF900BFF9
:102780001037BD4680BD000080B582B000AF7860D4
:102790000B467B800A4B1B881BB2002219467868C7
:1027A000FFF750FF7B682F3318221A707B88194679
:1027B0007868FFF7A5FF00BF0837BD4680BD00BFA2
:1027C000E42D002080B485B000AFF8600B467A603D
:1027D0007B810CE07B681A78FB681A70FB68013318
:1027E000FB607B6801337B607B89013B7B817B895C
:1027F000002BEFD100BF00BF1437BD465DF8047B4E
:102800007047000080B584B000AF78603960002365
:10281000FB7310E0FB7B7A681344FF221A70FA7B8B
:10282000FB7B063319467B680B442E498A5C1A7081
:10283000FB7B0133FB73FB7B052BEBD97B680C33F4
:1028400008221A707B680D3306221A707B680E33DB
:10285000254A08211846FFF7B5FF0023FB7312E055
:10286000FA7BFB7B163319467B680B441D498A5C57
:102870001A70FB7B20331A467B68134400221A70BF
:10288000FB7B0133FB73FB7B052BE9D90023FB7337
:1028900015E0FB7B3A681A44FB7B263319467B68BC
:1028A0000B4412781A70FA7BFB7B1C3319467B6849
:1028B0000B440E498A5C1A70FB7B0133FB73FB7B74
:1028C000032BE6D90A4B1B78DBB243F00803DAB2DC
:1028D000074B1A7079682A2004F00DF900BF1037F1
:1028E000BD4680BDD82D002028060108E02D00201F
:1028F000D000002080B485B000AF78600023FB7367
:102900000FE0FB7B1C331A467B6813441A78FB7B71
:102910001249CB5C9A4201D0002318E0FB7B0133C3
:10292000FB73FB7B032BECD90023FB730BE0FB7BDE
:1029300016331A467B681A44FB7B1178084AD15437
:10294000FB7B0133FB73FB7B052BF0D9012318467E
:102950001437BD465DF8047B704700BFC82D0020CA
:10296000CC2D002080B485B000AF78600023FB73CD
:102970000B4B01221A7009E0FB7B7A681A44FB7B3F
:102980001178084AD154FB7B0133FB73FB7B032B8B
:10299000F2D900BF00BF1437BD465DF8047B704715
:1029A000D0000020C82D002080B584B000AF786032
:1029B000084611461A460346FB700B46BB70134689
:1029C0007B700023FB7312E0FA7BFB7B79680B447E
:1029D0005F498A5C1A70FA7BFB7B063319467B6879
:1029E0000B445C498A5C1A70FB7B0133FB73FB7BF5
:1029F000052BE9D97B680C3308221A707B680D33EC
:102A000000221A707B680E33534A09211846FFF7DB
:102A1000D9FE7B6811332C221A707B68173306228B
:102A20001A700023FB7314E0FA7BFB7B1E331946FC
:102A30007B680B4449498A5C1A70FA7BFB7B1A332A
:102A400019467B680B4446498A5C1A70FB7B01334C
:102A5000FB73FB7B032BE7D97868FFF7FBFB7B68F5
:102A60002433BA781A707B6825337A781A707B68B9
:102A700022330B221A707B682333FA781A700023F2
:102A8000FB7309E0FB7B26331A467B681344002264
:102A90001A70FB7B0133FB73FB7B072BF2D97B683E
:102AA0002833304A12781A702E4B1B780333DAB26F
:102AB0002C4B1A707B682E3360221A707B682F3380
:102AC00002221A707B68303304221A707B6831331B
:102AD00000221A707B68323300221A707B6833330D
:102AE00000221A707B68343300221A707B683533F9
:102AF00000221A707B68363302221A707B683733E3
:102B000004221A707B68383302221A707B683933CA
:102B100026221A707B681A33022220211846FFF7FA
:102B200045FA0346BB81BB891B0A9AB27B683233E4
:102B3000D2B21A707B683333BA89D2B21A7079680C
:102B40003A2003F0D8FF00BF1037BD4680BD00BF5C
:102B5000CC2D0020D82D002030060108D42D0020D7
:102B6000E02D0020D100002090B585B000AF786046
:102B70000B467B8000237B737B88002B4FD1974BC8
:102B80001B78DBB203F00103002B06D1934B1B78BB
:102B9000DBB203F00403002B0DD0914BB3F90030EE
:102BA000002B08D103F099FF0346002B03D08D4979
:102BB0007868FFF727FE8A4BB3F900309BB20133E8
:102BC0009BB21AB2864B1A80874B1B78012B24D1FB
:102BD000824B1B78DBB203F00203002B1DD0824B2B
:102BE00002221A70814B1B780133DAB27F4B1A70C4
:102BF0007F4B1B785BB25B015AB27C4B1B785BB29C
:102C000003F01F035BB213435BB2D9B2794B1A785E
:102C1000794B1B787868FFF7C7FE002309E27B88B1
:102C200019467868FFF77AFA0346002B1ED07B68B6
:102C300015331B78012B02D17868FFF7E5FB674B52
:102C40001B78DBB203F00803002B0DD07B68153333
:102C50001B78022B08D17868FFF74CFE0346002B47
:102C600002D05E4B02221A700023E2E17B881946F3
:102C70007868FFF789FA0346002B01D10023D8E1D9
:102C80007B6817331B78012B15D17B6822331B78A7
:102C9000082B10D1594B1B68002B05D0574B1B68D4
:102CA0007A681A32104698477B8819467868FFF789
:102CB00003FC0023BDE17B88352B06D87B681733E6
:102CC0001B78062B01D00023B3E17B6824331B78EB
:102CD0000B2B40F061814A4A7B681360494B1B789B
:102CE000022B03D948494948FEF78CF848497868CF
:102CF000FFF7F0F90346002B01D1002399E17B682F
:102D00002F331B7803F00403002B13D0414B1B68B7
:102D1000002B0AD03F4B1C687B6825331B785B096E
:102D2000D8B2002300220321A0472F4B05221A709E
:102D300000237EE17868FFF759FC0346FB812A4BAC
:102D40001B78022B6AD17B682F331B7803F00203B8
:102D5000002B2BD07B682F331B7803F01003002B44
:102D600024D0002200217868FFF76CFC7B682F33A9
:102D700018221A70284B1B68002B0BD0264B1B689F
:102D80007A68233212785209D2B210469847034625
:102D9000FB8101E00023FB81134B03221A70FB89A6
:102DA00019467868FFF7ACFC002342E10E4B012284
:102DB0001A70FB890133FB817B682F331B7803F08A
:102DC0001003002B01D00023FB81B7F90E30042241
:102DD00019467868FFF736FC00232AE1D00000206E
:102DE000CE000020C82D0020B22D0020CD000020F4
:102DF000B12D0020B32D0020B42D0020C42D0020C3
:102E0000C02D0020802B00203C06010864F600083D
:102E1000D42D0020B82D0020BC2D0020874B1B781E
:102E2000042B45D1864B1B68002B29D07B682E33A1
:102E30001B781B09DBB29B009BB222337B817B8812
:102E4000DA1F7B899A4202DC7B88083B7B81FB8905
:102E50003B817A89FB891A447B889A4203DD7A8810
:102E60007B89D31A3B81764B1C687B6825331B78A2
:102E70005B09D8B23B897A890021A04703467B735E
:102E80007B7B002B0BD0B7F90E30092219467868EE
:102E9000FFF7D8FB694B05221A700023C9E0B7F988
:102EA0000E30002219467868FFF7CCFB0023C0E003
:102EB000624B1B78032B48D1604B04221A70604B85
:102EC0001B68002B29D07B682E331B781B09DBB2D3
:102ED0009B009BB222337B817B88DA1F7B899A42DD
:102EE00002DC7B88083B7B81FB893B817A89FB89FB
:102EF0001A447B889A4203DD7A887B89D31A3B8106
:102F00004F4B1C687B6825331B785B09D8B23B8923
:102F10007A890021A04703467B737B7B002B0BD073
:102F2000B7F90E30092219467868FFF78BFB434B3F
:102F300005221A7000237CE0B7F90E3000221946F2
:102F40007868FFF77FFB002373E03C4B1B78052B71
:102F500001D100236DE07B682F331B7803F0010360
:102F6000002B0DD0FB8901339BB21BB209221946FD
:102F70007868FFF767FB314B05221A70002358E091
:102F8000FB89002B06D0B7F90E300022194678686D
:102F9000FFF758FB00234CE07B6824331A78294B59
:102FA0001B789A4244D17B6825331A78264B1B78CC
:102FB0009A423DD17B682F331B7803F00203002B2C
:102FC00004D07868FFF7A4FA002332E07B682F333F
:102FD0001B7803F01003002B2AD07868FFF706FB5C
:102FE00003461A46194B1A80184B1B88002B0DD12B
:102FF0007B682F331B7803F00103002B04D00022E1
:1030000000217868FFF71EFB002312E07B682E3357
:103010001B781B09DBB29B009BB22233FB817B88B0
:10302000DA1FFB899A4201DC002302E0FB8900E001
:10303000002318461437BD4690BD00BFB22D0020B6
:10304000B82D0020B02D0020CC000020E42D002061
:10305000B0B586B004AF062301933B46009301232D
:103060009A22B0211848FEF769FF0346002B09D0C9
:10307000164B1B78002B03D015491648FDF7C2FEEE
:1030800001231DE0144B1A467B1C186810609B88B6
:1030900093800E4B1B78022B11D97B781C46BB7892
:1030A0001D46FB783A797979B879039002910192BB
:1030B00000932B46224606490848FDF7A3FE00234D
:1030C00018460837BD46B0BD842B0020802B002059
:1030D0005006010878F60008D400002094F6000895
:1030E00080B584B000AF17494FF4006003F094FA44
:1030F0000346BB60BB689BB21946124803F0ADFAA9
:103100000346FB80FB88002B17D0BB689AB2FB8874
:10311000D31A9BB219460C4802F0CEFE0346FB813F
:10312000FB89002B04D1BB689AB2FB88D31AFB81C0
:10313000FB891946034803F0A0FA0023184610370C
:10314000BD4680BDCC01001002020010B0B586B0B3
:1031500004AF354803F025FA03F057FA0346FB7134
:10316000FB79002B0BD1314B1B78002B05D0FB7961
:103170001A462F492F48FDF745FE012350E02B4BFF
:103180001B78032B07D903F040FA03461A46284957
:103190002948FDF737FE254B1B78032B1AD9224B04
:1031A0001B781C46204B5B781D461F4B9B781A46AC
:1031B0001D4BDB7819461C4B1B7918461A4B5B7963
:1031C00003930290019100922B46224618491B4816
:1031D000FDF718FE1A4B1B891A461949124803F0CD
:1031E0002BFA184803F058FA104B1B78022B16D90B
:1031F000134B1B781846124B5B781C46104B9B7880
:103200001A460F4BDB7819460D4B1B89029301912F
:1032100000922346024606490B48FDF7F3FD0023C2
:1032200018460837BD46B0BDD4000020802B0020D2
:1032300060060108B8F60008E4F6000808F7000880
:10324000F02D0020F42D002030F7000880B483B06A
:1032500000AF78607A6813469B0013449B001846C1
:10326000A0F101000028FBD100BF0C37BD465DF87E
:10327000047B704780B582B000AF7860786807F053
:1032800056FC00BF0837BD4680BD000080B500AFCA
:1032900000221021024804F063F800BF80BD00BF87
:1032A0000000024080B500AF01221021024804F066
:1032B00057F800BF80BD00BF0000024080B586B057
:1032C00002AF0346FB7107F10E02F91D4FF47A734A
:1032D000009301230C4805F0E6FD0346FB73FB7BDE
:1032E000002B01D1BB7B0AE0084B1B78002B05D0DB
:1032F000FB7B1A4606490748FDF784FD0023184664
:103300001037BD4680BD00BFE42B0020802B00207D
:103310007006010858F70008F0B58DB008AF786066
:103320000023FB730023BB600FE03D4ABB681344DE
:103330001A787968BB680B441B789A4202D0012343
:10334000FB7305E0BB680133BB60BB68032BECDD9E
:10335000FB7B002B0FD1324B1A897B681B899A4269
:1033600009D1304B1B78022B03D92F492F48FDF789
:1033700049FD002350E00A22796829480BF0B2F990
:103380002B4B1B681A46264B1B681360284B1B6887
:103390000433234A52681A60254B1B68204A12895D
:1033A0001A81204B1B78022B26D91D4B1B789C467B
:1033B0001B4B5B789E461A4B9B781A46184BDB7862
:1033C0001946174B1B891846154B1B791C46144B85
:1033D0005B791D46124B9B791E46114BDB79069398
:1033E00005960495039402900191009273466246FB
:1033F0000D491048FDF706FD094B1B891A4608497F
:103400000D4803F019F90D4803F046F94FF4907197
:103410000548FDF783F9002318461437BD46F0BD73
:10342000F02D0020802B00208806010870F700088E
:10343000C40000208CF70008D4000020F42D0020E8
:1034400080B400AF084B1B681B681A46074B1A6014
:10345000054B1B681B899AB2044B1A81002318463E
:10346000BD465DF8047B7047C4000020F02D0020AD
:1034700090B58DB004AF786039607B68FB61FB6903
:103480001B68FB60FB691B783B74FB695B787B7492
:103490000023BB740123FB74FB691B899BB2BB82B5
:1034A0001A4B1B78022B0FD93B7B18467B7B1C46A3
:1034B000BB7BFA7BB98A02910192009323460246B4
:1034C00013491448FDF79EFC07F10C031846FFF75B
:1034D00023FFB861BB69002B12D00C4B1B78002B6B
:1034E00003D00B490C48FDF78DFC084B1B78002BD3
:1034F00006D0BB6940F25B1205490848FDF782FC23
:10350000FFF724FE00BF2437BD4690BD802B00206E
:10351000A0060108CCF70008FCF7000828F800080E
:1035200080B582B000AF0346FB71FB79022B07D157
:10353000074B1B78022B03D906490748FDF762FCAD
:10354000064AFB79137000BF0837BD4680BD00BF37
:10355000802B0020B406010860F80008E82D002048
:1035600080B582B000AF0346FB71FB791846FFF7C8
:10357000D7FF00BF0837BD4680BD000080B582B0D0
:1035800000AF78600B4B1B78022B03D90A490B481C
:10359000FDF738FC0A4B1B78022B05D1FFF7A0FD85
:1035A0000A2007F0C4FAF5E74FF47A7007F0BFFA83
:1035B000F0E700BF802B0020C006010880F800085B
:1035C000E82D002080B582B000AF786039607B685C
:1035D0001B78182B0FD0182B14DC082B02D0092BCA
:1035E00012D00FE07B681A697B685B691946104648
:1035F000FFF73EFF09E07B685B68DBB21846FFF728
:103600008FFF02E000BF00E000BF00BF0837BD46EB
:1036100080BD0000B0B590B004AF0023FB62584BF2
:103620001B78022B04D9574A56495748FDF7EAFB45
:10363000564B3C461D460FCD0FC495E8070084E865
:1036400007003B460021184607F025FA0346504A7A
:1036500013604F4B1B68002B12D1494B1B78002B7A
:1036600003D048494B48FDF7CDFB4FF0FF3383E0D3
:10367000FFF7EEFC0346002B08D00A2007F057FAAC
:10368000FB6A5A1CFA62092BF2DD00E000BFFFF76B
:10369000D7FE0346002B31D0C0233B77A8237B778E
:1036A0000023BB770523FB7741F2BA33BB84C023E9
:1036B00087F82030A82387F82130002387F82230AC
:1036C000012387F823302E4B1B78032B11D93B7F26
:1036D00018467B7F1C46BB7F1A462F4BDB78B98C84
:1036E0000291019300922346024626492B48FDF79A
:1036F00089FB07F11C031846FFF70EFEFFF726FDB6
:10370000B862BB6A002B14D01D4B1B78002B03D072
:103710001C492348FDF776FB194B1B78002B06D07C
:10372000BB6A4FF4DF7217491E48FDF76BFBBB6A9B
:1037300022E01D4B1D4A1A601B4B00225A601A489A
:1037400000F036F8B862BB6A002B14D00C4B1B7823
:10375000002B03D00B491248FDF754FB084B1B7894
:10376000002B06D0BB6A40F2C31206490D48FDF794
:1037700049FBBB6A00E0002318463037BD46B0BDA8
:10378000802B0020D0060108A0F800082CF90008C2
:10379000EC2D0020B4F80008F02D0020DCF8000823
:1037A000FCF7000828F80008FC2D0020C5350008AB
:1037B00080B483B000AF7860104B1B68092B15DC18
:1037C0000E4B1B687A6812680D4941F833200B4B89
:1037D0001B687A6852680A49DB000B445A60074B41
:1037E0001B680133054A1360002300E001231846DB
:1037F0000C37BD465DF8047B704700BF582E002093
:10380000082E002080B586B000AFF860B9607A60FD
:103810003B603D4B1B684FF0FF31184607F0BEFC84
:1038200078617B69002B09D1384B1B78002B03D0C2
:1038300037493848FDF7E6FA002361E018220021F5
:1038400078690AF0BDFEFB68DAB27B691A707B69A1
:10385000BA685A607B697A689A607B693A68DA600C
:103860007B6A002B21D03B6A002B1ED0786A0AF0BD
:103870007DFC02467B691A617B697A6A5A617B69C1
:103880001B69002B0AD1214B1B78002B03D0204948
:103890002148FDF7B7FA6FF00B0331E07B691B6934
:1038A0007A6A396A18460AF01DFF174B1B68796956
:1038B000184607F089FC03463B613B69002B18D092
:1038C0007B691B69002B04D07B691B6918460AF0D1
:1038D0001BFD0E4B1B78012B04D93A690C490F488C
:1038E000FDF790FA084B1B687969184607F01EFD32
:1038F00000BF0B4B1B780133DAB2094B1A703B69DE
:1039000018461837BD4680BD042E0020802B0020AD
:10391000E006010848F9000874F900089CF900085D
:103920005C2E002080B582B000AF78607B68002BF1
:103930000FD07B681B69002B0BD07B681B69184676
:103940000AF0E2FC7B6800221A617B6800225A615F
:1039500000E000BF0837BD4680BD000080B586B0DE
:1039600000AF254B19683B1D4FF0FF32184607F09A
:1039700069FC7B68202B27D1BB68204A1360002399
:103980007B611CE07B69DB001D4A13443B613B69A2
:103990001B68002B08D03B691B68184A10683A69FD
:1039A00052681146984707E0164B1B78002B03D04E
:1039B00015491648FDF726FA7B6901337B61144BE4
:1039C0001B687A699A42DDDB0C4B1B681846FFF7CF
:1039D000A9FF094B1B68094A12681146184607F0EF
:1039E000A5FC0C4B1B78013BDAB20A4B1A7000BFE6
:1039F0001837BD4680BD00BF042E0020602E002079
:103A0000082E0020802B0020F0060108DCF90008B9
:103A1000582E00205C2E002080B584B000AF142307
:103A20003B6018237B6007F10C03BB603B46002121
:103A3000184607F05BFB03460A4A1360094B1B68F4
:103A4000002B09D1084B1B78002B03D007490848ED
:103A5000FDF7D8F9012300E0002318461037BD46D2
:103A600080BD00BF042E0020802B00200407010829
:103A7000F8F9000880B584B002AF0346FB71F8790D
:103A80000023019300230093002300220021FFF76D
:103A9000B9FE034618460837BD4680BD80B582B0E2
:103AA00000AF7860FEF70AFA03460E4A13600E4B29
:103AB0005A680E4B1B689A420FD00D4B1B78022B95
:103AC00007D9094B5A68074B1B680A490A48FDF792
:103AD00099F9054B5B68054A136000BF0837BD467E
:103AE00080BD00BF782E00207C2E0020DC0000204E
:103AF000802B0020140701081CFA000880B584B050
:103B000000AF786039600023FB600AE0FB687A68E8
:103B100013441B781946022001F04EFDFB68013367
:103B2000FB60FA683B689A42F0DB00BF00BF1037C9
:103B3000BD4680BDB0B582B000AF55211F48FCF72F
:103B4000EDFD78607B68002B1ED11D4B1B6803F1D7
:103B500020021C4B20331146A42218460AF0C2FD55
:103B6000174B1B681A46174B156854689068D16844
:103B70001D605C609860D960156954699069D1696D
:103B80001D615C619861D9617B68002B11D00E4B7F
:103B90001B78002B03D009490C48FDF733F90A4B79
:103BA0001B78002B05D07B685A2204490848FDF792
:103BB00029F900BF0837BD46B0BD00BF2007010886
:103BC000C400002078010020802B002040FA00086B
:103BD0006CFA000880B58EB002AF0346FB7100237B
:103BE00087F82F3000237B6200233B624FF47A700A
:103BF00006F09DFF0021002000F0C2FC0021002003
:103C000000F030FDFF21FF2000F0C4FD884B1B7841
:103C1000022B09D9874B1B68DB7A1A46864BDB7A65
:103C200086498748FDF7EEF8834BD3F822307B6254
:103C3000814BD3F826303B627F4B93F82130FB77E2
:103C4000804BBB61804B7B61804B3B61FB7F042BD6
:103C50001CD00023BB6216E0BB6AD8B2BB6A5B0013
:103C60007A6913441B88194600F0F8FDBB6AD8B284
:103C7000BB6A5B003A6913441B88194600F03EFE9C
:103C8000BB6A0133BB62BB6A072BE5DDFB7F013BEF
:103C9000032B75D801A252F823F000BFAD3C0008F9
:103CA000813D0008B53C0008FD3C0008012387F871
:103CB0002F3065E00023BB621CE0BB6ADAB25E49CC
:103CC000BB6A0C33DB000B44D3F8033019461046B3
:103CD00000F02EFFBB6ADAB25749BB6A0C33DB0037
:103CE0000B44D3F807301946104600F085FFBB6A35
:103CF0000133BB62BB6A032BDFDD41E007F1080340
:103D000000221A605A604C4B93F8323087F82F30FB
:103D10000023BB622BE04849BA6A13469B00134458
:103D20000B443B33197807F10802BB6A13440A4677
:103D30001A7007F10802BB6A13441B78002B13D0DA
:103D4000BB6AD8B2BB6A5B007A6913441B88194608
:103D500000F084FDBB6AD8B2BB6A5B003A691344C9
:103D60001B88194600F0CAFDBB6A0133BB62BB6AFF
:103D7000072BD0DD07F10803184600F06DFE00BFE9
:103D80002D4B93F88330184600F03AFDFB7F796A9B
:103D9000184600F067FC284B93F82030184600F0D6
:103DA000C1FC97F82F20FB7F1146184600F0F2FC6B
:103DB000214B93F82030012B1DD11E4B1B68DB7A61
:103DC0001D4AB2F8B42092B21146184600F002FE25
:103DD0000023BB620CE0BB6AD8B2BB6A5B00BA6965
:103DE00013441B88194600F0BFFDBB6A0133BB6258
:103DF000BB6A072BEFDD0E4B1B78032B07D9FB7F2C
:103E000000933B6A7A6A0D491148FCF7FBFFFB7F80
:103E1000796A184600F026FCFB7F396A184600F0E4
:103E2000AFFB1320FFF726FE00BF3037BD4680BD35
:103E3000802B0020C4000020780100202C070108FE
:103E4000A4FA00081C020020FC0100200C02002043
:103E5000C0FA000880B584B000AF0346FB71274B61
:103E60001B78022B0AD9FB79002B01D0244B00E0F0
:103E7000244B1A4624492548FCF7C4FF244AFB7901
:103E80001370FB79012B2BD10121012000F082FC62
:103E90000021002000F074FB4FF0FF31002000F003
:103EA000E1FB0023FB600FE0FB68DBB2002118465A
:103EB00000F0D4FCFB68DBB24FF4FA61184600F066
:103EC0001DFDFB680133FB60FB68072BECDD114B2C
:103ED0001B68184606F0D4FF0CE0642006F027FEAD
:103EE0000B4B5B78002BF8D00120FFF773FE1720F7
:103EF000FFF7C0FD00BF1037BD4680BD802B0020FE
:103F0000ECFA0008F4FA00083C070108FCFA000883
:103F1000642E00200831002080B483B000AF034637
:103F2000FB71FB79034A136000BF0C37BD465DF897
:103F3000047B70477C2E002080B582B000AF002348
:103F40007B6009E00C4B1B78012B09D10A2006F09D
:103F5000EEFD7B6801337B607B68632BF2DD00E064
:103F600000BF7B68632BD4BF01230023DBB218465C
:103F70000837BD4680BD00BF642E002080B582B0EA
:103F800000AF164B1B78022B03D915491548FCF7D7
:103F900039FF00237B600FE001227B6802FA03F304
:103FA0001946002000F0ECFAFFF7C6FF0346002B8D
:103FB00006D17B6801337B607B68072BECDD00E07A
:103FC00000BF064B1B78022B03D905490648FCF7B6
:103FD00019FF00BF0837BD4680BD00BF802B002001
:103FE0004C07010814FB000830FB000880B584B0C2
:103FF00000AF03463960FB71274B1B78022B05D9B4
:10400000FB791A4625492648FCF7FCFEFB79002B74
:1040100008D0FB79042B05D8FB79013BDBB2DB0030
:10402000FB730AE0FB79052B02D0FB79062B04D148
:10403000FB79053BDBB21B01FB73174B1B78022B93
:1040400004D93A6815491748FCF7DCFEFB7B3A684F
:1040500002FA03F33B603968002000F091FA002374
:10406000BB6007E0FFF768FF0346002B06D1BB6883
:104070000133BB60BB68022BF4DD00E000BF064BE0
:104080001B78022B03D905490748FCF7BBFE00BF8C
:104090001037BD4680BD00BF802B002054070108AB
:1040A00048FB00086CFB00088CFB000880B582B060
:1040B00000AF4FF0FF31002000F062FA00237B6078
:1040C00007E0FFF739FF0346002B06D17B68013379
:1040D0007B607B68022BF4DD00E000BF00BF083787
:1040E000BD4680BD80B582B000AF0346FB71FB7951
:1040F000072B26D801A252F823F000BF1D4100086B
:1041000023410008234100082341000823410008FF
:104110002F4100082F4100083D410008FFF72EFF06
:1041200010E0FB79FF211846FFF760FF0AE0FB79FA
:104130004FF6FF711846FFF759FF03E0FFF7B6FF90
:1041400000E000BF00BF0837BD4680BD80B584B029
:1041500000AF78600023FB73214B1B78022B03D93F
:1041600020492148FCF74EFE204B1B684FF0FF31E1
:10417000184606F037FE0346002B2DD1184B1B784E
:10418000022B23D917491A48FCF73CFE1EE0144BBA
:104190001B78022B05D9FB7B1A4612491548FCF700
:1041A00031FE154B00225A70FB7B1846FFF79AFF31
:1041B000114B01225A70FB7B0133FB73FB7B072BF6
:1041C00001D90023FB73642006F0B1FC0A4B1B7875
:1041D000012BDCD00023FB73642006F0A8FCC3E7AE
:1041E000802B00205C070108A4FB00080831002098
:1041F000C4FB0008E4FB0008642E002080B582B0F8
:1042000000AF786039607B681B78013B1E2B00F2A1
:104210008F8001A252F823F0954200083143000834
:10422000314300083143000831430008ED420008E3
:10423000054300083143000831430008FF420008ED
:10424000314300083143000831430008314300087E
:10425000314300083143000831430008314300086E
:104260003143000831430008134300081B43000892
:10427000314300083143000831430008314300084E
:10428000314300083143000831430008314300083E
:10429000234300082A4B1B68C821184606F090FCEF
:1042A000284B1B78022B07D9274B1B689B7A1A4691
:1042B00026492748FCF7A6FD234B1B689B7A012B58
:1042C00004D0214B1B689B7A022B33D11E4B1B68F9
:1042D0009B7A184601F036FA1B4B1B689B7A1846EE
:1042E000FFF73EF90220FFF775FC23E07B681A69AF
:1042F0007B685B6919461046FFF700FC1BE0FFF77F
:1043000019FC18E07B685B68DBB21846FFF762FCBB
:1043100011E00120FFF79EFD0DE00020FFF79AFD60
:1043200009E07B685B68DBB21846FFF7F5FD02E049
:1043300000BF00E000BF00BF0837BD4680BD00BF22
:10434000682E0020802B0020C40000206C0701088C
:1043500000FC0008B0B58CB000AF4A4B1B78032BB3
:1043600003D949494948FCF74DFD0023BB620023AE
:10437000FB6207F128030121184606F001FD034600
:10438000434A1360434B3B6200237B6207F12003E7
:1043900000220121184606F0DFFB03463E4A136067
:1043A0003D4B1B68002B09D1364B1B78002B03D0EB
:1043B00035493A48FCF726FD01235EE0314B1B7876
:1043C000022B06D9324B1B681A462F493448FCF79A
:1043D00019FD2F4B1B68002B19D02D4B1B6800219A
:1043E000184606F0FFFC0346002B08D1254B1B782E
:1043F000022B0CD924492B48FCF704FD07E0214B84
:104400001B78022B03D920492748FCF7FBFC274BDC
:104410003C1D1D460FCD0FC495E8070084E807003A
:104420003B1D0021184606F036FB0346204A136068
:104430001F4B1B68002B09D1124B1B78002B03D09C
:1044400011491C48FCF7DEFC012316E01A4B1B4AFD
:104450001A60194B00225A601748FFF7A9F9034662
:10446000002B09D0074B1B78002B03D006491448BA
:10447000FCF7C8FC012300E0002318463037BD4696
:10448000B0BD00BF802B00207807010824FC000885
:10449000083100209D3A0008682E00203CFC0008EE
:1044A00064FC000884FC0008A4FC00081CFD000853
:1044B000742E0020C0FC00086C2E0020FD41000876
:1044C000E4FC000880B485B000AF0346FB71124BDA
:1044D0001B6801335A42C3F30A03C2F30A0258BFEE
:1044E0005342FB600D4B1B78002B0DD00C4B1B680F
:1044F000FA689A420AD0084AFB681360064B1B68A8
:104500000849FA79CA5402E000BF00E000BF14373E
:10451000BD465DF8047B704710310020E0000020AC
:104520000C310020D009001080B483B000AF786057
:10453000104B1A68104B1B689A4201D1002312E0FD
:104540000D4B1B6801335A42C3F30A03C2F30A023C
:1045500058BF5342084A1360074B1B68074AD25C96
:104560007B681A70012318460C37BD465DF8047B42
:10457000704700BF103100200C310020D00900101E
:1045800080B586B000AF03463960FB713B68BB6005
:1045900055233B7304237B7300237B6146E07A7BC6
:1045A0007B69DBB2D31ADBB27B737B695B001833A8
:1045B0003B4413F8103CFB737B695B0001331833F9
:1045C0003B4413F8103CBB7307F10C031E4A042153
:1045D0001846FCF777FC1D4B1B78022B04D93A6870
:1045E0001B491C48FCF70EFC07F10C03042219467A
:1045F000012001F013FE38613B69002B13D0134BEF
:104600001B78002B03D012491348FCF7FBFB0F4B20
:104610001B78002B05D03B6981220D490F48FCF720
:10462000F1FB3B690CE07B6901337B617B69012B0A
:10463000B5DD3B68002B02D0094A3B68936000233C
:1046400018461837BD4680BD78FD0008802B002035
:104650008C07010884FD0008A0FD0008CCFD0008BF
:10466000E000002080B586B000AF03463960FB71E2
:104670003B68BB6055233B7302237B7300237B6144
:104680003DE07A7B7B69DBB2D31ADBB27B737B695B
:104690005B0018333B4413F8103CFB737B695B00F1
:1046A000013318333B4413F8103CBB7307F10C0380
:1046B000174A04211846FCF705FC07F10C030422F5
:1046C0001946012001F0AAFD38613B69002B13D087
:1046D000104B1B78002B03D00F491048FCF792FBBE
:1046E0000C4B1B78002B05D03B699B220A490C48D8
:1046F000FCF788FB3B6906E07B6901337B617B69E2
:10470000012BBEDD002318461837BD4680BD00BF13
:1047100004FE0008802B0020A4070108A0FD00086B
:10472000CCFD000880B584B000AF0346FB71552373
:104730003B7305237B73FB79BB730023FB73104B27
:104740001B78022B0AD9FB79002B01D00D4B00E01E
:104750000D4B1A460D490E48FCF754FB07F10C03AC
:1047600004221946012001F059FD0346002B01D017
:10477000012300E0002318461037BD4680BD00BF6E
:10478000802B002010FE000818FE0008BC0701085E
:1047900020FE000880B584B000AF03460A46FB71D6
:1047A0001346BB7155233B7306237B73FB79BB73A5
:1047B0000023FB73FB79012B05D0FB79042B02D07E
:1047C000FB79FF2B01D1BB79FB7307F10C030B4A7B
:1047D00004211846FCF776FB07F10C030422194666
:1047E000012001F01BFD0346002B01D0012300E056
:1047F000002318461037BD4680BD00BF3CFE0008B0
:1048000080B584B000AF0346FB7155233B7307238B
:104810007B73FB79BB730023FB730D4B1B78022B5F
:1048200005D9FB791A460B490B48FCF7EBFA07F15F
:104830000C0304221946012001F0F0FC0346002B72
:1048400001D0012300E0002318461037BD4680BD8B
:10485000802B0020CC0701084CFE000880B586B0F4
:1048600000AF03460A46FB711346BB801E4B1B7804
:10487000022B05D9FA79BB881C491D48FCF7C2FAFE
:10488000BB88BB8155233B74FB791033DBB27B744F
:104890007B7BBB743B7BFB7407F11003042219463E
:1048A000012001F0BBFC78617B69002B16D07B698D
:1048B000002B13D00C4B1B78002B03D00B490D4859
:1048C000FCF7A0FA084B1B78002B05D07B69F92276
:1048D00006490948FCF796FA7B6900E00023184670
:1048E0001837BD4680BD00BF802B0020E0070108BF
:1048F00064FE0008A0FD0008CCFD000880B584B06F
:1049000000AF03460A46FB711346BB80134B1B786E
:10491000022B05D9FA79BB8811491248FCF772FAC3
:10492000BB883B8155233B73FB793033DBB27B7310
:104930007B7ABB733B7AFB7307F10C0304221946A5
:10494000012001F06BFC0346002B02D04FF0FF3337
:1049500000E0002318461037BD4680BD802B0020A4
:10496000F407010888FE000880B584B000AF034654
:104970000A46FB711346BB80134B1B78022B05D9EB
:10498000BB881A4611491248FCF73CFABB883B81A8
:1049900055233B737B7ABB733B7AFB73FB795033B4
:1049A000DBB27B7307F10C0304221946012001F0EE
:1049B00035FC0346002B02D04FF0FF3300E000230C
:1049C00018461037BD4680BD802B0020080801081E
:1049D000A8FE000880B586B000AF03460A46FB710A
:1049E0001346BB80194B1B78022B05D9FA79BB887B
:1049F00017491848FCF706FABB88BB8155233B745E
:104A00007B7BBB743B7BFB7400237B6114E07B6985
:104A1000DBB27033DBB27B7407F11003042219465A
:104A2000012001F0FBFB0346002B02D04FF0FF33C7
:104A300007E07B6901337B61FB797A699A42E6DBA7
:104A4000002318461837BD4680BD00BF802B0020CC
:104A50001C080108C8FE000890B587B002AF786056
:104A60000023BB6055233B720023FB6050E02C4BBE
:104A70001B78022B15D9FB68581CFB687A68134415
:104A80001B781C46FB680233FA68013279680A44D5
:104A90001278019200932346024622492248FCF7ED
:104AA000B1F9FB687A6813441B78002B06D1FB68C8
:104AB00001337A6813441B78002B26D0FB687A6890
:104AC00013441B78BB72FB6801337A6813441B786C
:104AD000FB72FB68DA0F13445B10DBB2703BDBB296
:104AE0007B7207F10803114A04211846FCF7EAF922
:104AF00007F1080304221946012001F08FFB034649
:104B0000002B02D04FF0FF3306E0FB680233FB605E
:104B1000FB68072BABDD002318461437BD4690BD5C
:104B2000802B002034080108F0FE00081CFF00085C
:104B300080B586B000AF03463960FB713B68BB604F
:104B400055233B73FB799B00DBB25F3BDBB27B738E
:104B500000237B613EE07A7B7B69DBB2D31ADBB258
:104B60007B737B695B0018333B4413F8103CFB7389
:104B70007B695B00013318333B4413F8103CBB7373
:104B800007F10C03174A04211846FCF79BF907F1BB
:104B90000C0304221946012001F040FB38613B69F7
:104BA000002B14D0104B1B78002B03D00F4910485A
:104BB000FCF728F90C4B1B78002B06D03B6940F220
:104BC0006D120A490B48FCF71DF93B6906E07B6949
:104BD00001337B617B69012BBDDD0023184618374B
:104BE000BD4680BD28FF0008802B00204C0801082E
:104BF000A0FD0008CCFD000880B586B000AF0346DC
:104C00003960FB713B68BB6055233B73FB799B00AC
:104C1000DBB25D3BDBB27B7300237B613EE07A7BE2
:104C20007B69DBB2D31ADBB27B737B695B00183321
:104C30003B4413F8103CFB737B695B000133183372
:104C40003B4413F8103CBB7307F10C03174A0421D3
:104C50001846FCF737F907F10C0304221946012026
:104C600001F0DCFA38613B69002B14D0104B1B7843
:104C7000002B03D00F491048FCF7C4F80C4B1B78ED
:104C8000002B06D03B694FF4C2720A490B48FCF76F
:104C9000B9F83B6906E07B6901337B617B69012BD5
:104CA000BDDD002318461837BD4680BD38FF00081B
:104CB000802B002064080108A0FD0008CCFD00083E
:104CC00080B483B000AF0346FB71044AFB791370D4
:104CD00000BF0C37BD465DF8047B7047E000002044
:104CE00080B582B000AF78607B681B78332B07D12A
:104CF0007B6804331B78184600F0DCFB012300E0DE
:104D0000002318460837BD4680BD000080B588B036
:104D100000AF0346FB7107F10C0300221A605A60D2
:104D20001A720023BB61574B1B78032B07D9564BD4
:104D30001B68DB7A1A4655495548FCF763F8002092
:104D4000FFF75EFD0023FB612EE0FB69DBB24FF451
:104D50007A711846FFF7D2FDFB69DBB200211846D5
:104D6000FFF77CFDFB69DAB2474B1B68B3F8B43040
:104D70009BB201339BB219461046FFF7F5FD0122A5
:104D8000FB6902FA03F31A46BB691343BB613D4B4F
:104D90001B78022B05D9BB69FA693C493D48FCF7F1
:104DA00031F8FB690133FB61374B1B68DB7A1A462C
:104DB000FB699342C9DB334B1B78022B04D9BA69D8
:104DC00032493548FCF71EF80023FB6128E0FB69F7
:104DD000D9B2FA6913465B0013444A1CD2B220339D
:104DE0003B4403F8142CFB69D9B2FA6913465B0003
:104DF000134401334A1CD2B220333B4403F8142C31
:104E0000FB69D9B2FA6913465B00134402334A1CAA
:104E1000D2B220333B4403F8142CFB690133FB610D
:104E2000FB69022BD3DD07F10C031846FFF714FED4
:104E3000144B1B78032B03D914491848FBF7E2FFE6
:104E4000FF210020FFF70EFCFB79002B04D000218E
:104E50000020FFF795FB0CE00A4B1B78032B04D9CD
:104E6000BA690A490E48FBF7CDFFB9690020FFF780
:104E700087FB00210020FFF78DFC00BF2037BD46D7
:104E800080BD00BF802B0020C40000207C080108EA
:104E900048FF000870FF000890FF0008ACFF000802
:104EA000D0FF000880B483B000AF78607A68064B0A
:104EB0000233196811601B79137100BF0C37BD46AE
:104EC0005DF8047B704700BFE000002080B582B031
:104ED00000AF786039607B681B78182B0ED0182BD8
:104EE00012DC132B02D0142B04D00DE00120FFF7AD
:104EF000E7FE0AE00020FFF7E3FE06E07B685B6860
:104F0000DAB2044B5A7000E000BF00BF0837BD465C
:104F100080BD00BFE000002080B586B000AF7860A3
:104F200007F10C0300221A601A710023FB7500239D
:104F3000BB82464B1B78002B03D1642005F0F7FDA4
:104F400083E007F113031846FFF7EEFA0346002B40
:104F50004BD0FB7D002B09D1FB7C332B06D0FB7C97
:104F6000AA2B03D00A2005F0E2FD6EE0FB7D042BA6
:104F700007D8FB7D5A1CFA75FA7C18333B4403F8BA
:104F80000C2CFB7D052B2CD107F10C031846FFF7E9
:104F9000A7FE0346002B1BD02C4B5B78012B03D0C4
:104FA0002A4B5B78022B13D10123BB82274B5B7802
:104FB000012B05D107F10C03184600F0E1FB07E0D7
:104FC000224B023307F10C021068186012791A7133
:104FD0000023FB7507F10C0305220021184609F098
:104FE000EFFA052005F0A3FDA3E7184B5B78012B32
:104FF00003D0164B5B78022B24D1BB8A002B21D027
:10500000BB8A5A1CBA82142B1CD90023BB8207F11D
:105010000C0305220021184609F0D2FA33233B7312
:105020000A4B5B78012B05D107F10C03184600F001
:10503000A7FB07E0054B023307F10C02106818606C
:1050400012791A71642005F072FD72E7E000002009
:10505000B0B588B000AF124B3C1D1D460FCD0FC43C
:1050600095E8070084E807003B1D0021184605F07D
:1050700012FD03460B4A13600B4B0C4A1A600A4B95
:1050800000225A600848FEF793FB0346002B01D02C
:10509000012300E0002318462037BD46B0BD00BF05
:1050A000000001081431002018310020CD4E000806
:1050B00080B584B002AF0346FB71F87900230193F9
:1050C00000230093002300220021FEF79BFB0346F0
:1050D00018460837BD4680BD80B584B002AF034690
:1050E0003960FB71F87900230193002300930023BA
:1050F00000223968FEF786FB034618460837BD468E
:1051000080BD80B586B002AF0346B9607A60FB739C
:10511000F87B7B680193BB68009300230022002189
:10512000FEF770FB034618461037BD4680BD0000F1
:1051300080B400AF054B00225A80044B5A88034BC1
:105140001A8000BFBD465DF8047B704730310020F7
:1051500080B485B000AF0346FB71114B1B8801334F
:105160005A42C3F30803C2F3080258BF5342FB601C
:105170000B4B5B881A46FB6893420AD0084B1B888E
:105180001946084AFB795354FB689AB2044B1A80BB
:1051900000E000BF1437BD465DF8047B704700BFD8
:1051A00030310020D011001080B483B000AF78609F
:1051B000114B1A88104B5B889A4201D1002314E0EE
:1051C0000D4B5B881A460D4B9A5C7B681A700A4B34
:1051D0005B8801335A42C3F30803C2F3080258BF85
:1051E00053429AB2044B5A80012318460C37BD46ED
:1051F0005DF8047B704700BF30310020D0110010F3
:1052000080B582B000AF0023BB710023FB7134E096
:10521000204B1B88002B02D1BB79EF2B2CD11D4BCF
:105220001B88092B0AD81B4B1B885A1C91B2194AA0
:1052300011801946BA79174B0B449A71154B5B884C
:105240001BB21B021AB2BB791BB213431BB29AB238
:10525000104B5A800F4B5B884FF6FF6293420CD184
:105260000C4B1B88FB710B4B00225A80094B002210
:105270001A80FB799BB208E000BFBB1D1846FFF700
:1052800093FF0346002BC3D1002318460837BD46C1
:1052900080BD00BF2031002080B586B000AFD02394
:1052A0003B743E4B1B7AE03B042B6ED801A252F8B4
:1052B00023F000BFC9520008ED520008F552000863
:1052C000035300084F530008354B1B78022B06D9B7
:1052D000324B9B7A1A4633493348FBF793FD2F4BE9
:1052E0009B7A19461820FFF7F7FE4EE01520FFF7CE
:1052F000DFFE4AE0294B9B7A19461F20FFF7ECFEA0
:1053000043E02A4B1B681B899BB2BB81234BD3F81C
:105310000A307B6000237B6115E03A1D7B691344F2
:105320001A78224B19687B690B441B789A4207D084
:105330003B1D0A2219460820FFF7E3FE00BF24E0C8
:105340007B6901337B617B69032BE6DD1DE0174B35
:105350001B681B687B60114BDB7A1BB21B021AB205
:105360000E4B9B7A1BB213431BB29BB2BB81BA8913
:105370000E4B1B681B899BB29A4205D03B1D0A222B
:1053800019460820FFF7BDFE00BF07F110031846BD
:1053900000F0ACF800BF1837BD4680BD20310020BA
:1053A000802B0020940801081C000108C400002084
:1053B00080B582B000AF0F4A3B4692E8030083E815
:1053C00003001923BB700A23FB703B4608221946D1
:1053D000022000F023FF084B1B78022B06D9BB7874
:1053E0001A46FB7805490648FBF70CFD00BF083755
:1053F000BD4680BD70000108802B0020A408010874
:105400004400010880B584B000AF7860214B1B7860
:10541000022B03D920492148FBF7F4FC0023FB6051
:1054200005E0642005F083FBFB680133FB60FB684B
:10543000092BF6DDFFF7E4FE0346FB72FB7A002B37
:1054400023D0174A0A211748FBF73CFD114B1B7864
:10545000022B06D9144B1B7A1A460F491348FBF747
:10546000D1FC114B1B7ADF2B02D9FFF715FF0CE0A3
:105470000D4B1B7A102B02D1FFF79AFF05E0FB7A48
:105480009BB219460A4800F005FD322005F04FFB9B
:10549000D0E700BF802B0020B40801087800010885
:1054A000980001082631002020310020B0000108BA
:1054B0002831002080B584B000AF0346FB710A4A52
:1054C00007F1080392E8030083E80300FB79BB724D
:1054D00007F1080308221946022000F09FFE00BFD2
:1054E0001037BD4680BD00BFCC00010880B584B038
:1054F00000AF78600A4A07F1080392E8030083E8E6
:1055000003007B681B787B7207F1080308221946A9
:10551000022000F083FE00BF1037BD4680BD00BFF3
:10552000D4000108B0B588B000AFFFF701FE0B4B07
:105530003C1D1D460FCD0FC495E8070084E8070009
:105540003B1D0021184605F0A6FA0346044A1360E5
:10555000002318462037BD46B0BD00BFE800010853
:105560003431002080B584B002AF0346FB71F87976
:105570000023019300230093002300220021FEF763
:1055800041F9034618460837BD4680BD80B584B052
:1055900002AF03463960FB71F879002301930023C1
:1055A0000093002300223968FEF72CF903461846C1
:1055B0000837BD4680BD000080B584B000AF03460B
:1055C0000A46FB711346BB71204B1B6801335A42DC
:1055D000C3F30903C2F3090258BF5342FB601C4BDB
:1055E0001B68FA689A4208D11A4B1B78002B26D008
:1055F00019491A48FBF706FC21E0194B9B78FA7908
:105600009A4213D0174B1B78FA799A4219D0154A4F
:10561000FB7913700F4B1B78022B12D9FA79104BC0
:105620009B780D491048FBF7EDFB0AE0074AFB6841
:105630001360064B1B680D49BA79CA5402E000BFDB
:1056400000E000BF1037BD4680BD00BF64310020C0
:1056500068310020802B0020C008010804010108E7
:10566000F00000206C31002028010108D013001048
:1056700080B483B000AF7860104B1A68104B1B6881
:105680009A4201D1002312E00D4B1B6801335A42AC
:10569000C3F30903C2F3090258BF5342084A136017
:1056A000074B1B68074AD25C7B681A7001231846B7
:1056B0000C37BD465DF8047B704700BF64310020A5
:1056C00068310020D013001080B582B000AF0346CF
:1056D000FB71174B1B78022B07D9164B9B781A4688
:1056E000FB7915491548FBF78DFB124B9B78FA792E
:1056F0009A4219D00F4B9B78002B06D0FB79042BD4
:1057000003D00120FFF702FB04E0FB79042B01D159
:105710000323FB710A4B1B68FA799A72054B00222E
:105720005A70044AFB79937000BF0837BD4680BDAC
:10573000802B0020F0000020D00801085001010853
:10574000C400002080B582B000AF0346FB71084B57
:105750001B78032B05D9FB791A4606490648FBF747
:1057600051FB064AFB79937000BF0837BD4680BDE8
:10577000802B0020DC08010874010108F0000020E3
:1057800080B584B000AF786007F1080300221A608A
:105790005A60DF233B727B681B78332B08D107F1FB
:1057A0000803013305227968184608F09BFF02E0E0
:1057B0007B681B787B72FE23BB73FF23FB7307F1AF
:1057C0000803184600F0FCFD00BF1037BD4680BD41
:1057D00080B588B002AF03463960FB71D0233B73BC
:1057E0003B681B78A03B212B00F2138301A252F8E7
:1057F00023F000BF635D0008135E0008135E00081D
:10580000135E0008135E0008135E0008135E0008B4
:10581000135E0008135E0008135E0008135E0008A4
:10582000135E0008135E0008135E0008135E000894
:10583000135E00086F5D00087D580008E3580008FB
:1058400061590008DF590008415A00083D5B000813
:10585000C35B0008CB5B0008FF5B0008135E000819
:10586000075C0008115C0008AF5C0008535C00088E
:10587000135E00087B5D0008C75D00083B689A78EE
:105880007E4B9A713B6802331A783B6803331B786E
:1058900019461046FEF77EFF3B6802331B78FF2B4C
:1058A00000F0B9823B6802331B78042B05D1744B9E
:1058B0001B683A68D27883F83220714B1B6893F8E2
:1058C00021203B6802331B789A4200F0A6826C4B81
:1058D0001B683A68927883F821200A20FFF742FE7D
:1058E0009BE23B6801331B78072B00F298823B68F0
:1058F00002331B781BB21B021AB23B6803331B78BE
:105900001BB213431BB2FB823B6801331B78FA8A3C
:1059100011461846FEF7F2FF3B6801331B78194623
:10592000584AFB8A22F81130554B1A683B680133FC
:105930001B7848335B0013449B889BB2FA8A9A42D7
:1059400000F06F824E4B1A683B6801331B78483376
:105950005B001344FA8A9A80484B01225A7060E235
:105960003B6801331B78072B00F25D823B680233F2
:105970001B781BB21B021AB23B6803331B781BB2A5
:1059800013431BB2FB823B6801331B78FA8A114632
:105990001846FEF763FF3B6801331B78394908332B
:1059A000FA8A21F81320364B1A683B6801331B78BA
:1059B00040335B0013449B889BB2FA8A9A4200F002
:1059C00034822F4B1A683B6801331B7840335B00ED
:1059D0001344FA8A9A80294B01225A7025E23B68C7
:1059E00002331B781A063B6803331B781B041A43E7
:1059F0003B6804331B781B0213433A680532127864
:105A000013433B6139690020FEF72CFE1C4B1B68D9
:105A1000D3F822303A699A4207D0194B1B683A6989
:105A2000C3F82220154B01225A70144B1B78002B0F
:105A300000F0FD81D3233B73104B00221A70F6E176
:105A40003B6802331B781A063B6803331B781B0440
:105A50001A433B6804331B781B0213433A68053230
:105A6000127813433B613B69002B0DD01A20FFF7DE
:105A700079FD1320FFF776FD11E000BFF000002054
:105A8000C4000020383100201420FFF76BFD944B38
:105A90009B79042B03D100210020FEF77BFE914B64
:105AA0001B78022B0AD93B6801331B781A468E4BB0
:105AB0001B68DB7A8D498E48FBF7A4F93B680133FC
:105AC0001B78002B1BD03B6801331A78864B1B6870
:105AD000DB7A9A4213D0824B01225A70824B1B68A8
:105AE0003A685278DA727F4B1B78022B07D97E4BCB
:105AF0001B68DB7A1A467D497E48FBF783F93B68D1
:105B000001331B7839691846FEF73AFD744B5B7810
:105B1000002B07D1744B1B68D3F826303A699A42A0
:105B200000F08781704B1B683A69C3F826206C4BE4
:105B300000225A700A20FFF715FD7AE13B68013315
:105B40001B78072B00F27781664B1B78032B0AD951
:105B50003B6801331B781A463B6802331B78634964
:105B60006548FBF74FF93B6801331B7819463B68E2
:105B70009A785B4B0B44DA715B4B1A683B680133D4
:105B80001B7819460B469B000B4413443B331A7891
:105B90003B6802331B789A4200F04F81524B1A68DF
:105BA0003B6801331B7819463B6898780B469B008D
:105BB0000B4413443B3302461A70494B01225A707E
:105BC0003BE14E48FEF748FF3CE13B6802331B785F
:105BD0001846FEF715FE444B1B6893F883203B687C
:105BE00002331B789A4200F02A813F4B1B683A68C7
:105BF000927883F883203A4B01225A701FE10020EB
:105C0000FFF784F81EE104211820FFF7BFFC19E11B
:105C10003B6801331B78082B04D9334B1B680822DF
:105C2000DA7209E03B6801331B78002B04D02E4B5D
:105C30001B683A685278DA723B6802331B78184660
:105C4000FEF770FD284B1B683A68927883F8202095
:105C5000F8E03B6802331B781B023A680332127883
:105C600013434CF2503292FBF3F3FB821D4B1B7833
:105C7000032B0ED93B6802331B781A463B6803336B
:105C80001B781946FB8A00930B4618491C48FBF702
:105C9000B9F8154B1B68FA8AA3F8B420124B1B689D
:105CA000DB7AFA8A11461846FEF794FECAE03B6892
:105CB00001331B78072B00F2C4803B6802331B784A
:105CC0001A46094B1B68B3F8B4309BB29A4219D3F9
:105CD000054B1B68B3F8B4309BB20133FB8223E061
:105CE000F0000020802B0020C4000020F4080108F0
:105CF000340301085C03010880030108F700002059
:105D0000A00301085D4B1B68B3F8B4309BB21A4680
:105D10003B6802331B7802FB03F3594A82FB0312F0
:105D20005211DB17D31AFB82564B1B78032B05D974
:105D3000FB8A1A4654495548FBF764F83B6801331F
:105D40001B78FA8A11461846FEF70EFE4B4B1A686E
:105D50003B6801331B7850335B001344FA8A9A8006
:105D600070E0D2233B731420FFF7FCFB6AE0D023E2
:105D70003B73474B01221A7064E03B6802331B7887
:105D80001A063B6803331B781B041A433B68043331
:105D90001B781B0213433A680532127813433B61A8
:105DA000364B1A683B6801331B780C33DB00134415
:105DB0003A69C3F803203B6801331B7839691846F8
:105DC000FEF7B6FE3EE03B6802331B781A063B68DE
:105DD00003331B781B041A433B6804331B781B02F4
:105DE00013433A680532127813433B61234B1A6818
:105DF0003B6801331B780C33DB0013443A69C3F86A
:105E000007203B6801331B7839691846FEF7F4FE1A
:105E100018E000BF16E000BF14E000BF12E000BFB2
:105E200010E000BF0EE000BF0CE000BF0AE000BFC2
:105E300008E000BF06E000BF04E000BF02E000BFD2
:105E400000E000BFFB79022B01D13B7B12E0FB7924
:105E5000012B06D107F10C031846FFF791FC002334
:105E600008E0FB79032B04D107F10C031846FFF778
:105E70003DFB002318461837BD4680BDC4000020F6
:105E80001F85EB51802B0020F4080108C80301088E
:105E9000F000002080B584B000AF78600B467B80B6
:105EA00079680320FFF794FC0346FB73FB7B1846DD
:105EB0001037BD4680BD000080B58AB000AF786065
:105EC0000B467B807B68FB6107F1100300221A60A0
:105ED0005A601A81002387F827300023BB840023EF
:105EE0007B843A4A07F1080392E8030083E8030041
:105EF00056E0BB8C5A1CBA841A46FB6913441B78C3
:105F0000FB7697F82730002B02D1FB7EEF2B46D192
:105F100097F82730092B09D897F827305A1C87F8AB
:105F2000272028333B44FA7E03F8182CB7F9223097
:105F30001B021AB2FB7E1BB213431BB27B847B8C09
:105F40004FF6FF6293422BD17B7C002B1AD0BB7C97
:105F5000BA2B06D107F1080301331846FEF7A2FF5A
:105F600010E007F11003023319460220FFF730FC5E
:105F70000346BB76BB7ED22B02D0BB7ED32B01D196
:105F8000BB7E7B72002387F8273000237B8407F1D8
:105F900010030A220021184608F012FB00E000BF9F
:105FA0007A88BB8C9A42A4D8BA8C7B889A4208D152
:105FB0007B681A4607F1080303CB10605160082381
:105FC00000E0002318462837BD4680BDE4030108E1
:105FD00080B586B000AF786007F10C0300221A602C
:105FE0005A601A810023FB752E4B1B78022B03D9B4
:105FF0002D492E48FAF706FF2D4B9B78012B03D035
:10600000642004F094FD4BE007F116031846FFF7F7
:106010002FFB0346002B40D0FB7D002B06D1BB7D20
:10602000EF2B03D00A2004F082FD39E0FB7D092B21
:1060300007D8FB7D5A1CFA75BA7D18333B4403F828
:106040000C2C1B4B9B881BB21B021AB2BB7D1BB2D4
:1060500013431BB29AB2164B9A80154B9B884FF68E
:10606000FF629342C8D17B7B002BC5D007F10C03A4
:10607000023319460120FFF7ABFB0023FB750C4BE5
:1060800000229A8007F10C030A220021184608F02A
:1060900097FA012004F04BFDAEE70A2004F047FD1B
:1060A000AAE700BF802B002004090108EC030108C7
:1060B000F000002080B582B000AF786039607B6866
:1060C0001B78182B06D17B685B68DBB21846FFF79C
:1060D000FBFA00E000BF00BF0837BD4680BD0000EE
:1060E000B0B588B000AF194B3C1D1D460FCD0FC495
:1060F00095E8070084E807003B1D0021184604F0DE
:10610000CAFC0346124A1360114B1B68002B01D1D5
:10611000012316E00F4B104A1A600E4B00225A6002
:106120000C48FDF745FB0346002B09D00B4B1B78B1
:10613000022B03D90A490B48FAF764FE012300E059
:10614000002318462037BD46B0BD00BF50040108EB
:106150006031002058310020B5600008802B0020FD
:10616000140901081004010880B582B000AF7860FE
:106170007B681B68184A93420AD1184B1B78184653
:10618000FEF7A0F901221549154803F0C4FC1FE0F1
:106190007B681B68134A93420BD1134B1B7819463B
:1061A0000120FFF709FA01220F49104803F0B3FC60
:1061B0000EE07B681B680E4A934209D10D4B1B7899
:1061C0001846FEF7C5FF01220A490B4803F0A3FC5D
:1061D00000BF0837BD4680BD00140140703100206B
:1061E000142D002000100140783100203C2C0020AC
:1061F0000044004074310020842C002080B483B01F
:1062000000AF7860044B01221A7000BF0C37BD4606
:106210005DF8047B704700BF7931002080B588B0FD
:1062200000AF0346B9607A60FB735C4BFB610023EF
:106230007B61FB7B022B02D1594BFB6117E0FB7B9F
:10624000002B14D1574BFB6111E00A2004F06FFCC6
:106250007B695A1C7A610A2B09DD534B1B78022B90
:1062600003D952495248FAF7CDFD00237B61FB69FF
:1062700093F84130DBB2202BE7D100237B61002370
:106280003B6111E07B689BB21A46B968F86903F07C
:106290000CFC0346BB61BB69002B09D00A2004F04B
:1062A00046FC3B6901333B613B69022BEADD00E0C0
:1062B00000BFBB69002B36D0BB69002B33D03A4BF3
:1062C0001B78002B03D039493A48FAF79BFD364B2F
:1062D0001B78002B05D0BB696C2234493648FAF78D
:1062E00091FDBB6956E07B695A1C7A61B3F57A7FF0
:1062F00016DDBB69002B13D02B4B1B78002B03D072
:106300002A492C48FAF77EFD274B1B78002B05D035
:10631000BB69712225492848FAF774FDBB6939E049
:106320000A2004F004FCF86903F0C2FE0346212BA6
:10633000D9D0F86903F0BCFE0346232BD3D0002349
:106340007B6122E07B695A1C7A61B3F57A7F19DDA3
:106350001A4B00221A70BB69002B13D0124B1B780A
:10636000002B03D011491348FAF74CFD0E4B1B7854
:10637000002B05D0BB697A220C490F48FAF742FD81
:10638000BB6907E00A2004F0D2FB0C4B1B78002B02
:10639000D8D0BB6918462037BD4680BD142D0020DB
:1063A000842C00203C2C0020802B00202809010890
:1063B0006C04010888040108B40401087931002044
:1063C00080B582B000AF7860082279680020FFF7BE
:1063D00025FF00BF0837BD4680BD000080B582B0F4
:1063E00000AF294B1B78032B03D928492848FAF71B
:1063F00009FDFEF72DFE03467B607B68002B13D062
:10640000214B1B78002B03D020492248FAF7FAFCD5
:106410001D4B1B78002B05D07B689F221B491E4813
:10642000FAF7F0FC7B682AE0FFF75AFE03467B6030
:106430007B68002B13D0144B1B78002B03D013491F
:106440001448FAF7DFFC104B1B78002B05D07B6853
:10645000A2220E491048FAF7D5FC7B680FE0012212
:106460000E490F4803F057FB01220E490E4803F076
:1064700052FB01220D490E4803F04DFB0023184644
:106480000837BD4680BD00BF802B002038090108B9
:10649000EC04010888040108B404010870310020EC
:1064A000142D0020783100203C2C00207431002075
:1064B000842C002080B582B000AF786039603A68E3
:1064C0007968002000F006F8034618460837BD46F4
:1064D00080BD000080B487B000AFF860B9607A601A
:1064E000FB68DB43FB6000237B6122E0BA687B69C9
:1064F00013441B78FB74FB681A09F97CFB684B405A
:1065000003F00F03114951F823305340FB60FB683F
:106510001A09FB7C1B09DBB21946FB684B4003F0F0
:106520000F030A4951F823305340FB607B69013364
:106530007B617A697B689A42D8D3FB68DB43184653
:106540001C37BD465DF8047B704700BF4809010851
:10655000DFF834D0FBF7A0FC0C480D490D4A0023AE
:1065600002E0D458C4500433C4188C42F9D30A4A08
:106570000A4C002301E013600432A242FBD308F06E
:106580008BF8FAF7D9FE70470000022000000020C7
:106590005C010020CC0901085C0100205C35012071
:1065A000FEE780B584B000AF7860786800F0E8F965
:1065B000022000F0D4F90A20FCF75CFE0023FB6007
:1065C00014E04FF46251142000F09DF94FF4FA707A
:1065D000FCF750FE43F69011142000F094F94FF4AC
:1065E000FA70FCF747FEFB680133FB60FB68022B87
:1065F000E7DD43F27641142000F085F96420FCF7D2
:1066000039FE00BF1037BD4680BD80B500AF00F039
:1066100051FA0346184680BD80B582B000AF0346EC
:106620003960FB80FB883968184600F0A7FA0346FA
:1066300018460837BD4680BD80B584B000AFF8600D
:10664000B9601346FB80FB881A46B968F868FBF707
:1066500001FD00BF1037BD4680BD80B582B000AFE0
:1066600078600B467B807B8819467868FCF77CFA5B
:10667000034618460837BD4680BD80B582B000AFDE
:1066800078600B467B807B8819467868FCF77CF83D
:1066900000BF0837BD4680BD80B582B000AF7860CE
:1066A0007868FCF75FF900BF0837BD4680BD80B54C
:1066B00084B000AF03460A46FB711346BB71FCF77A
:1066C000E5FD97F9063003F01F035AB297F907303A
:1066D00013435BB2DBB21846FCF7F0FDFF20FCF77A
:1066E000EDFD0346FB7397F90630002B04DAFF201B
:1066F000FCF7E4FD0346FB73FCF7D4FDFB7B184677
:106700001037BD4680BD80B582B000AF0346FB7137
:106710000B46BB7113467B71FCF7B8FD97F9063049
:1067200003F01F035AB297F9073013435BB2DBB291
:106730001846FCF7C3FD7B791846FCF7BFFDFCF754
:10674000B1FD00BF0837BD4680BD90B583B000AF36
:1067500003463960FB80FCF799FD3A20FCF7AEFD5B
:1067600007E03C68631C3B600020FCF7A7FD034684
:106770002370FB885A1EFA80002BF2D1FCF792FDA1
:1067800000BF0C37BD4690BD80B582B000AFBB1DC9
:1067900019460220FFF7D9FFFB8818460837BD4687
:1067A00080BD80B582B000AF03463960FB80FCF746
:1067B0006DFD7A20FCF782FD06E03B685A1C3A60CA
:1067C0001B781846FCF77AFDFB885A1EFA80002BCE
:1067D000F3D1FCF767FD00BF0837BD4680BD000060
:1067E00080B582B000AF0346FB71FB7903F0600314
:1067F0000D4A1278934213D003221F21A020FFF7E5
:1068000082FFFB7903F06003DAB2074B1A70064B84
:106810001B785B09DBB21A461F218020FFF773FF4C
:1068200000BF0837BD4680BD7A31002080B582B0F8
:1068300000AF0346FB71FB791846FFF7D1FFFB79E8
:1068400019460020FFF733FF034618460837BD46B8
:1068500080BD80B582B000AF03460A46FB71134687
:10686000BB80BB88DAB2FB791146184600F035F8D8
:10687000FB790133DAB2BB881B0A9BB2DBB2194643
:10688000104600F02AF800BF0837BD4680BD80B52D
:1068900082B000AF0346FB71FB791946D42000F0AB
:1068A0001CF80121D22000F018F80F20FCF7CEFCD4
:1068B00000BFEA20FFF7BAFF034603F00103002BF5
:1068C000F7D10021D22000F008F8D920FFF7AEFF61
:1068D000034618460837BD4680BD80B582B000AF7C
:1068E00003460A46FB711346BB71FB791846FFF756
:1068F00077FFBA79FB7919464020FFF704FF00BF04
:106900000837BD4680BD80B582B000AF03460A4659
:10691000FB711346BB80FB791946D420FFF7DDFFDE
:10692000BB88DBB21946D620FFF7D7FFBB881B0A0E
:106930009BB2DBB21946D720FFF7CFFF02E00F2052
:10694000FCF784FCEA20FFF771FF034603F0010324
:10695000002BF4D100BF00BF0837BD4680BD80B515
:1069600082B000AF0346FB71FB7903F00703DBB293
:1069700019467520FFF7B1FF00BF0837BD4680BD3F
:1069800080B582B000AF7860FCF780FCFF22002168
:10699000FF20FFF7B8FE3220FCF76CFC434B0022CF
:1069A0001A8000210820FFF754FF00210C20FFF778
:1069B00050FF41F6FE110A20FFF74BFF41F6FF1191
:1069C0000420FFF746FF41F6FF710620FFF741FF65
:1069D000374BB1221A70364B1B7819463820FFF717
:1069E0007CFF43F23F012820FFF733FF4FF2F9719C
:1069F0003020FFF72EFF0D21C020FFF76EFF002192
:106A0000C120FFF76AFF3222C2218020FFF77BFE00
:106A100040F61241C620FFF71CFF1221C420FFF7E9
:106A20005CFF40F2DC51CA20FFF713FF7B681B7844
:106A30001946E420FFF751FF7B6801331B781946A4
:106A4000E520FFF74AFF7B6802331B781946E220F6
:106A5000FFF743FF7B6803331B781946E320FFF7FA
:106A60003CFF7B6804331B781946E020FFF735FFB5
:106A70007B6805331B781946E120FFF72EFF4FF4A2
:106A800080711020FFF73FFF1F20FFF7A9FEC022F3
:106A90001B218020FFF737FE04221F218020FFF7F3
:106AA00032FE00BF0837BD4680BD00BF7C310020EC
:106AB0007E31002080B582B000AF7220FFF7B6FEB5
:106AC0000346FB71FB79052B02D9FB790133FB717E
:106AD000FB7918460837BD4680BD80B500AF112050
:106AE000FFF7D5FE0346002B01D0012300E0002371
:106AF000DBB2184680BD80B582B000AF0346396076
:106B0000FB8011E01C20FFF791FE034603F0020317
:106B1000002B09D080221F218020FFF7F4FD802266
:106B20001F21A020FFF7EFFD1F210020FFF7BFFD71
:106B3000034603F00803002BE4D141F6FF110220C5
:106B4000FFF787FEFB8803F5CF531F339BB219462F
:106B50000620FFF77EFE002200217A20FFF7D3FDFA
:106B6000FB8839681846FFF71CFE08221F21802089
:106B7000FFF7C9FD00BF0837BD4680BD80B584B0B2
:106B800000AF03463960FB803920FFF74FFE034614
:106B9000002B01D100234BE0274B1B881946002016
:106BA000FFF757FEFFF7F0FD03461A46224B1A8007
:106BB000FFF7EAFD0346043BFB81FFF7E5FD0346D3
:106BC000BB81FA88FB899A4202D8FB88013BFB8192
:106BD000BB8903F08003002B02D10023FB8104E07A
:106BE000FB8939681846FFF7B0FD134B1B8819461F
:106BF0000C20FFF72EFE104B1B88002B04D00E4BF1
:106C00001B88B3F5D05F05D341F6FE110C20FFF7CA
:106C100020FE07E0084B1B88013B9BB219460C2065
:106C2000FFF717FE40221E218020FFF76CFDFB8935
:106C300018461037BD4680BD7C31002080B500AFBE
:106C40000E4B1B680D4A43F4007313600B4B1B681B
:106C50000A4A43F480631360084B1B68074A43F4F5
:106C600080731360032000F013F90F20FBF71EF868
:106C7000FAF760FE0023184680BD00BF003C0240CA
:106C800080B400AF064B1B781A46064B1B681344B2
:106C9000044A136000BFBD465DF8047B704700BF27
:106CA000040100208031002080B400AF034B1B683A
:106CB0001846BD465DF8047B704700BF8031002058
:106CC00080B584B000AF7860FFF7EEFFB8607B68F6
:106CD000FB60FB68B3F1FF3F05D00A4B1B781A46F7
:106CE000FB681344FB6000BFFFF7DEFF0246BB6892
:106CF000D31AFA689A42F7D800BF00BF1037BD46D2
:106D000080BD00BF0401002080B485B000AF786072
:106D10007B6803F00703FB600C4BDB68BB60BA6861
:106D20004FF6FF031340BB60FB681A02BB681343B6
:106D300043F0BF6343F40033BB60044ABB68D360D5
:106D400000BF1437BD465DF8047B704700ED00E0DE
:106D500080B400AF044BDB681B0A03F0070318463E
:106D6000BD465DF8047B704700ED00E080B483B061
:106D700000AF0346FB7197F90730002B0BDBFB7963
:106D800003F01F02074997F907305B09012000FA59
:106D900002F241F8232000BF0C37BD465DF8047BAA
:106DA000704700BF00E100E080B483B000AF03464D
:106DB0003960FB7197F90730002B0ADB3B68DAB2C8
:106DC0000C4997F907301201D2B20B4483F8002323
:106DD0000AE03B68DAB20849FB7903F00F03043B91
:106DE0001201D2B20B441A7600BF0C37BD465DF8D3
:106DF000047B704700E100E000ED00E080B489B062
:106E000000AFF860B9607A60FB6803F00703FB61CC
:106E1000FB69C3F10703042B28BF0423BB61FB6993
:106E20000433062B02D9FB69033B00E000237B619E
:106E30004FF0FF32BB6902FA03F3DA43BB681A4032
:106E40007B699A404FF0FF317B6901FA03F3D94324
:106E50007B680B40134318462437BD465DF8047B1E
:106E60007047000080B400AFBFF34F8F00BF064BE8
:106E7000DB6803F4E0620449044B1343CB60BFF3C7
:106E80004F8F00BF00BFFDE700ED00E00400FA05F2
:106E900080B582B000AF78607868FFF735FF00BF3B
:106EA0000837BD4680BD80B586B000AF0346B960E7
:106EB0007A60FB7300237B61FFF74AFF78617A6891
:106EC000B9687869FFF79AFF024697F90F301146C3
:106ED0001846FFF769FF00BF1837BD4680BD80B573
:106EE00082B000AF0346FB7197F907301846FFF7F1
:106EF0003DFF00BF0837BD4680BD80B500AFFFF73E
:106F0000B1FF80B584B000AF78607B689B6DFB609B
:106F1000FFF7CAFEB8607B6893F83530DBB2022B0E
:106F200008D07B6880225A657B68002283F8342071
:106F3000012352E07B681B681A687B681B6822F09B
:106F400016021A607B681B685A697B681B6822F00E
:106F500080025A617B681B6C002B03D17B689B6CA1
:106F6000002B07D07B681B681A687B681B6822F0BF
:106F700008021A607B681B681A687B681B6822F02D
:106F800001021A6013E0FFF78FFE0246BB68D31AB6
:106F9000052B0CD97B6820225A657B68032283F875
:106FA00035207B68002283F83420032315E07B68BA
:106FB0001B681B6803F00103002BE4D17B68DB6DC9
:106FC0003F229A40FB689A607B68012283F8352053
:106FD0007B68002283F83420002318461037BD4612
:106FE00080BD80B483B000AF78607B6893F83530A3
:106FF000DBB2022B04D07B6880225A6501230CE0AF
:107000007B68052283F835207B681B681A687B68DB
:107010001B6822F001021A60002318460C37BD4697
:107020005DF8047B7047000080B489B000AF7860E1
:10703000396000237B6100233B610023BB61002397
:10704000FB616BE10122FB6902FA03F37B613B68A0
:107050001B687A6913403B613A697B699A4240F048
:107060005A813B685B6803F00303012B05D03B6842
:107070005B6803F00303022B30D17B689B68BB6124
:10708000FB695B00032202FA03F3DB43BA69134096
:10709000BB613B68DA68FB695B0002FA03F3BA691B
:1070A0001343BB617B68BA699A607B685B68BB61AC
:1070B0000122FB6902FA03F3DB43BA691340BB61A7
:1070C0003B685B681B0903F00102FB6902FA03F3EA
:1070D000BA691343BB617B68BA695A603B685B68F5
:1070E00003F00303032B17D07B68DB68BB61FB69EC
:1070F0005B00032202FA03F3DB43BA691340BB616E
:107100003B689A68FB695B0002FA03F3BA691343B0
:10711000BB617B68BA69DA603B685B6803F00303B4
:10712000022B23D1FB69DA087B68083253F822303E
:10713000BB61FB6903F007039B000F2202FA03F314
:10714000DB43BA691340BB613B681A69FB6903F012
:1071500007039B0002FA03F3BA691343BB61FB699F
:10716000DA087B680832B96943F822107B681B682B
:10717000BB61FB695B00032202FA03F3DB43BA69DC
:107180001340BB613B685B6803F00302FB695B0073
:1071900002FA03F3BA691343BB617B68BA691A60E8
:1071A0003B685B6803F44033002B00F0B48000239D
:1071B000FB60604B5B6C5F4A43F4804353645D4B00
:1071C0005B6C03F48043FB60FB685B4AFB699B08D4
:1071D000023352F82330BB61FB6903F003039B00C9
:1071E0000F2202FA03F3DB43BA691340BB617B68E9
:1071F000524A93422BD07B68514A934225D07B68F8
:10720000504A93421FD07B684F4A934219D07B6803
:107210004E4A934213D07B684D4A93420DD07B680F
:107220004C4A934207D07B684B4A934201D10723D3
:107230000EE008230CE006230AE0052308E00423FF
:1072400006E0032304E0022302E0012300E0002320
:10725000FA6902F0030292009340BA691343BB61DA
:107260003549FB699B080233BA6941F823203B4B3F
:107270009B68BB613B69DB43BA691340BB613B68F8
:107280005B6803F48013002B03D0BA693B69134396
:10729000BB61324ABB699360304BDB68BB613B69C1
:1072A000DB43BA691340BB613B685B6803F40013BE
:1072B000002B03D0BA693B691343BB61274ABB6902
:1072C000D360264B5B68BB613B69DB43BA69134003
:1072D000BB613B685B6803F40033002B03D0BA69E1
:1072E0003B691343BB611D4ABB6953601B4B1B6861
:1072F000BB613B69DB43BA691340BB613B685B68B8
:1073000003F48033002B03D0BA693B691343BB619C
:10731000124ABB691360FB690133FB61FB690F2BE8
:107320007FF690AE00BF00BF2437BD465DF8047BFA
:10733000704700BF003802400038014000000240A2
:107340000004024000080240000C0240001002400D
:107350000014024000180240001C0240003C0140A2
:1073600080B483B000AF78600B467B8013467B709F
:107370007B78002B03D07A887B689A6103E07B8856
:107380001A047B689A6100BF0C37BD465DF8047B28
:107390007047000080B584B000AF78607B68002B38
:1073A00001D101232BE17B6893F83D30DBB2002B48
:1073B00006D17B68002283F83C207868FAF7E6FA69
:1073C0007B68242283F83D207B681B681A687B68F1
:1073D0001B6822F001021A607B681B681A687B68D0
:1073E0001B6842F400421A607B681B681A687B685D
:1073F0001B6822F400421A6001F072FCF8607B689E
:107400005B68814A934207D8FB68804A934294BFE5
:1074100001230023DBB206E0FB687D4A934294BF60
:1074200001230023DBB2002B01D00123E7E0FB683E
:10743000784AA2FB03239B0CBB607B681B685B68DC
:1074400023F03F017B681B68BA680A435A607B6877
:107450001B681B6A23F03F017B685B686A4A9342A2
:1074600002D8BB68013309E0BB684FF4967202FB97
:1074700003F3694AA2FB03239B0901337A6812686C
:107480000B4313627B681B68DB6923F44F4222F0D5
:10749000FF027B685B685C498B4219D8FB68591E08
:1074A0007B685B685B00B1FBF3F3591C40F6FC732F
:1074B0000B40002B0AD0FB68591E7B685B685B00A1
:1074C000B1FBF3F30133C3F30B0351E004234FE0AB
:1074D0007B689B68002B11D1FB68581E7B6859683C
:1074E0000B465B000B44B0FBF3F30133C3F30B0318
:1074F000002B0CBF01230023DBB212E0FB68581EF7
:107500007B6859680B469B000B4499000B44B0FB09
:10751000F3F30133C3F30B03002B0CBF0123002350
:10752000DBB2002B01D0012322E07B689B68002B9B
:107530000ED1FB68581E7B6859680B465B000B44F4
:10754000B0FBF3F30133C3F30B0343F400430FE049
:10755000FB68581E7B6859680B469B000B449900DA
:107560000B44B0FBF3F30133C3F30B0343F4404389
:10757000796809681343CB617B681B681B6823F03B
:10758000C0017B68DA697B681B6A1A437B681B68E9
:107590000A431A607B681B689B6823F4034323F04B
:1075A000FF037A6811697A68D26811437A681268B1
:1075B0000B4393607B681B68DB6823F0FF017B68EB
:1075C0005A697B689B691A437B681B680A43DA60C7
:1075D0007B681B681A687B681B6842F001021A60AE
:1075E0007B6800221A647B68202283F83D207B6838
:1075F00000221A637B68002283F83E20002318468D
:107600001037BD4680BD00BFA08601007F841E00EC
:10761000FF083D0083DE1B43D34D621080B588B068
:1076200002AFF860084611461A4603467B810B46B6
:107630003B811346FB80FFF737FB7861FB6893F8CB
:107640003D30DBB2202B40F0D9807B6900931923B9
:1076500001226D49F86800F08BFC0346002B01D035
:107660000223CCE0FB6893F83C30012B01D10223CC
:10767000C5E0FB68012283F83C20FB681B681B689F
:1076800003F00103012B07D0FB681B681A68FB6835
:107690001B6842F001021A60FB681B681A68FB68ED
:1076A0001B6822F400621A60FB68212283F83D20E7
:1076B000FB68402283F83E20FB6800221A64FB68C6
:1076C0003A6A5A62FB68BA8C5A85FB685B8D9AB23B
:1076D000FB681A85FB684D4ADA62F8883A8979892D
:1076E0007B690193BB6A00930346F86800F0C2FA15
:1076F0000346002B52D0012381E07A69B96AF86809
:1077000000F050FD0346002B0DD0FB681B6C042BD2
:1077100007D1FB681B681A68FB681B6842F400729B
:107720001A6001236BE0FB685B6A1A78FB681B68D0
:107730001A61FB685B6A5A1CFB685A62FB681B8D06
:10774000013B9AB2FB681A85FB685B8D9BB2013BDB
:107750009AB2FB685A85FB681B685B6903F00403F7
:10776000042B1BD1FB681B8D002B17D0FB685B6AB9
:107770001A78FB681B681A61FB685B6A5A1CFB6815
:107780005A62FB681B8D013B9AB2FB681A85FB6845
:107790005B8D9BB2013B9AB2FB685A85FB681B8DDF
:1077A000002BAAD17A69B96AF86800F043FD034654
:1077B000002B0DD0FB681B6C042B07D1FB681B68EA
:1077C0001A68FB681B6842F400721A60012316E015
:1077D000FB681B681A68FB681B6842F400721A6039
:1077E000FB68202283F83D20FB68002283F83E20BE
:1077F000FB68002283F83C20002300E002231846A7
:107800001837BD4680BD00BF020010000000FFFF1A
:1078100080B58CB002AFF860084611461A460346A0
:107820007B810B463B811346FB80FFF73DFA786274
:10783000FB6893F83D30DBB2202B40F014827B6A6A
:107840000093192301227B49F86800F091FB03465D
:10785000002B01D0022307E2FB6893F83C30012B98
:1078600001D1022300E2FB68012283F83C20FB687F
:107870001B681B6803F00103012B07D0FB681B6822
:107880001A68FB681B6842F001021A60FB681B68FB
:107890001A68FB681B6822F400621A60FB682222E7
:1078A00083F83D20FB68402283F83E20FB680022DD
:1078B0001A64FB683A6B5A62FB68BA8E5A85FB6899
:1078C0005B8D9AB2FB681A85FB685B4ADA62F888BE
:1078D0003A8979897B6A0193BB6B00930346F86808
:1078E00000F05EFA0346002B01D00123BCE1FB68E7
:1078F0001B8D002B13D100233B62FB681B685B6967
:107900003B62FB681B689B693B623B6AFB681B68C8
:107910001A68FB681B6842F400721A6090E1FB6809
:107920001B8D012B1BD1FB681B681A68FB681B6849
:1079300022F480621A600023FB61FB681B685B69AC
:10794000FB61FB681B689B69FB61FB69FB681B684B
:107950001A68FB681B6842F400721A6070E1FB68E9
:107960001B8D022B1BD1FB681B681A68FB681B6808
:1079700022F480621A60FB681B681A68FB681B6847
:1079800042F400621A600023BB61FB681B685B69FC
:10799000BB61FB681B689B69BB61BB6950E100234D
:1079A0007B61FB681B685B697B61FB681B689B698B
:1079B0007B617B6944E1FB681B8D032B00F2F18046
:1079C000FB681B8D012B23D17A6AB96BF86800F034
:1079D00079FC0346002B01D0012345E1FB681B68BD
:1079E0001A69FB685B6AD2B21A70FB685B6A5A1C40
:1079F000FB685A62FB681B8D013B9AB2FB681A85D3
:107A0000FB685B8D9BB2013B9AB2FB685A8517E11C
:107A1000FB681B8D022B4ED17B6A0093BB6B00224F
:107A20000649F86800F0A4FA0346002B08D00123A9
:107A30001AE100BF020010000000FFFF0400010077
:107A4000FB681B681A68FB681B6842F400721A60C6
:107A5000FB681B681A69FB685B6AD2B21A70FB6824
:107A60005B6A5A1CFB685A62FB681B8D013B9AB229
:107A7000FB681A85FB685B8D9BB2013B9AB2FB6881
:107A80005A85FB681B681A69FB685B6AD2B21A7078
:107A9000FB685B6A5A1CFB685A62FB681B8D013BE2
:107AA0009AB2FB681A85FB685B8D9BB2013B9AB268
:107AB000FB685A85C4E07B6A0093BB6B00226C496B
:107AC000F86800F055FA0346002B01D00123CBE003
:107AD000FB681B681A68FB681B6822F480621A60E6
:107AE000FB681B681A69FB685B6AD2B21A70FB6894
:107AF0005B6A5A1CFB685A62FB681B8D013B9AB299
:107B0000FB681A85FB685B8D9BB2013B9AB2FB68F0
:107B10005A857B6A0093BB6B00225549F86800F0D8
:107B200027FA0346002B01D001239DE0FB681B6868
:107B30001A68FB681B6842F400721A60FB681B68D5
:107B40001A69FB685B6AD2B21A70FB685B6A5A1CDE
:107B5000FB685A62FB681B8D013B9AB2FB681A8571
:107B6000FB685B8D9BB2013B9AB2FB685A85FB6850
:107B70001B681A69FB685B6AD2B21A70FB685B6AA1
:107B80005A1CFB685A62FB681B8D013B9AB2FB686A
:107B90001A85FB685B8D9BB2013B9AB2FB685A85E4
:107BA0004EE07A6AB96BF86800F08CFB0346002B54
:107BB00001D0012358E0FB681B681A69FB685B6A07
:107BC000D2B21A70FB685B6A5A1CFB685A62FB6887
:107BD0001B8D013B9AB2FB681A85FB685B8D9BB2DB
:107BE000013B9AB2FB685A85FB681B685B6903F02E
:107BF0000403042B24D1FB681B8D032B07D1FB68E6
:107C00001B681A68FB681B6822F480621A60FB68B4
:107C10001B681A69FB685B6AD2B21A70FB685B6A00
:107C20005A1CFB685A62FB681B8D013B9AB2FB68C9
:107C30001A85FB685B8D9BB2013B9AB2FB685A8543
:107C4000FB681B8D002B7FF4B6AEFB68202283F807
:107C50003D20FB68002283F83E20FB68002283F869
:107C60003C20002300E0022318462837BD4680BD93
:107C70000400010080B588B002AFF86008461146E4
:107C80001A4603467B810B463B811346FB80FB680B
:107C90001B681A68FB681B6842F480721A607B6A72
:107CA00000933B6A00224FF00111F86800F060F980
:107CB0000346002B0DD0FB681B681B6803F4807320
:107CC000B3F5807F03D1FB684FF400721A6403237D
:107CD0005FE07B89DBB21A46FB681B6802F0FE029C
:107CE0001A617B6A3A6A2D49F86800F0BBF90346CD
:107CF000002B01D001234CE000237B61FB681B6853
:107D00005B697B61FB681B689B697B617B697A6A45
:107D1000396AF86800F046FA0346002B0DD0FB687C
:107D20001B6C042B07D1FB681B681A68FB681B6877
:107D300042F400721A6001232BE0FB88012B05D16D
:107D40003B89DAB2FB681B681A6121E03B891B0A98
:107D50009BB2DAB2FB681B681A617A6A396AF86802
:107D600000F020FA0346002B0DD0FB681B6C042B9F
:107D700007D1FB681B681A68FB681B6842F4007235
:107D80001A60012305E03B89DAB2FB681B681A61BF
:107D9000002318461837BD4680BD00BF0200010011
:107DA00080B588B002AFF860084611461A4603460F
:107DB0007B810B463B811346FB80FB681B681A687E
:107DC000FB681B6842F480621A60FB681B681A68D3
:107DD000FB681B6842F480721A607B6A00933B6AFE
:107DE00000224FF00111F86800F0C2F80346002BA2
:107DF0000DD0FB681B681B6803F48073B3F5807FAC
:107E000003D1FB684FF400721A640323AAE07B8954
:107E1000DBB21A46FB681B6802F0FE021A617B6A3D
:107E20003A6A5249F86800F01DF90346002B01D068
:107E3000012397E000237B61FB681B685B697B6122
:107E4000FB681B689B697B617B697A6A396AF868A1
:107E500000F0A8F90346002B0DD0FB681B6C042B27
:107E600007D1FB681B681A68FB681B6842F4007244
:107E70001A60012376E0FB88012B05D13B89DAB239
:107E8000FB681B681A6121E03B891B0A9BB2DAB2CE
:107E9000FB681B681A617A6A396AF86800F082F92F
:107EA0000346002B0DD0FB681B6C042B07D1FB682D
:107EB0001B681A68FB681B6842F400721A60012391
:107EC00050E03B89DAB2FB681B681A617A6A396A4A
:107ED000F86800F067F90346002B0DD0FB681B6CB7
:107EE000042B07D1FB681B681A68FB681B6842F407
:107EF00000721A60012335E0FB681B681A68FB6892
:107F00001B6842F480721A607B6A00933B6A00220D
:107F10004FF00111F86800F02BF80346002B0DD04C
:107F2000FB681B681B6803F48073B3F5807F03D183
:107F3000FB684FF400721A64032313E07B89DBB201
:107F400043F00103DAB2FB681B681A617B6A3A6A84
:107F50000649F86800F086F80346002B01D001239B
:107F600000E0002318461837BD4680BD020001001E
:107F700080B584B000AFF860B9603B601346FB7118
:107F800048E03B68B3F1FF3F44D0FEF78DFE024668
:107F9000BB69D31A3A689A4202D33B68002B39D1A5
:107FA000BB681B0CDBB2012B0DD1FB681B685B6946
:107FB000DA43BB6813409BB2002B0CBF01230023A4
:107FC000DBB21A460CE0FB681B689B69DA43BB68AE
:107FD00013409BB2002B0CBF01230023DBB21A46D7
:107FE000FB799A4216D1FB6800221A63FB682022B3
:107FF00083F83D20FB68002283F83E20FB681B6C61
:1080000043F02002FB681A64FB68002283F83C20DE
:10801000012323E0BB681B0CDBB2012B0DD1FB68F5
:108020001B685B69DA43BB6813409BB2002B0CBF33
:1080300001230023DBB21A460CE0FB681B689B6936
:10804000DA43BB6813409BB2002B0CBF0123002313
:10805000DBB21A46FB799A4293D0002318461037B8
:10806000BD4680BD80B584B000AFF860B9607A606D
:108070003B6071E0FB681B685B6903F48063B3F5E8
:10808000806F23D1FB681B681A68FB681B6842F489
:1080900000721A60FB681B686FF480625A61FB68AB
:1080A00000221A63FB68202283F83D20FB6800222F
:1080B00083F83E20FB681B6C43F00402FB681A64E3
:1080C000FB68002283F83C20012367E07B68B3F162
:1080D000FF3F41D0FEF7E8FD02463B68D31A7A68BD
:1080E0009A4202D37B68002B36D1BB681B0CDBB2F3
:1080F000012B0CD1FB681B685B69DA43BB6813403A
:108100009BB2002B14BF01230023DBB20BE0FB6802
:108110001B689B69DA43BB6813409BB2002B14BFFA
:1081200001230023DBB2002B16D0FB6800221A6368
:10813000FB68202283F83D20FB68002283F83E2064
:10814000FB681B6C43F02002FB681A64FB6800228A
:1081500083F83C20012321E0BB681B0CDBB2012B20
:108160000CD1FB681B685B69DA43BB6813409BB2A8
:10817000002B14BF01230023DBB20BE0FB681B685C
:108180009B69DA43BB6813409BB2002B14BF0123E9
:108190000023DBB2002B7FF46DAF002318461037AD
:1081A000BD4680BD80B584B000AFF860B9607A602C
:1081B00034E0F86800F0E3F80346002B01D0012317
:1081C00034E0BB68B3F1FF3F28D0FEF76DFD0246F7
:1081D0007B68D31ABA689A4202D3BB68002B1DD1C0
:1081E000FB681B685B6903F08003802B16D0FB687B
:1081F00000221A63FB68202283F83D20FB680022DE
:1082000083F83E20FB681B6C43F02002FB681A6475
:10821000FB68002283F83C20012307E0FB681B6811
:108220005B6903F08003802BC3D10023184610370D
:10823000BD4680BD80B584B000AFF860B9607A609B
:1082400034E0F86800F09BF80346002B01D00123CE
:1082500034E0BB68B3F1FF3F28D0FEF725FD0246AE
:108260007B68D31ABA689A4202D3BB68002B1DD12F
:10827000FB681B685B6903F00403042B16D0FB68E2
:1082800000221A63FB68202283F83D20FB6800224D
:1082900083F83E20FB681B6C43F02002FB681A64E5
:1082A000FB68002283F83C20012307E0FB681B6881
:1082B0005B6903F00403042BC3D100231846103775
:1082C000BD4680BD80B584B000AFF860B9607A600B
:1082D00049E0FB681B685B6903F01003102B19D1A0
:1082E000FB681B686FF010025A61FB6800221A637A
:1082F000FB68202283F83D20FB68002283F83E20A3
:10830000FB681A6CFB681A64FB68002283F83C2047
:10831000012330E0FEF7C8FC02467B68D31ABA6836
:108320009A4202D3BB68002B1DD1FB681B685B69B6
:1083300003F04003402B16D0FB6800221A63FB6851
:10834000202283F83D20FB68002283F83E20FB6852
:108350001B6C43F02002FB681A64FB68002283F860
:108360003C20012307E0FB681B685B6903F04003C6
:10837000402BAED1002318461037BD4680BD80B4D7
:1083800083B000AF78607B681B685B6903F480632F
:10839000B3F5806F1BD17B681B686FF480625A61F4
:1083A0007B6800221A637B68202283F83D207B686B
:1083B000002283F83E207B681B6C43F004027B683C
:1083C0001A647B68002283F83C20012300E000232C
:1083D00018460C37BD465DF8047B704780B584B005
:1083E00000AF78607B68002B01D1012334E07B680B
:1083F0001B684CF6CC421A607B681B6845F25552EC
:108400001A607B681B687A6852685A607B681B68D0
:108410007A6892689A60FEF747FCF8600FE0FEF712
:1084200043FC0246FB68D31A312B08D97B681B68D2
:10843000DB6803F00303002B01D003230CE07B680F
:108440001B68DB6803F00303002BE8D17B681B6823
:108450004AF6AA221A60002318461037BD4680BD8E
:1084600080B483B000AF78607B681B684AF6AA22AC
:108470001A60002318460C37BD465DF8047B704730
:1084800080B586B000AF78607B68002B01D10123F6
:1084900067E27B681B6803F00103002B75D0884BF3
:1084A0009B6803F00C03042B0CD0854B9B6803F0F6
:1084B0000C03082B12D1824B5B6803F48003B3F5E5
:1084C000800F0BD17E4B1B6803F40033002B5BD075
:1084D0007B685B68002B57D1012342E27B685B68B5
:1084E000B3F5803F06D1764B1B68754A43F4803361
:1084F00013601DE07B685B68B3F5A02F0CD1704B57
:108500001B686F4A43F4802313606D4B1B686C4AF1
:1085100043F4803313600BE0694B1B68684A23F413
:1085200080331360664B1B68654A23F48023136015
:108530007B685B68002B13D0FEF7B6FB386108E060
:10854000FEF7B2FB02463B69D31A642B01D9032321
:1085500007E25B4B1B6803F40033002BF0D014E000
:10856000FEF7A2FB386108E0FEF79EFB02463B697E
:10857000D31A642B01D90323F3E1514B1B6803F495
:108580000033002BF0D100E000BF7B681B6803F0D4
:108590000203002B63D04A4B9B6803F00C03002BB3
:1085A0000BD0474B9B6803F00C03082B1CD1444BAA
:1085B0005B6803F48003002B16D1414B1B6803F06A
:1085C0000203002B05D07B68DB68012B01D001235F
:1085D000C7E13B4B1B6823F0F8027B681B69DB009B
:1085E000374913430B603AE07B68DB68002B20D0EF
:1085F000344B01221A60FEF757FB386108E0FEF7A2
:1086000053FB02463B69D31A022B01D90323A8E18D
:108610002B4B1B6803F00203002BF0D0284B1B6888
:1086200023F0F8027B681B69DB00254913430B60CC
:1086300015E0244B00221A60FEF736FB386108E093
:10864000FEF732FB02463B69D31A022B01D9032302
:1086500087E11B4B1B6803F00203002BF0D17B6802
:108660001B6803F00803002B36D07B685B69002B86
:1086700016D0154B01221A60FEF716FB386108E090
:10868000FEF712FB02463B69D31A022B01D90323E2
:1086900067E10B4B5B6F03F00203002BF0D01BE094
:1086A000094B00221A60FEF7FFFA38610EE0FEF770
:1086B000FBFA02463B69D31A022B07D9032350E188
:1086C0000038024000004742800E4742884B5B6FF3
:1086D00003F00203002BEAD17B681B6803F004035C
:1086E000002B00F097800023FB75814B1B6C03F07F
:1086F0008053002B0FD10023BB607D4B1B6C7C4A49
:1087000043F0805313647A4B1B6C03F08053BB60BF
:10871000BB680123FB75774B1B6803F48073002B48
:1087200018D1744B1B68734A43F480731360FEF7CF
:10873000BBFA386108E0FEF7B7FA02463B69D31A84
:10874000022B01D903230CE16A4B1B6803F48073ED
:10875000002BF0D07B689B68012B06D1644B1B6F0C
:10876000634A43F0010313671CE07B689B68052B99
:108770000CD15F4B1B6F5E4A43F0040313675C4BE5
:108780001B6F5B4A43F0010313670BE0584B1B6FF1
:10879000574A23F001031367554B1B6F544A23F0CC
:1087A000040313677B689B68002B15D0FEF77CFAE7
:1087B00038610AE0FEF778FA02463B69D31A41F2C3
:1087C0008832934201D90323CBE0494B1B6F03F05E
:1087D0000203002BEED014E0FEF766FA38610AE0DF
:1087E000FEF762FA02463B69D31A41F2883293429D
:1087F00001D90323B5E03E4B1B6F03F00203002BAE
:10880000EED1FB7D012B05D1394B1B6C384A23F08F
:10881000805313647B689B69002B00F0A180344B6C
:108820009B6803F00C03082B5CD07B689B69022BD0
:1088300041D1314B00221A60FEF736FA386108E068
:10884000FEF732FA02463B69D31A022B01D9032301
:1088500087E0274B1B6803F00073002BF0D17B6887
:10886000DA697B681B6A1A437B685B6A9B011A435F
:108870007B689B6A5B08013B1B041A437B68DB6ACD
:108880001B061B4913434B601B4B01221A60FEF76A
:108890000BFA386108E0FEF707FA02463B69D31A83
:1088A000022B01D903235CE0114B1B6803F000731A
:1088B000002BF0D054E0104B00221A60FEF7F4F9C0
:1088C000386108E0FEF7F0F902463B69D31A022B43
:1088D00001D9032345E0064B1B6803F00073002B0E
:1088E000F0D13DE07B689B69012B07D1012338E083
:1088F0000038024000700040600047421B4B5B683C
:10890000FB607B689B69012B28D0FB6803F4800225
:108910007B68DB699A4221D1FB6803F03F027B68E8
:108920001B6A9A421AD1FA6847F6C07313407A68F4
:10893000526A9201934211D1FB6803F440327B6882
:108940009B6A5B08013B1B049A4207D1FB6803F05A
:1089500070627B68DB6A1B069A4201D0012300E04B
:10896000002318461837BD4680BD00BF00380240BE
:1089700080B584B000AF786039607B68002B01D18E
:108980000123CCE0684B1B6803F007033A689A4266
:108990000CD9654B3A68D2B21A70634B1B6803F06E
:1089A00007033A689A4201D00123B8E07B681B684C
:1089B00003F00203002B20D07B681B6803F0040344
:1089C000002B05D0594B9B68584A43F4E053936001
:1089D0007B681B6803F00803002B05D0534B9B6892
:1089E000524A43F460439360504B9B6823F0F0027B
:1089F0007B689B684D4913438B607B681B6803F061
:108A00000103002B44D07B685B68012B07D1474BE7
:108A10001B6803F40033002B19D101237FE07B682E
:108A20005B68022B03D07B685B68032B07D13F4B4D
:108A30001B6803F00073002B09D101236FE03B4B4F
:108A40001B6803F00203002B01D1012367E0374BC1
:108A50009B6823F003027B685B68344913438B6097
:108A6000FEF722F9F8600AE0FEF71EF90246FB68FD
:108A7000D31A41F28832934201D903234FE02B4BA2
:108A80009B6803F00C027B685B689B009A42EBD109
:108A9000254B1B6803F007033A689A420CD2224B1D
:108AA0003A68D2B21A70204B1B6803F007033A6889
:108AB0009A4201D0012332E07B681B6803F0040373
:108AC000002B08D0194B9B6823F4E0527B68DB68CD
:108AD000164913438B607B681B6803F00803002B67
:108AE00009D0124B9B6823F460427B681B69DB0052
:108AF0000E4913438B6000F021F802460B4B9B6834
:108B00001B0903F00F030A49CB5C22FA03F3094A5D
:108B10001360094B1B681846F9F7C8F8002318467C
:108B20001037BD4680BD00BF003C02400038024007
:108B3000F0050108C8000020000100202DE9B04F19
:108B400090B000AF00237B630023FB6300233B63F3
:108B50000023BB63594B9B6803F00C03082B0DD01B
:108B6000082B00F2A180002B02D0042B03D09BE045
:108B7000534BBB639BE0534BBB6398E04F4B5B682D
:108B800003F03F037B634D4B5B6803F48003002BD2
:108B900028D04A4B5B689B0900223B627A623B6AA1
:108BA000C3F308000021474B03FB01F2002300FB45
:108BB00003F31344434AA0FB0212FA620A46BA6264
:108BC000FA6A1344FB627B6B0022BB61FA61D7E94E
:108BD0000623D7E90A01F7F753FB02460B46134673
:108BE000FB6353E0354B5B689B0900223B617A6174
:108BF0003B69C3F3080A4FF0000B52465B464FF047
:108C000000004FF00001590141EAD26150010246D3
:108C10000B46B2EB0A0863EB0B094FF000024FF072
:108C200000034FEA891343EA98634FEA8812B2EBD4
:108C3000080463EB09054FF000024FF00003EB005E
:108C400043EA5473E20014461D4614EB0A033B60EA
:108C500045EB0B037B604FF000024FF00003D7E9B8
:108C6000004529468B02214643EA915321468A0258
:108C7000104619467B6B0022BB60FA60D7E90223DD
:108C8000F7F7FEFA02460B461346FB630B4B5B6895
:108C90001B0C03F0030301335B003B63FA6B3B6B7C
:108CA000B2FBF3F3BB6302E0054BBB6300BFBB6BDE
:108CB00018464037BD46BDE8B08F00BF00380240BF
:108CC0000024F40040787D0180B400AF034B1B68A2
:108CD0001846BD465DF8047B704700BFC800002001
:108CE00080B500AFFFF7F0FF0246054B9B689B0A7B
:108CF00003F007030349CB5C22FA03F3184680BD57
:108D0000003802400006010880B500AFFFF7DCFF25
:108D10000246054B9B685B0B03F007030349CB5CE2
:108D200022FA03F3184680BD00380240000601080D
:108D300080B483B000AF786039607B680F221A601E
:108D4000124B9B6803F003027B685A600F4B9B68D1
:108D500003F0F0027B689A600C4B9B6803F4E052CE
:108D60007B68DA60094B9B68DB0803F4E0527B68A0
:108D70001A61074B1B6803F007023B681A6000BFCB
:108D80000C37BD465DF8047B704700BF00380240D9
:108D9000003C024080B582B000AF78607B68002B59
:108DA00001D101237BE07B685B6A002B08D17B68E3
:108DB0005B68B3F5827F09D07B680022DA6105E049
:108DC0007B6800221A617B6800225A617B6800225E
:108DD0009A627B6893F85130DBB2002B06D17B6836
:108DE000002283F850207868F8F718FE7B6802228A
:108DF00083F851207B681B681A687B681B6822F027
:108E000040021A607B685B6803F482727B689B682F
:108E100003F404431A437B68DB6803F400631A43DA
:108E20007B681B6903F002031A437B685B6903F0EC
:108E300001031A437B689B6903F400731A437B6840
:108E4000DB6903F038031A437B681B6A03F0800375
:108E500042EA03017B689B6A03F400527B681B684B
:108E60000A431A607B689B691B0C03F004017B6852
:108E70005B6A03F010027B681B680A435A607B68D8
:108E80001B68DA697B681B6822F40062DA617B6820
:108E900000225A657B68012283F85120002318467E
:108EA0000837BD4680BD80B58AB000AFF860B960B4
:108EB0007A607B8001237B62FDF7F6FE3862FB68F7
:108EC00093F85130FB77FB685B68BB617B88FB8262
:108ED000FB7F012B0CD0BB69B3F5827F06D1FB6809
:108EE0009B68002B02D1FB7F042B01D002237FE182
:108EF000BB68002B05D07B68002B02D07B88002B41
:108F000001D1012374E1FB6893F85030012B01D1AA
:108F100002236DE1FB68012283F85020FB6893F87F
:108F20005130DBB2042B03D0FB68052283F85120BB
:108F3000FB6800225A65FB687A689A63FB687A8846
:108F4000DA87FB687A889A87FB68BA681A63FB68D5
:108F50007A88DA86FB687A889A86FB6800221A6427
:108F6000FB6800225A64FB681B681B6803F040031F
:108F7000402B07D0FB681B681A68FB681B6842F02F
:108F800040021A60FB68DB68B3F5006F7ED1FB68B6
:108F90005B68002B02D0FB8A012B6CD1FB681B6B3A
:108FA0001A88FB681B68DA60FB681B6B9A1CFB68FD
:108FB0001A63FB68DB8E9BB2013B9AB2FB68DA86D0
:108FC00059E0FB681B689B6803F00203022B1BD16E
:108FD000FB68DB8E9BB2002B16D07B6A012B13D172
:108FE000FB681B6B1A88FB681B68DA60FB681B6BED
:108FF0009A1CFB681A63FB68DB8E9BB2013B9AB23A
:10900000FB68DA8600237B62FB681B689B6803F0C1
:109010000103012B19D1FB68DB8F9BB2002B14D00D
:10902000FB681B68DA68FB689B6B92B21A80FB686E
:109030009B6B9A1CFB689A63FB68DB8F9BB2013BBE
:109040009AB2FB68DA8701237B62FDF72DFE0246A8
:109050003B6AD31A3A6B9A420DD83B6BB3F1FF3F90
:1090600009D0FB68012283F85120FB68002283F8B5
:1090700050200323BCE0FB68DB8E9BB2002BA0D109
:10908000FB68DB8F9BB2002B9BD182E0FB685B68A7
:10909000002B02D0FB8A012B71D1FB681A6BFB6895
:1090A0001B680C3312781A70FB681B6B5A1CFB6828
:1090B0001A63FB68DB8E9BB2013B9AB2FB68DA86CF
:1090C0005DE0FB681B689B6803F00203022B1CD168
:1090D000FB68DB8E9BB2002B17D07B6A012B14D16F
:1090E000FB681A6BFB681B680C3312781A70FB68FC
:1090F0001B6B5A1CFB681A63FB68DB8E9BB2013B3F
:109100009AB2FB68DA8600237B62FB681B689B6867
:1091100003F00103012B19D1FB68DB8F9BB2002BFD
:1091200014D0FB681B68DA68FB689B6BD2B21A70BC
:10913000FB689B6B5A1CFB689A63FB68DB8F9BB2D6
:10914000013B9AB2FB68DA8701237B62FDF7ACFD35
:1091500002463B6AD31A3A6B9A4203D83B6BB3F18F
:10916000FF3F02D13B6B002B09D1FB68012283F842
:109170005120FB68002283F85020032338E0FB686D
:10918000DB8E9BB2002B9CD1FB68DB8F9BB2002B4C
:1091900097D13A6A396BF86800F0B6F80346002BAD
:1091A00008D0FB6820225A65FB68002283F8502013
:1091B00001231DE0FB689B68002B0AD100233B6163
:1091C000FB681B68DB683B61FB681B689B683B6155
:1091D0003B69FB68012283F85120FB68002283F879
:1091E0005020FB685B6D002B01D0012300E00023C1
:1091F00018462837BD4680BD80B588B000AFF860FE
:10920000B9603B601346FB71FDF74EFD0246BB6A39
:109210009B1A3A681344FB61FDF746FDB861394B70
:109220001B685B011B0DFA6902FB03F37B6154E0D1
:109230003B68B3F1FF3F50D0FDF736FD0246BB69F6
:10924000D31AFA699A4202D9FB69002B3DD1FB6817
:109250001B685A68FB681B6822F0E0025A60FB68D2
:109260005B68B3F5827F11D1FB689B68B3F5004F53
:1092700004D0FB689B68B3F5806F07D1FB681B685F
:109280001A68FB681B6822F040021A60FB689B6A40
:10929000B3F5005F0FD1FB681B681A68FB681B6899
:1092A00022F400521A60FB681B681A68FB681B688E
:1092B00042F400521A60FB68012283F85120FB68D7
:1092C000002283F85020032317E07B69002B01D193
:1092D0000023FB617B69013B7B61FB681B689A682B
:1092E000BB681340BA689A420CBF01230023DBB26B
:1092F0001A46FB799A429BD1002318462037BD4677
:1093000080BD00BFC800002080B588B002AFF86003
:10931000B9607A607B680093BB6801220221F8681B
:10932000FFF76AFF0346002B07D0FB685B6D43F035
:109330002002FB685A65032332E01B4B1B681B4A63
:10934000A2FB03235B0D4FF47A7202FB03F37B61F4
:10935000FB685B68B3F5827F12D17B680093BB68C2
:1093600000228021F868FFF747FF0346002B16D044
:10937000FB685B6D43F02002FB685A6503230FE036
:109380007B69002B0AD07B69013B7B61FB681B6812
:109390009B6803F08003802BF2D000E000BF002325
:1093A00018461837BD4680BDC8000020819F5E1654
:1093B00080B582B000AF78607B68002B01D10123BB
:1093C00041E07B6893F83D30DBB2002B06D17B682F
:1093D000002283F83C20786800F039F87B6802228C
:1093E00083F83D207B681A687B6804331946104671
:1093F00000F0C0F97B68012283F846207B680122D7
:1094000083F83E207B68012283F83F207B6801229D
:1094100083F840207B68012283F841207B68012289
:1094200083F842207B68012283F843207B68012275
:1094300083F844207B68012283F845207B68012261
:1094400083F83D20002318460837BD4680BD80B410
:1094500083B000AF786000BF0C37BD465DF8047B79
:109460007047000080B485B000AF78607B6893F8E7
:109470003D30DBB2012B01D001234EE07B6802229C
:1094800083F83D207B681B68DA687B681B6842F0C4
:109490000102DA607B681B68234A934222D07B6812
:1094A0001B68B3F1804F1DD07B681B681F4A934235
:1094B00018D07B681B681E4A934213D07B681B68D8
:1094C0001C4A93420ED07B681B681B4A934209D00A
:1094D0007B681B68194A934204D07B681B68184A52
:1094E000934211D17B681B689B6803F00703FB6004
:1094F000FB68062B10D07B681B681A687B681B68AA
:1095000042F001021A6007E07B681B681A687B68FA
:109510001B6842F001021A60002318461437BD464A
:109520005DF8047B704700BF00000140000400406C
:1095300000080040000C00400004014000400140D1
:109540000018004080B584B000AF78607B681B686D
:10955000DB68FB607B681B681B69BB60BB6803F052
:109560000203002B20D0FB6803F00203002B1BD06A
:109570007B681B686FF002021A617B6801221A7710
:109580007B681B689B6903F00303002B03D078689A
:1095900000F0D2F805E0786800F0C4F8786800F0D0
:1095A000D5F87B6800221A77BB6803F00403002B10
:1095B00020D0FB6803F00403002B1BD07B681B68E2
:1095C0006FF004021A617B6802221A777B681B68BD
:1095D0009B6903F44073002B03D0786800F0ACF86B
:1095E00005E0786800F09EF8786800F0AFF87B68D6
:1095F00000221A77BB6803F00803002B20D0FB6819
:1096000003F00803002B1BD07B681B686FF0080277
:109610001A617B6804221A777B681B68DB6903F098
:109620000303002B03D0786800F086F805E0786823
:1096300000F078F8786800F089F87B6800221A77E3
:10964000BB6803F01003002B20D0FB6803F010036D
:10965000002B1BD07B681B686FF010021A617B68BF
:1096600008221A777B681B68DB6903F44073002BC0
:1096700003D0786800F060F805E0786800F052F8F0
:10968000786800F063F87B6800221A77BB6803F003
:109690000103002B0CD0FB6803F00103002B07D063
:1096A0007B681B686FF001021A617868F8F72AF985
:1096B000BB6803F08003002B0CD0FB6803F0800331
:1096C000002B07D07B681B686FF080021A617868F6
:1096D00000F006F9BB6803F04003002B0CD0FB68D8
:1096E00003F04003002B07D07B681B686FF040023B
:1096F0001A61786800F034F8BB6803F02003002B8F
:109700000CD0FB6803F02003002B07D07B681B689C
:109710006FF020021A61786800F0D8F800BF1037A7
:10972000BD4680BD80B483B000AF786000BF0C3709
:10973000BD465DF8047B704780B483B000AF7860AD
:1097400000BF0C37BD465DF8047B704780B483B022
:1097500000AF786000BF0C37BD465DF8047B7047F2
:1097600080B483B000AF786000BF0C37BD465DF8B1
:10977000047B704780B485B000AF786039607B6847
:109780001B68FB607B68464A934213D07B68B3F149
:10979000804F0FD07B68434A93420BD07B68424A8C
:1097A000934207D07B68414A934203D07B68404A8A
:1097B000934208D1FB6823F07003FB603B685B6851
:1097C000FA681343FB607B68354A93422BD07B6871
:1097D000B3F1804F27D07B68324A934223D07B6815
:1097E000314A93421FD07B68304A93421BD07B683A
:1097F0002F4A934217D07B682E4A934213D07B683E
:109800002D4A93420FD07B682C4A93420BD07B6841
:109810002B4A934207D07B682A4A934203D07B6845
:10982000294A934208D1FB6823F44073FB603B68EC
:10983000DB68FA681343FB60FB6823F080023B6837
:109840005B691343FB607B68FA681A603B689A683F
:109850007B68DA623B681A687B689A627B68104AA8
:10986000934203D07B68124A934203D13B681A6942
:109870007B681A637B6801225A617B681B6903F06D
:109880000103012B05D17B681B6923F001027B6872
:109890001A6100BF1437BD465DF8047B704700BFF6
:1098A000000001400004004000080040000C00409F
:1098B00000040140004001400044014000480140D4
:1098C00000180040001C00400020004080B483B01D
:1098D00000AF786000BF0C37BD465DF8047B704771
:1098E00080B483B000AF786000BF0C37BD465DF830
:1098F000047B704780B582B000AF78607B68002B36
:1099000001D1012342E07B6893F84130DBB2002BA8
:1099100006D17B68002283F840207868F8F7C6F803
:109920007B68242283F841207B681B68DA687B68A7
:109930001B6822F40052DA60786800F007FE7B684A
:109940001B681A697B681B6822F490421A617B6865
:109950001B685A697B681B6822F02A025A617B687F
:109960001B68DA687B681B6842F40052DA607B6827
:1099700000225A647B68202283F841207B682022E1
:1099800083F842207B6800225A6300231846083778
:10999000BD4680BD80B58AB002AFF860B9603B605B
:1099A0001346FB8000237B61FB6893F84130DBB2F8
:1099B000202B75D1BB68002B02D0FB88002B01D176
:1099C00001236EE0FB6800225A64FB68212283F8C1
:1099D0004120FDF769F97861FB68FA889A84FB6891
:1099E000FA88DA84FB689B68B3F5805F08D1FB686E
:1099F0001B69002B04D10023FB61BB68BB6103E042
:109A0000BB68FB610023BB612EE03B6800937B6970
:109A100000228021F86800F069FB0346002B05D086
:109A2000FB68202283F8412003233AE0FB69002BE6
:109A30000BD1BB691B881A46FB681B68C2F308027E
:109A40005A60BB690233BB6107E0FB691A78FB68A7
:109A50001B685A60FB690133FB61FB68DB8C9BB2BE
:109A6000013B9AB2FB68DA84FB68DB8C9BB2002B6B
:109A7000CBD13B6800937B6900224021F86800F05D
:109A800035FB0346002B05D0FB68202283F84120DC
:109A9000032306E0FB68202283F84120002300E036
:109AA000022318462037BD4680BD80B485B000AF84
:109AB000F860B9601346FB80FB6893F84130DBB275
:109AC000202B21D1BB68002B02D0FB88002B01D1B9
:109AD00001231AE0FB68BA681A62FB68FA889A8464
:109AE000FB68FA88DA84FB6800225A64FB6821224A
:109AF00083F84120FB681B68DA68FB681B6842F04A
:109B00008002DA60002300E0022318461437BD46C5
:109B10005DF8047B704780B584B000AFF860B96031
:109B20001346FB80FB6893F84230DBB2202B12D146
:109B3000BB68002B02D0FB88002B01D101230BE076
:109B4000FB6800221A63FB881A46B968F86800F0BF
:109B500026FB034600E0022318461037BD4680BDB1
:109B600080B5BAB000AF78607B681B681B68C7F827
:109B7000E4307B681B68DB68C7F8E0307B681B68F3
:109B80005B69C7F8DC300023C7F8D8300023C7F87A
:109B9000D430D7F8E43003F00F03C7F8D830D7F843
:109BA000D830002B0FD1D7F8E43003F02003002B7E
:109BB00009D0D7F8E03003F02003002B03D07868F9
:109BC00000F006FC5BE2D7F8D830002B00F0DE8016
:109BD000D7F8DC3003F00103002B06D1D7F8E030D2
:109BE00003F49073002B00F0D180D7F8E43003F039
:109BF0000103002B0BD0D7F8E03003F48073002B67
:109C000005D07B685B6C43F001027B685A64D7F82F
:109C1000E43003F00403002B0BD0D7F8DC3003F062
:109C20000103002B05D07B685B6C43F002027B686C
:109C30005A64D7F8E43003F00203002B0BD0D7F8B6
:109C4000DC3003F00103002B05D07B685B6C43F034
:109C500004027B685A64D7F8E43003F00803002B51
:109C600011D0D7F8E03003F02003002B05D1D7F84E
:109C7000DC3003F00103002B05D07B685B6C43F004
:109C800008027B685A647B685B6C002B00F0F281F1
:109C9000D7F8E43003F02003002B08D0D7F8E030E9
:109CA00003F02003002B02D0786800F091FB7B6862
:109CB0001B685B6903F04003402B0CBF01230023AA
:109CC000DBB2C7F8D4307B685B6C03F00803002B71
:109CD00003D1D7F8D430002B4FD0786800F099FA30
:109CE0007B681B685B6903F04003402B41D17B68B4
:109CF0001B681433C7F89C30D7F89C3053E8003FFA
:109D0000C7F89830D7F8983023F04003C7F8D03020
:109D10007B681B681433D7F8D020C7F8A820C7F891
:109D2000A430D7F8A410D7F8A82041E80023C7F83A
:109D3000A030D7F8A030002BD9D17B68DB6B002B8B
:109D400013D07B68DB6B7E4A1A657B68DB6B184639
:109D5000FDF747F90346002B16D07B68DB6B1B6DC4
:109D60007A68D26B104698470EE0786800F08AF95E
:109D70000AE0786800F086F906E0786800F082F979
:109D80007B6800225A6475E100BF73E17B681B6B3E
:109D9000012B40F04F81D7F8E43003F01003002B83
:109DA00000F04881D7F8E03003F01003002B00F0FA
:109DB00041810023BB607B681B681B68BB607B68BC
:109DC0001B685B68BB60BB687B681B685B6903F0F2
:109DD0004003402B40F0B6807B68DB6B1B685B6800
:109DE000A7F8BE30B7F8BE30002B00F045817B6885
:109DF0009B8DB7F8BE209A4280F03E817B68B7F811
:109E0000BE20DA857B68DB6BDB69B3F5807F00F011
:109E100088807B681B680C33C7F88830D7F8883097
:109E200053E8003FC7F88430D7F8843023F48073B8
:109E3000C7F8B8307B681B680C33D7F8B820C7F870
:109E40009420C7F89030D7F89010D7F8942041E8C4
:109E50000023C7F88C30D7F88C30002BD9D17B6821
:109E60001B6814337B677B6F53E8003F3B673B6F96
:109E700023F00103C7F8B4307B681B681433D7F8AC
:109E8000B420C7F88020FB67F96FD7F8802041E83D
:109E90000023BB67BB6F002BE1D17B681B681433C9
:109EA0003B663B6E53E8003FFB65FB6D23F04003D0
:109EB000C7F8B0307B681B681433D7F8B020FA6657
:109EC000BB66B96EFA6E41E800237B667B6E002BA1
:109ED000E3D17B68202283F842207B6800221A634A
:109EE0007B681B680C33FB64FB6C53E8003FBB646E
:109EF000BB6C23F01003C7F8AC307B681B680C33D5
:109F0000D7F8AC20BA657B65796DBA6D41E800235E
:109F10003B653B6D002BE3D17B68DB6B1846FCF7A0
:109F2000F0FF7B6802225A637B689A8D7B68DB8D29
:109F30009BB2D31A9BB21946786800F0ADF89BE04B
:109F4000D9A200087B689A8D7B68DB8D9BB2D31AFF
:109F5000A7F8CE307B68DB8D9BB2002B00F08E80A3
:109F6000B7F8CE30002B00F089807B681B680C337B
:109F7000BB63BB6B53E8003F7B637B6B23F4907345
:109F8000C7F8C8307B681B680C33D7F8C8207A64E0
:109F90003B64396C7A6C41E80023FB63FB6B002B5C
:109FA000E3D17B681B6814337B627B6A53E8003F14
:109FB0003B623B6A23F00103C7F8C4307B681B682F
:109FC0001433D7F8C4203A63FB62F96A3A6B41E86C
:109FD0000023BB62BB6A002BE3D17B68202283F89D
:109FE00042207B6800221A637B681B680C333B614C
:109FF0003B6953E8003FFB60FB6823F01003C7F8A0
:10A00000C0307B681B680C33D7F8C020FA61BB6195
:10A01000B969FA6941E800237B617B69002BE3D1D0
:10A020007B6802225A63B7F8CE301946786800F090
:10A0300033F823E0D7F8E43003F08003002B09D095
:10A04000D7F8E03003F08003002B03D0786800F0ED
:10A0500057F914E0D7F8E43003F04003002B0ED09A
:10A06000D7F8E03003F04003002B08D0786800F008
:10A0700097F904E000BF02E000BF00E000BFE8374E
:10A08000BD4680BD80B483B000AF786000BF0C37A0
:10A09000BD465DF8047B704780B483B000AF786044
:10A0A0000B467B8000BF0C37BD465DF8047B7047D4
:10A0B00080B485B000AF78600023FB600023BB60F4
:10A0C0007B6893F84130DBB2FB607B6893F84230E9
:10A0D000DBB2BB60FB68DAB2BB68DBB21343DBB256
:10A0E00018461437BD465DF8047B704780B586B0CE
:10A0F00000AFF860B9603B601346FB713BE03B6A20
:10A10000B3F1FF3F37D0FCF7CFFD02463B68D31ACF
:10A110003A6A9A4202D33B6A002B01D103233AE008
:10A12000FB681B68DB6803F00403002B23D0BB68CB
:10A13000802B20D0BB68402B1DD0FB681B681B68A0
:10A1400003F00803082B16D100237B61FB681B6812
:10A150001B687B61FB681B685B687B617B69F868D7
:10A1600000F057F8FB6808225A64FB68002283F865
:10A17000402001230FE0FB681B681A68BB6813408E
:10A18000BA689A420CBF01230023DBB21A46FB795E
:10A190009A42B4D0002318461837BD4680BD80B41B
:10A1A00085B000AFF860B9601346FB80FB68BA6801
:10A1B0009A62FB68FA889A85FB68FA88DA85FB68F8
:10A1C00000225A64FB68222283F84220FB681B6944
:10A1D000002B07D0FB681B68DA68FB681B6842F439
:10A1E0008072DA60FB681B685A69FB681B6842F082
:10A1F00001025A61FB681B68DA68FB681B6842F061
:10A200002002DA60002318461437BD465DF8047B4F
:10A21000704780B495B000AF78607B681B680C33E2
:10A220007B637B6B53E8003F3B633B6B23F4907392
:10A23000FB647B681B680C33FA6C3A64FB63F96B54
:10A240003A6C41E80023BB63BB6B002BE5D17B6814
:10A250001B6814333B623B6A53E8003FFB61FB69B8
:10A2600023F00103BB647B681B681433BA6CFA6289
:10A27000BB62B96AFA6A41E800237B627B6A002B01
:10A28000E5D17B681B6B012B19D17B681B680C33F4
:10A29000FB60FB6853E8003FBB60BB6823F0100322
:10A2A0007B647B681B680C337A6CBA617B6179696B
:10A2B000BA6941E800233B613B69002BE5D17B682B
:10A2C000202283F842207B6800221A6300BF5437A3
:10A2D000BD465DF8047B704780B584B000AF786000
:10A2E0007B689B6BFB60FB680022DA85FB680022C1
:10A2F000DA84F868FFF7C6FE00BF1037BD4680BDA0
:10A3000080B485B000AF78607B6893F84130DBB2F1
:10A31000212B3ED17B689B68B3F5805F14D17B68AD
:10A320001B69002B10D17B681B6AFB60FB681B88D4
:10A330001A467B681B68C2F308025A607B681B6A76
:10A340009A1C7B681A6208E07B681B6A591C7A6851
:10A3500011621A787B681B685A607B68DB8C9BB241
:10A36000013B9BB27A681946D184002B0FD17B68E0
:10A370001B68DA687B681B6822F08002DA607B6801
:10A380001B68DA687B681B6842F04002DA600023D1
:10A3900000E0022318461437BD465DF8047B704781
:10A3A00080B582B000AF78607B681B68DA687B6834
:10A3B0001B6822F04002DA607B68202283F841208B
:10A3C0007868FBF71BFF002318460837BD4680BDA1
:10A3D00080B58CB000AF78607B6893F84230DBB218
:10A3E000222B40F0AE807B689B68B3F5805F17D16D
:10A3F0007B681B69002B13D10023FB627B689B6A7F
:10A40000BB627B681B685B689BB2C3F308039AB2AC
:10A41000BB6A1A807B689B6A9A1C7B689A6226E0FA
:10A420007B689B6AFB620023BB627B689B68B3F519
:10A43000805F07D07B689B68002B0AD17B681B6913
:10A44000002B06D17B681B685B68DAB2FB6A1A7066
:10A4500008E07B681B685B68DBB203F07F03DAB25D
:10A46000FB6A1A707B689B6A5A1C7B689A627B68DD
:10A47000DB8D9BB2013B9BB27A681946D185002BDC
:10A480005DD17B681B68DA687B681B6822F020025C
:10A49000DA607B681B68DA687B681B6822F480726C
:10A4A000DA607B681B685A697B681B6822F00102CE
:10A4B0005A617B68202283F842207B6800225A631D
:10A4C0007B681B6B012B35D17B6800221A637B688C
:10A4D0001B680C337B617B6953E8003F3B613B6940
:10A4E00023F010037B627B681B680C337A6A3A6244
:10A4F000FB61F9693A6A41E80023BB61BB69002B43
:10A50000E5D17B681B681B6803F01003102B0AD190
:10A510000023FB607B681B681B68FB607B681B6813
:10A520005B68FB60FB687B689B8D19467868FFF76A
:10A53000B3FD02E07868FBF717FE002302E000237A
:10A5400000E0022318463037BD4680BD2DE9B04FEC
:10A55000C0B000AFC7F8F400D7F8F4301B681B692F
:10A5600023F44050D7F8F430D968D7F8F4301A689B
:10A5700040EA01031361D7F8F4309A68D7F8F43051
:10A580001B691A43D7F8F4305B691A43D7F8F430E3
:10A59000DB691343C7F8F830D7F8F4301B68DB6881
:10A5A00023F4164121F00C01D7F8F4301A68D7F8DB
:10A5B000F8300B43D360D7F8F4301B685B6923F4A1
:10A5C0004070D7F8F4309969D7F8F4301A6840EA47
:10A5D00001035361D7F8F4301A688F4B9A4205D0C3
:10A5E000D7F8F4301A688D4B9A4204D1FEF78CFBF1
:10A5F000C7F8FC0003E0FEF773FBC7F8FC00D7F8D0
:10A60000F430DB69B3F5004F40F00C81D7F8FC3033
:10A610000022C7F8E830C7F8EC20D7E93A452246CF
:10A620002B469118B9655B41FB65D7E91623214696
:10A6300012EB0108294643EB01094FF000024FF0ED
:10A6400000034FEAC90343EA58734FEAC802904631
:10A650009946234618EB0303C7F8E0302B4649EB35
:10A660000303C7F8E430D7F8F4305B680022C7F87A
:10A67000D830C7F8DC20D7E936120B46DB183B652B
:10A68000134642EB03037B65D7E91423D7E938016E
:10A69000F5F7F6FD02460B46614BA3FB02235B096F
:10A6A0001C01D7F8FC300022C7F8D030C7F8D420FE
:10A6B000D7E9348942464B469118B9645B41FB6443
:10A6C000D7E91223414612EB010A494643EB010B3D
:10A6D0004FF000024FF000034FEACB0343EA5A73F6
:10A6E0004FEACA0292469B4643461AEB0303C7F859
:10A6F000C8304B464BEB0303C7F8CC30D7F8F430E7
:10A700005B680022C7F8C030C7F8C420D7E9301210
:10A710000B46DB183B64134642EB03037B64D7E92B
:10A720001023D7E93201F5F7ABFD02460B4611467F
:10A730003B4BA3FB01235B09642202FB03F3CB1A0F
:10A74000DB0003F13202364BA3FB02235B095B0003
:10A7500003F4F8731C44D7F8FC300022C7F8B83073
:10A76000C7F8BC20D7E92E8942464B469118B963F9
:10A770005B41FB63D7E90E234146511839634946D3
:10A780004B417B634FF000024FF00003D7E90CAB65
:10A790005946CB00514643EA51735146CA00104610
:10A7A0001946034642469B18C7F8B0304B460A4646
:10A7B00042EB0303C7F8B430D7F8F4305B680022EB
:10A7C000C7F8A830C7F8AC20D7E92A120B46DB1827
:10A7D000BB62134642EB0303FB62D7E90A23D7E9C6
:10A7E0002C01F5F74DFD02460B460D4BA3FB021362
:10A7F0005B09642101FB03F3D31ADB003233084AFF
:10A80000A2FB03235B0903F00702D7F8F4301B68AF
:10A8100022449A6006E100BF00100140001401408C
:10A820001F85EB51D7F8FC300022C7F8A030C7F8DD
:10A83000A420D7E9288942464B46911839625B41EA
:10A840007B62D7E9082341465418494643EB01058A
:10A850004FF000024FF00003EB0043EA5473E200B4
:10A8600014461D464346E318C7F898304B4645EB5F
:10A870000303C7F89C30D7F8F4305B680022C7F8B0
:10A880009030C7F894204FF000024FF00003D7E952
:10A89000244529468B00214643EA917321468A00CC
:10A8A000D7E92601F5F7ECFC02460B46604BA3FB0B
:10A8B00002235B091C01D7F8FC300022C7F888305E
:10A8C000C7F88C20D7E9228942464B469118B961D6
:10A8D0005B41FB61D7E9062341465118396149467E
:10A8E0004B417B614FF000024FF00003D7E904AB0E
:10A8F0005946CB00514643EA51735146CA001046AF
:10A900001946034642469B18C7F880304B460A4614
:10A9100042EB0303C7F88430D7F8F4305B680022B9
:10A92000BB67FA674FF000024FF00003D7E91E89BA
:10A9300049468B00414643EA917341468A00D7E974
:10A940002001F5F79DFC02460B461146384BA3FB50
:10A9500001235B09642202FB03F3CB1A1B01323390
:10A96000334AA2FB03235B0903F0F0031C44D7F82E
:10A97000FC3000223B677A67D7E91C8942464B4688
:10A980009118B9605B41FB60D7E902234146511839
:10A99000396049464B417B604FF000024FF00003A5
:10A9A000D7E900AB5946CB00514643EA51735146B3
:10A9B000CA0010461946034642469B18BB664B46E2
:10A9C0000A4642EB0303FB66D7F8F4305B680022CB
:10A9D0003B667A664FF000024FF00003D7E9188912
:10A9E00049468B00414643EA917341468A00D7E9C4
:10A9F0001A01F5F745FC02460B460D4BA3FB02136B
:10AA00005B09642101FB03F3D31A1B013233084AAB
:10AA1000A2FB03235B0903F00F02D7F8F4301B6895
:10AA200022449A6000BF07F58077BD46BDE8B08F2D
:10AA30001F85EB5180B485B000AF0346FB80002337
:10AA4000FB60B7F90630842B05D0B7F90620FB6808
:10AA500013440333FB60FB6818461437BD465DF8AA
:10AA6000047B704780B483B000AFEFF305837B6055
:10AA70007B68002B14BF01230023DBB218460C3780
:10AA8000BD465DF8047B704780B500AF01F0B6FEAF
:10AA90000023184680BDF0B589B004AF78603960F6
:10AAA0007B685B69002B20D07B689B69002B1CD0E6
:10AAB0007B685C687B681D687B681E697B68B3F98E
:10AAC00008301846FFF7B6FF01467B685B697A6875
:10AAD00092690292019300913B68324629462046D2
:10AAE00001F0A6FC0346FB601CE07B685C687B68A9
:10AAF0001D687B681B699EB27B68B3F908301846F5
:10AB0000FFF798FF024607F10C03019300923B68A0
:10AB100032462946204601F0EBFC0346012B01D0CA
:10AB2000002300E0FB6818461437BD46F0BD80B531
:10AB300084B000AF78607B68FB60FB68002B01D0BD
:10AB4000FB6800E00123184601F022FE00231846AE
:10AB50001037BD4680BD000080B586B002AFF860FA
:10AB60000B467A60FB72FB685B68002B13D0FB7AA4
:10AB7000012B01D1012100E00021FB681B68FA686C
:10AB80005268019200937B680A4601210B4802F04B
:10AB900028FD03460EE0FB7A012B01D1012200E0E3
:10ABA0000022FB681B6800937B680121034802F0C8
:10ABB000F7FC034618461037BD4680BD0405010862
:10ABC00080B588B002AF7860396000237B610023D4
:10ABD000FB603B683B613B69002B01D101233B617A
:10ABE000FFF740FF0346002B1AD007F10C030022A9
:10ABF00000923A690921786802F070FD0346012B42
:10AC000002D0FF237B6118E0FB68002B15D00D4BB1
:10AC10004FF080521A60BFF34F8FBFF36F8F0CE07D
:10AC20000023009300233A690421786802F056FD5E
:10AC30000346012B01D0FF237B617B69184618373F
:10AC4000BD4680BD04ED00E080B582B000AF786005
:10AC50007B685B68002B07D07B685B681946012026
:10AC600000F0A1FD034603E0012000F084FD03464F
:10AC700018460837BD4680BD80B584B000AF786007
:10AC800039600023BB607B68002B01D180233AE050
:10AC90000023FB603B68B3F1FF3F03D14FF0FF336C
:10ACA000FB6009E03B68002B06D03B68FB60FB685B
:10ACB000002B01D10123FB60FFF7D4FE0346002BDC
:10ACC00017D007F108031A460021786801F0A8F9A7
:10ACD0000346012B01D0FF2315E0BB68002B11D0E8
:10ACE0000B4B4FF080521A60BFF34F8FBFF36F8F43
:10ACF00008E0F968786801F083F80346012B01D079
:10AD0000FF2300E0002318461037BD4680BD00BF7A
:10AD100004ED00E080B584B000AF78600023FB60F4
:10AD20000023BB60FFF79EFE0346002B16D007F101
:10AD300008031946786800F0F1FE0346012B01D0A4
:10AD4000FF2317E0BB68002B13D00C4B4FF0805251
:10AD50001A60BFF34F8FBFF36F8F0AE0002300220A
:10AD60000021786800F03AFD0346012B01D0FF2353
:10AD7000FB60FB6818461037BD4680BD04ED00E05F
:10AD800080B586B002AF786039607B685B68002B65
:10AD90000FD03B68012B0AD17B685B6803220092CD
:10ADA00000220021012000F0F5FB034616E00023FD
:10ADB00014E03B68012B10D103220021012000F098
:10ADC00066FCF860FB68002B05D000230022002100
:10ADD000F86800F003FDFB6800E000231846103718
:10ADE000BD4680BD80B584B000AF78603960002377
:10ADF000BB607B68002B01D180233AE00023FB601D
:10AE00003B68B3F1FF3F03D14FF0FF33FB6009E034
:10AE10003B68002B06D03B68FB60FB68002B01D130
:10AE20000123FB60FFF71EFE0346002B17D007F13E
:10AE300008031A460021786801F0F2F80346012B56
:10AE400001D0FF2315E0BB68002B11D00B4B4FF056
:10AE500080521A60BFF34F8FBFF36F8F08E0F9681D
:10AE6000786800F0CDFF0346012B01D0FF2300E0FE
:10AE7000002318461037BD4680BD00BF04ED00E03A
:10AE800080B584B000AF78600023FB600023BB6016
:10AE9000FFF7E8FD0346002B16D007F1080319461B
:10AEA000786800F03BFE0346012B01D0FF2317E03A
:10AEB000BB68002B13D00C4B4FF080521A60BFF3CD
:10AEC0004F8FBFF36F8F0AE00023002200217868C4
:10AED00000F084FC0346012B01D0FF23FB60FB68DC
:10AEE00018461037BD4680BD04ED00E080B586B041
:10AEF00000AF78607B685B68033323F00303FB607B
:10AF0000142003F033F978617B69002B46D07B680D
:10AF10001A687B699A60FA687B69DA607B6900224B
:10AF20001A617B681B68184603F020F902467B69AA
:10AF30005A607B695B68002B2BD07B681B68FA68C2
:10AF400002FB03F3184603F011F902467B691A600D
:10AF50007B691B68002B11D000233B6108E07B69F3
:10AF60005A683B69134400221A703B6901333B6104
:10AF70007B681B683A699A42F1D30FE07B695B6892
:10AF8000184603F0C1F9786903F0BEF900237B612C
:10AF900004E0786903F0B8F900237B617B69184607
:10AFA0001837BD4680BD80B58AB000AF78600023F9
:10AFB0007B6200233B62FFF755FD0346002B0ED05A
:10AFC000EFF311824FF0500383F31188BFF36F8FBB
:10AFD000BFF34F8F7A613B617B697B6201E002F0D6
:10AFE000A3FF0023FB6129E07B681A69FB69134416
:10AFF0007A689268B3FBF2F101FB02F29B1ABB6123
:10B000007B685A68BB6913441B78002B13D17B689B
:10B010005A68BB69134401221A707B681B68194681
:10B020007B68DB68BA6902FB03F30B443B627B6815
:10B03000BA691A6107E0FB690133FB617B689B68B1
:10B04000FA699A42D0D3FFF70DFD0346002B05D0D5
:10B050007B6AFB60FB6883F3118801E002F096FFD6
:10B060003B6A18462837BD4680BD80B485B000AF26
:10B07000786039607B68002B01D1802330E03B6829
:10B08000002B01D180232BE07B681B683A689A4231
:10B0900001D2802324E03B687A6812689B1AFB6027
:10B0A0007B68DA68FB68B3FBF2F101FB02F29B1AE2
:10B0B000002B01D0802313E07B68DB68FA68B2FBC9
:10B0C000F3F3FB607B689B68FA689A4201D38023A4
:10B0D00006E07B685A68FB68134400221A7000235C
:10B0E00018461437BD465DF8047B704790B587B0AD
:10B0F00000AF786039607B681B68FB607B685B68C9
:10B100003B6100237B617B689C680C2003F02EF878
:10B11000034623607B689B681B68002B01D10023DA
:10B1200038E07B689B681B687A681A607B681868DF
:10B130007B689B681C680022042100F0A8FA034683
:10B1400063607B689B681B685B68002B07D17B682A
:10B150009B681B68184603F0D7F800231AE07B6849
:10B160009B681C6807F10C031846FFF7BFFE0346F7
:10B17000A3607B689B681B689B68002B07D17B687A
:10B180009B681B68184603F0BFF8002302E07B6849
:10B190009B681B6818461C37BD4690BD80B584B0BF
:10B1A00000AF786039607B68002B01D1002306E096
:10B1B0007B689B681846FFF7F6FEF860FB68184648
:10B1C0001037BD4680BD000080B584B000AF786008
:10B1D00039607B68002B01D180232CE00023FB60C9
:10B1E000FFF740FC0346002B18D07B68586807F136
:10B1F0000C023946002300F0F3FB0346012B01D07B
:10B20000FF2318E0FB68002B14D00D4B4FF0805249
:10B210001A60BFF34F8FBFF36F8F0BE07B685868E6
:10B2200039460023002200F0D9FA0346012B01D051
:10B23000FF2300E0002318461037BD4680BD00BF45
:10B2400004ED00E090B58BB000AFF860B9607A60B3
:10B25000BB68FB61BB68002B0AD180237B61FB6864
:10B260001C4607F1140393E8070084E8070056E042
:10B2700000233B6200237B627B68B3F1FF3F03D175
:10B280004FF0FF337B6209E07B68002B06D07B68C0
:10B290007B627B6A002B01D101237B62FFF7E2FB1B
:10B2A0000346002B1DD0BB68586807F1200207F148
:10B2B00014030433194600F0B3FE0346012B02D1F8
:10B2C00020237B6101E000237B613B6A002B1ED0C1
:10B2D000154B4FF080521A60BFF34F8FBFF36F8F43
:10B2E00015E0BB68586807F1140304337A6A1946FD
:10B2F00000F0A4FC0346012B02D120237B6106E071
:10B300007B6A002B01D1002300E040237B61FB68B6
:10B310001C4607F1140393E8070084E80700F86867
:10B320002C37BD4690BD00BF04ED00E080B582B073
:10B3300000AF786039607B68002B01D1802306E084
:10B340007B689B6839681846FFF78FFE03461846EE
:10B350000837BD4680BD80B483B000AF78607B689D
:10B3600003F108027B685A607B684FF0FF329A60F5
:10B370007B6803F108027B68DA607B6803F10802EE
:10B380007B681A617B6800221A6000BF0C37BD46DB
:10B390005DF8047B704780B483B000AF78607B6851
:10B3A00000221A6100BF0C37BD465DF8047B704770
:10B3B00080B485B000AF786039607B685B68FB6003
:10B3C0003B68FA685A60FB689A683B689A60FB6859
:10B3D0009B683A685A60FB683A689A603B687A688A
:10B3E0001A617B681B685A1C7B681A6000BF14379F
:10B3F000BD465DF8047B704780B485B000AF7860CF
:10B4000039603B681B68BB60BB68B3F1FF3F03D189
:10B410007B681B69FB600CE07B680833FB6002E023
:10B42000FB685B68FB60FB685B681B68BA689A42F4
:10B43000F6D2FB685A683B685A603B685B683A68BA
:10B440009A603B68FA689A60FB683A685A603B68A1
:10B450007A681A617B681B685A1C7B681A6000BF97
:10B460001437BD465DF8047B704780B485B000AFEB
:10B4700078607B681B69FB607B685B687A689268B0
:10B480009A607B689B687A6852685A60FB685B6860
:10B490007A689A4203D17B689A68FB685A607B6835
:10B4A00000221A61FB681B685A1EFB681A60FB6861
:10B4B0001B6818461437BD465DF8047B70470000D2
:10B4C00080B584B000AF786039607B68FB60FB6852
:10B4D000002B0BD14FF0500383F31188BFF36F8F14
:10B4E000BFF34F8FBB6000BF00BFFDE702F01CFD44
:10B4F000FB681A68FB68DB6BF968096C01FB03F3F6
:10B500001A44FB689A60FB6800229A63FB681A6819
:10B51000FB685A60FB681A68FB68DB6B013BF968E3
:10B52000096C01FB03F31A44FB68DA60FB68FF2235
:10B5300083F84420FB68FF2283F845203B68002BFA
:10B5400014D1FB681B69002B1AD0FB681033184616
:10B5500001F0F0FB0346002B12D00D4B4FF0805250
:10B560001A60BFF34F8FBFF36F8F09E0FB68103392
:10B570001846FFF7F0FEFB6824331846FFF7EBFE92
:10B5800002F004FD012318461037BD4680BD00BF00
:10B5900004ED00E080B58EB002AFF860B9607A606B
:10B5A0003B60FB68002B0BD14FF0500383F31188F5
:10B5B000BFF36F8FBFF34F8FBB6200BF00BFFDE7CC
:10B5C0003B68002B0BD14FF0500383F31188BFF37E
:10B5D0006F8FBFF34F8F7B6200BF00BFFDE77B68BB
:10B5E000002B02D0BB68002B01D0012300E0002318
:10B5F000002B0BD14FF0500383F31188BFF36F8FF3
:10B60000BFF34F8F3B6200BF00BFFDE77B68002B9D
:10B6100002D1BB68002B01D1012300E00023002BE5
:10B620000BD14FF0500383F31188BFF36F8FBFF33B
:10B630004F8FFB6100BF00BFFDE748237B617B6943
:10B64000482B0BD04FF0500383F31188BFF36F8F5B
:10B65000BFF34F8FBB6100BF00BFFDE77B693B6855
:10B66000FB62FB6A002B0DD0FB6A012283F84620A7
:10B6700097F83820FB6A009313467A68B968F8682F
:10B6800000F040F8FB6A18463037BD4680BD80B5F3
:10B690008AB002AFF860B9601346FB71FB68002BFB
:10B6A0000BD14FF0500383F31188BFF36F8FBFF3BB
:10B6B0004F8F3B6100BF00BFFDE7FB68BA6802FB2C
:10B6C00003F3FB61FB694833184602F04FFDB86194
:10B6D000BB69002B11D0BB697B617B6948337B61FF
:10B6E000BB69002283F84620FA79BB6900931346B0
:10B6F0007A69B968F86800F005F8BB691846203720
:10B70000BD4680BD80B584B000AFF860B9607A6096
:10B71000FB70BB68002B03D1BB69BA691A6002E0F9
:10B72000BB697A681A60BB69FA68DA63BB69BA6890
:10B730001A640121B869FFF7C3FE00BF1037BD4688
:10B7400080BD80B582B000AF78607B68002B0ED0E2
:10B750007B6800229A607B6800221A607B68002266
:10B76000DA60002300220021786800F037F800BF7B
:10B770000837BD4680BD80B586B000AF0346FB717B
:10B7800001237B6100233B61FB791A4639697869A3
:10B79000FFF77DFFF860F868FFF7D3FFFB681846F6
:10B7A0001837BD4680BD80B588B002AF034639600A
:10B7B000FB7101237B6100233B61FB7900933B68B4
:10B7C000002239697869FFF7E5FEF860F868FFF74D
:10B7D000B8FFFB6818461837BD4680BD80B58EB0EF
:10B7E00000AFF860B9607A603B6000237B63FB6860
:10B7F0003B633B6B002B0BD14FF0500383F311885D
:10B80000BFF36F8FBFF34F8FBB6200BF00BFFDE779
:10B81000BB68002B03D13B6B1B6C002B01D10123B8
:10B8200000E00023002B0BD14FF0500383F311886D
:10B83000BFF36F8FBFF34F8F7B6200BF00BFFDE789
:10B840003B68022B03D13B6BDB6B012B01D1012346
:10B8500000E00023002B0BD14FF0500383F311883D
:10B86000BFF36F8FBFF34F8F3B6200BF00BFFDE799
:10B8700001F026FC0346002B02D17B68002B01D18E
:10B88000012300E00023002B0BD14FF0500383F382
:10B890001188BFF36F8FBFF34F8FFB6100BF00BFF5
:10B8A000FDE702F041FB3B6B9A6B3B6BDB6B9A4213
:10B8B00002D33B68022B29D13A68B968386B00F093
:10B8C00049FCF8623B6B5B6A002B10D03B6B243366
:10B8D000184601F02FFA0346002B13D03F4B4FF0D0
:10B8E00080521A60BFF34F8FBFF36F8F0AE0FB6A7D
:10B8F000002B07D0394B4FF080521A60BFF34F8FA7
:10B90000BFF36F8F02F042FB012363E07B68002BE3
:10B9100003D102F03BFB00235CE07B6B002B06D1E4
:10B9200007F11403184601F069FA01237B6302F062
:10B930002DFB00F0D3FF02F0F7FA3B6B93F8443095
:10B940005BB2B3F1FF3F03D13B6B002283F844208D
:10B950003B6B93F845305BB2B3F1FF3F03D13B6BD8
:10B96000002283F8452002F011FB3A1D07F1140371
:10B970001146184601F058FA0346002B24D1386BC3
:10B9800000F0E0FC0346002B18D03B6B10337A68C4
:10B990001146184601F07CF9386B00F06BFC00F0A2
:10B9A000ABFF0346002B7FF47CAF0C4B4FF0805273
:10B9B0001A60BFF34F8FBFF36F8F72E7386B00F0E1
:10B9C00059FC00F099FF6CE7386B00F053FC00F075
:10B9D00093FF002318463837BD4680BD04ED00E0D4
:10B9E00080B590B000AFF860B9607A603B60FB68EA
:10B9F000BB63BB6B002B0BD14FF0500383F311885B
:10BA0000BFF36F8FBFF34F8FBB6200BF00BFFDE777
:10BA1000BB68002B03D1BB6B1B6C002B01D1012336
:10BA200000E00023002B0BD14FF0500383F311886B
:10BA3000BFF36F8FBFF34F8F7B6200BF00BFFDE787
:10BA40003B68022B03D1BB6BDB6B012B01D10123C4
:10BA500000E00023002B0BD14FF0500383F311883B
:10BA6000BFF36F8FBFF34F8F3B6200BF00BFFDE797
:10BA700002F03AFBEFF311824FF0500383F3118889
:10BA8000BFF36F8FBFF34F8FFA61BB61FB697B63BD
:10BA9000BB6B9A6BBB6BDB6B9A4202D33B68022B8E
:10BAA0002FD1BB6B93F8453087F83330BB6B9B6B62
:10BAB000FB623A68B968B86B00F04CFB97F9333019
:10BAC000B3F1FF3F12D1BB6B5B6A002B16D0BB6B8F
:10BAD0002433184601F02EF90346002B0ED07B6864
:10BAE000002B0BD07B6801221A6007E097F83330F7
:10BAF0000133DBB25AB2BB6B83F845200123FB63F1
:10BB000001E00023FB637B6B7B617B6983F311881E
:10BB100000BFFB6B18464037BD4680BD80B58EB078
:10BB200000AF786039607B683B633B6B002B0BD1C7
:10BB30004FF0500383F31188BFF36F8FBFF34F8F24
:10BB40003B6200BF00BFFDE73B6B1B6C002B0BD0C3
:10BB50004FF0500383F31188BFF36F8FBFF34F8F04
:10BB6000FB6100BF00BFFDE73B6B1B68002B03D1EF
:10BB70003B6B9B68002B01D1012300E00023002BCD
:10BB80000BD14FF0500383F31188BFF36F8FBFF3D6
:10BB90004F8FBB6100BF00BFFDE702F0A5FAEFF3D6
:10BBA00011824FF0500383F31188BFF36F8FBFF3FF
:10BBB0004F8F7A613B617B69FB623B6B9B6BBB6226
:10BBC0003B6BDB6BBA6A9A422BD23B6B93F84530E6
:10BBD00087F82730BB6A5A1C3B6B9A6397F927306A
:10BBE000B3F1FF3F12D13B6B5B6A002B16D03B6B6E
:10BBF0002433184601F09EF80346002B0ED03B6814
:10BC0000002B0BD03B6801221A6007E097F8273021
:10BC10000133DBB25AB23B6B83F8452001237B63CF
:10BC200001E000237B63FB6AFB60FB6883F3118800
:10BC300000BF7B6B18463837BD4680BD80B58CB0E1
:10BC400000AFF860B9607A600023FB62FB68BB62FA
:10BC5000BB6A002B0BD14FF0500383F31188BFF365
:10BC60006F8FBFF34F8F3B6200BF00BFFDE7BB6824
:10BC7000002B03D1BB6A1B6C002B01D1012300E018
:10BC80000023002B0BD14FF0500383F31188BFF337
:10BC90006F8FBFF34F8FFB6100BF00BFFDE701F067
:10BCA0000FFA0346002B02D17B68002B01D1012340
:10BCB00000E00023002B0BD14FF0500383F31188D9
:10BCC000BFF36F8FBFF34F8FBB6100BF00BFFDE7B6
:10BCD00002F02AF9BB6A9B6B7B627B6A002B1FD048
:10BCE000B968B86A00F0A0FA7B6A5A1EBB6A9A6308
:10BCF000BB6A1B69002B0FD0BB6A1033184601F0DA
:10BD000019F80346002B07D03C4B4FF080521A60C5
:10BD1000BFF34F8FBFF36F8F02F038F9012369E053
:10BD20007B68002B03D102F031F9002362E0FB6A4B
:10BD3000002B06D107F11003184601F05FF801232C
:10BD4000FB6202F023F900F0C9FD02F0EDF8BB6AD6
:10BD500093F844305BB2B3F1FF3F03D1BB6A0022DA
:10BD600083F84420BB6A93F845305BB2B3F1FF3FE0
:10BD700003D1BB6A002283F8452002F007F93A1D7F
:10BD800007F110031146184601F04EF80346002B48
:10BD900023D1B86A00F0C0FA0346002B17D0BB6A63
:10BDA00024337A681146184600F072FFB86A00F032
:10BDB00061FA00F0A1FD0346002B89D10F4B4FF033
:10BDC00080521A60BFF34F8FBFF36F8F80E7B86A5E
:10BDD00000F050FA00F090FD7AE7B86A00F04AFAF5
:10BDE00000F08AFDB86A00F097FA0346002B3FF492
:10BDF0006FAF002318463037BD4680BD04ED00E02C
:10BE000080B58EB000AF7860396000237B637B68BB
:10BE1000FB6200233B63FB6A002B0BD14FF0500306
:10BE200083F31188BFF36F8FBFF34F8F3B6200BF67
:10BE300000BFFDE7FB6A1B6C002B0BD04FF05003DB
:10BE400083F31188BFF36F8FBFF34F8FFB6100BF88
:10BE500000BFFDE701F034F90346002B02D13B6837
:10BE6000002B01D1012300E00023002B0BD14FF068
:10BE7000500383F31188BFF36F8FBFF34F8FBB6104
:10BE800000BF00BFFDE702F04FF8FB6A9B6BBB628F
:10BE9000BB6A002B24D0BB6A5A1EFB6A9A63FB6AFA
:10BEA0001B68002B04D101F0B7FA0246FB6A9A60C6
:10BEB000FB6A1B69002B0FD0FB6A1033184600F099
:10BEC00039FF0346002B07D0544B4FF080521A60C5
:10BED000BFF34F8FBFF36F8F02F058F8012398E044
:10BEE0003B68002B12D13B6B002B0BD04FF0500363
:10BEF00083F31188BFF36F8FBFF34F8F7B6100BF58
:10BF000000BFFDE702F042F8002382E07B6B002BCC
:10BF100006D107F10C03184600F070FF01237B6384
:10BF200002F034F800F0DAFC01F0FEFFFB6A93F84F
:10BF300044305BB2B3F1FF3F03D1FB6A002283F8C8
:10BF40004420FB6A93F845305BB2B3F1FF3F03D165
:10BF5000FB6A002283F8452002F018F83A4607F100
:10BF60000C031146184600F05FFF0346002B32D148
:10BF7000F86A00F0D1F90346002B26D0FB6A1B6853
:10BF8000002B09D101F0D0FFFB6A9B68184601F035
:10BF9000B5F8386301F0FAFFFB6A24333A681146BA
:10BFA000184600F075FEF86A00F064F900F0A4FC91
:10BFB0000346002B7FF467AF184B4FF080521A6096
:10BFC000BFF34F8FBFF36F8F5DE7F86A00F052F950
:10BFD00000F092FC57E7F86A00F04CF900F08CFC96
:10BFE000F86A00F099F90346002B3FF44CAF3B6B25
:10BFF000002B0DD001F098FFF86A00F093F87862FA
:10C00000FB6A9B68796A184601F076F901F0BEFF79
:10C01000002318463837BD4680BD00BF04ED00E060
:10C0200080B58EB000AFF860B9607A60FB683B63A2
:10C030003B6B002B0BD14FF0500383F31188BFF300
:10C040006F8FBFF34F8F3B6200BF00BFFDE7BB6840
:10C05000002B03D13B6B1B6C002B01D1012300E0B3
:10C060000023002B0BD14FF0500383F31188BFF353
:10C070006F8FBFF34F8FFB6100BF00BFFDE702F082
:10C0800033F8EFF311824FF0500383F31188BFF3BD
:10C090006F8FBFF34F8FBA617B61BB69FB623B6BF4
:10C0A0009B6BBB62BB6A002B2FD03B6B93F8443079
:10C0B00087F82730B968386B00F0B6F8BB6A5A1EAB
:10C0C0003B6B9A6397F92730B3F1FF3F12D13B6B7B
:10C0D0001B69002B16D03B6B1033184600F02AFE6C
:10C0E0000346002B0ED07B68002B0BD07B6801220F
:10C0F0001A6007E097F827300133DBB25AB23B6B86
:10C1000083F8442001237B6301E000237B63FB6A07
:10C110003B613B6983F3118800BF7B6B184638375E
:10C12000BD4680BD80B485B000AF78607B685B6A37
:10C13000002B06D07B681B6B1B68C3F10703FB60F9
:10C1400001E00023FB60FB6818461437BD465DF82C
:10C15000047B704780B586B000AFF860B9607A6044
:10C1600000237B61FB689B6B3B61FB681B6C002BB6
:10C170000DD1FB681B68002B4DD1FB689B681846EE
:10C1800001F032F87861FB6800229A6043E07B6836
:10C19000002B19D1FB685868FB681B6C1A46B968FC
:10C1A00002F0A0FAFB685A68FB681B6C1A44FB6833
:10C1B0005A60FB685A68FB689B689A422BD3FB68FD
:10C1C0001A68FB685A6026E0FB68D868FB681B6C3D
:10C1D0001A46B96802F086FAFB68DA68FB681B6CDD
:10C1E0005B421A44FB68DA60FB68DA68FB681B682C
:10C1F0009A4207D2FB689A68FB681B6C5B421A4440
:10C20000FB68DA607B68022B05D13B69002B02D00A
:10C210003B69013B3B613B695A1CFB689A637B6944
:10C2200018461837BD4680BD80B582B000AF786033
:10C2300039607B681B6C002B18D07B68DA687B68E0
:10C240001B6C1A447B68DA607B68DA687B689B68E1
:10C250009A4203D37B681A687B68DA607B68D96886
:10C260007B681B6C1A46386802F03CFA00BF08373E
:10C27000BD4680BD80B584B000AF786001F054FE4B
:10C280007B6893F84530FB7311E07B685B6A002B99
:10C2900012D07B682433184600F04CFD0346002B77
:10C2A00001D000F025FEFB7B013BDBB2FB7397F96D
:10C2B0000F30002BE9DC00E000BF7B68FF2283F831
:10C2C000452001F063FE01F02FFE7B6893F84430B7
:10C2D000BB7311E07B681B69002B12D07B681033A5
:10C2E000184600F027FD0346002B01D000F000FEA9
:10C2F000BB7B013BDBB2BB7397F90E30002BE9DC53
:10C3000000E000BF7B68FF2283F8442001F03EFE7E
:10C3100000BF1037BD4680BD80B584B000AF7860E7
:10C3200001F002FE7B689B6B002B02D10123FB60B6
:10C3300001E00023FB6001F029FEFB68184610377E
:10C34000BD4680BD80B584B000AF786001F0ECFDE3
:10C350007B689A6B7B68DB6B9A4202D10123FB609E
:10C3600001E00023FB6001F011FEFB681846103766
:10C37000BD4680BD80B485B000AF786039600023D1
:10C38000FB6014E00F4AFB6852F83330002B0BD1EE
:10C390000C49FB683A6841F833200A4AFB68DB0025
:10C3A00013447A685A6006E0FB680133FB60FB685F
:10C3B000072BE7D900BF00BF1437BD465DF8047BEB
:10C3C000704700BF8431002080B586B000AFF860B0
:10C3D000B9607A60FB687B6101F0A6FD7B6993F828
:10C3E00044305BB2B3F1FF3F03D17B69002283F895
:10C3F00044207B6993F845305BB2B3F1FF3F03D132
:10C400007B69002283F8452001F0C0FD7B699B6BAE
:10C41000002B06D17B6924337A68B968184600F08E
:10C420005DFC7869FFF726FF00BF1837BD4680BD69
:10C4300080B58EB004AFF860B9607A603B607B6B0A
:10C44000002B0BD14FF0500383F31188BFF36F8F94
:10C45000BFF34F8F3B6200BF00BFFDE7BB6B002BFC
:10C460000BD14FF0500383F31188BFF36F8FBFF3ED
:10C470004F8FFB6100BF00BFFDE7A0233B613B691D
:10C48000A02B0BD04FF0500383F31188BFF36F8FB5
:10C49000BFF34F8FBB6100BF00BFFDE73B69BB6BC4
:10C4A000002B1ED07B6B002B1BD0BB6B7B627B6A8F
:10C4B0007A6B1A637B6A022283F89D200023039320
:10C4C0007B6A029307F1140301933B6B00933B6873
:10C4D0007A68B968F86800F051F8786A00F0EEF808
:10C4E00001E000237B617B6918462837BD4680BD8B
:10C4F00080B58CB004AFF860B9603B601346FB8038
:10C50000FB889B00184601F031FE78617B69002BA7
:10C510000ED0A02001F02AFEF861FB69002B03D0A9
:10C52000FB697A691A6305E0786901F0EDFE01E0C4
:10C530000023FB61FB69002B17D0FB69002283F805
:10C540009D20FA8800230393FB690293FB6A019301
:10C55000BB6A00933B68B968F86800F00FF8F869A7
:10C5600000F0ACF80123BB6102E04FF0FF33BB6188
:10C57000BB6918462037BD4680BD000080B588B035
:10C5800000AFF860B9607A603B603B6B1A6B7B6808
:10C5900003F18043013B9B001344BB61BB6923F063
:10C5A0000703BB61BB6903F00703002B0BD04FF0FF
:10C5B000500383F31188BFF36F8FBFF34F8F7B61FD
:10C5C00000BF00BFFDE7BB68002B1FD00023FB614D
:10C5D00012E0BA68FB69134419783A6BFB6913449B
:10C5E00034330A461A70BA68FB6913441B78002B6F
:10C5F00006D0FB690133FB61FB690F2BE9D900E031
:10C6000000BF3B6B002283F8432003E03B6B00221A
:10C6100083F83420BB6A062B01D90623BB623B6B2F
:10C62000BA6ADA623B6BBA6A5A643B6B00229A645C
:10C630003B6B04331846FEF7AEFE3B6B18331846CF
:10C64000FEF7A9FE3B6B3A6B1A61BB6AC3F10702A6
:10C650003B6B9A613B6B3A6B5A623B6B0022C3F8AF
:10C6600098203B6B002283F89C203B6B4C334C2280
:10C670000021184601F0A4FF3B6B0D4A1A653B6B85
:10C680000C4A5A653B6B0C4A9A653A68F968B86976
:10C6900001F018FB02463B6B1A60FB6A002B02D0CC
:10C6A000FB6A3A6B1A6000BF2037BD4680BD00BFF1
:10C6B000143401207C340120E434012080B582B0A0
:10C6C00000AF786001F030FC2A4B1B680133294A27
:10C6D0001360294B1B68002B09D1274A7B68136024
:10C6E000244B1B68012B10D100F026FC0DE0234BDE
:10C6F0001B68002B09D1204B1B68DA6A7B68DB6A58
:10C700009A4202D81C4A7B6813601D4B1B68013398
:10C710001B4A13607B68DB6A01229A40194B1B6835
:10C720001343184A13607B68DA6A13469B0013446C
:10C730009B00154A1A447B68043319461046FEF7DD
:10C7400037FE01F023FC0D4B1B68002B0ED00A4B6B
:10C750001B68DA6A7B68DB6A9A4207D20B4B4FF0A0
:10C7600080521A60BFF34F8FBFF36F8F00BF08373F
:10C77000BD4680BDC4320020C4310020D03200202C
:10C78000E0320020CC320020C831002004ED00E06F
:10C7900080B584B000AF78600023FB607B68002B1D
:10C7A00018D0144B1B68002B0BD04FF0500383F3B1
:10C7B0001188BFF36F8FBFF34F8FBB6000BF00BF07
:10C7C000FDE700F08BF80021786800F039FE00F0FA
:10C7D00093F8F860FB68002B07D1074B4FF08052AD
:10C7E0001A60BFF34F8FBFF36F8F00BF1037BD4686
:10C7F00080BD00BFEC32002004ED00E080B58AB0BF
:10C8000004AF0023BB6000237B603A46391D07F16B
:10C8100008031846F4F7C2FA39687B68BA680292CE
:10C8200001930023009300230A4624492448FFF77C
:10C83000FFFD0346234A1360224B1B68002B02D0E6
:10C8400001237B6101E000237B617B69012B02D125
:10C8500000F05CFE78617B69012B1BD14FF0500327
:10C8600083F31188BFF36F8FBFF34F8F3B6100BF1E
:10C87000154B1B684C33154A1360154B4FF0FF32B4
:10C880001A60144B01221A60134B00221A6001F047
:10C89000A7FA0FE07B69B3F1FF3F0BD14FF05003D4
:10C8A00083F31188BFF36F8FBFF34F8FFB6000BF1F
:10C8B00000BFFDE700BF1837BD4680BD0805010871
:10C8C00009CF0008E8320020C43100200C0100200C
:10C8D000E4320020D0320020C832002080B400AF03
:10C8E000044B1B680133034A136000BFBD465DF86B
:10C8F000047B7047EC32002080B584B000AF002389
:10C90000FB600023BB60424B1B68002B0BD14FF038
:10C91000500383F31188BFF36F8FBFF34F8F3B60DA
:10C9200000BF00BFFDE701F0FFFA394B1B68013B78
:10C93000374A1360364B1B68002B61D1354B1B689F
:10C94000002B5DD02EE0344BDB68DB68FB60FB68BE
:10C9500018331846FEF789FDFB6804331846FEF7C6
:10C9600084FDFB68DB6A01229A402C4B1B68134351
:10C970002A4A1360FB68DA6A13469B0013449B0043
:10C98000274A1A44FB68043319461046FEF710FD87
:10C99000FB68DA6A234B1B68DB6A9A4202D3224B9C
:10C9A00001221A601C4B1B68002BCCD1FB68002BAA
:10C9B00001D000F065FB1D4B1B687B607B68002B82
:10C9C00010D000F047F80346002B02D0164B01228E
:10C9D0001A607B68013B7B607B68002BF1D1134BB5
:10C9E00000221A60104B1B68002B09D00123BB608A
:10C9F0000F4B4FF080521A60BFF34F8FBFF36F8F12
:10CA000001F0C4FABB6818461037BD4680BD00BFB0
:10CA1000EC320020C432002084320020CC320020CE
:10CA2000C8310020C4310020D8320020D432002088
:10CA300004ED00E080B483B000AF054B1B687B6061
:10CA40007B6818460C37BD465DF8047B704700BF15
:10CA5000C832002080B586B000AF00237B614F4B09
:10CA60001B68002B40F08F804D4B1B6801333B61EE
:10CA70004B4A3B6913603B69002B21D1494B1B6832
:10CA80001B68002B0BD04FF0500383F31188BFF3CA
:10CA90006F8FBFF34F8F3B6000BF00BFFDE7414B7F
:10CAA0001B68FB60404B1B683E4A13603E4AFB68B4
:10CAB00013603E4B1B6801333C4A136000F0E0FA00
:10CAC0003B4B1B683A699A4248D3364B1B681B683C
:10CAD000002B04D1364B4FF0FF321A603EE0314B51
:10CAE0001B68DB68DB68BB60BB685B687B603A69BE
:10CAF0007B689A4203D22E4A7B6813602EE0BB68A3
:10CB000004331846FEF7B1FCBB689B6A002B04D0C7
:10CB1000BB6818331846FEF7A8FCBB68DB6A012225
:10CB20009A40244B1B681343224A1360BB68DA6A9D
:10CB300013469B0013449B001F4A1A44BB680433EE
:10CB400019461046FEF734FCBB68DA6A1B4B1B68BB
:10CB5000DB6A9A42B9D301237B61B6E7174B1B68A6
:10CB6000DA6A154913469B0013449B000B441B686B
:10CB7000012B01D901237B61114B1B68002B07D0CE
:10CB800001237B6104E00F4B1B6801330D4A1360E6
:10CB90007B6918461837BD4680BD00BFEC320020C7
:10CBA000C83200207C32002080320020DC3200209D
:10CBB000E4320020CC320020C8310020C4310020F3
:10CBC000D8320020D432002080B487B000AF2A4B86
:10CBD0001B68002B03D0294B01221A6045E0274B2C
:10CBE00000221A60264B1B68FB60FB68B3FA83F3D4
:10CBF000FB72FB7AC3F11F037B6122497A691346FA
:10CC00009B0013449B000B441B68002B0BD14FF07F
:10CC1000500383F31188BFF36F8FBFF34F8F7B6097
:10CC200000BF00BFFDE77A6913469B0013449B00D9
:10CC3000144A13443B613B695B685A683B695A601C
:10CC40003B695A683B6908339A4204D13B695B6887
:10CC50005A683B695A603B695B68DB680A4A136043
:10CC6000094B1B684C33094A136000BF1C37BD4693
:10CC70005DF8047B704700BFEC320020D832002002
:10CC8000CC320020C8310020C43100200C0100202B
:10CC900080B584B000AF786039607B68002B0BD121
:10CCA0004FF0500383F31188BFF36F8FBFF34F8FA3
:10CCB000FB6000BF00BFFDE7074B1B681833194638
:10CCC0007868FEF799FB0121386800F0B9FB00BFD6
:10CCD0001037BD4680BD00BFC431002080B586B08E
:10CCE00000AFF860B9607A60FB68002B0BD14FF0A1
:10CCF000500383F31188BFF36F8FBFF34F8F7B61B6
:10CD000000BF00BFFDE70A4B1B6818331946F868DF
:10CD1000FEF74EFB7B68002B02D04FF0FF33BB6069
:10CD20007968B86800F08CFB00BF1837BD4680BD3D
:10CD3000C431002080B586B000AF78607B68DB68C6
:10CD4000DB683B613B69002B0BD14FF0500383F351
:10CD50001188BFF36F8FBFF34F8FFB6000BF00BF21
:10CD6000FDE73B6918331846FEF77FFB1D4B1B6838
:10CD7000002B1CD13B6904331846FEF776FB3B6958
:10CD8000DB6A01229A40184B1B681343164A136052
:10CD90003B69DA6A13469B0013449B00134A1A440A
:10CDA0003B69043319461046FEF702FB05E03B6978
:10CDB000183319460E48FEF7FBFA3B69DA6A0D4B49
:10CDC0001B68DB6A9A4205D901237B610A4B012269
:10CDD0001A6001E000237B617B6918461837BD4665
:10CDE00080BD00BFEC320020CC320020C8310020D2
:10CDF00084320020C4310020D832002080B483B0B7
:10CE000000AF7860064B1A687B681A60054B1A6899
:10CE10007B685A6000BF0C37BD465DF8047B7047E5
:10CE2000DC320020C832002080B588B000AF7860C6
:10CE300039607B68002B0BD14FF0500383F31188CE
:10CE4000BFF36F8FBFF34F8F3B6100BF00BFFDE7A4
:10CE50003B68002B0BD14FF0500383F31188BFF3D5
:10CE60006F8FBFF34F8FFB6000BF00BFFDE701F086
:10CE70005BF81D4B1B68BB617B685B68BA69D31AA2
:10CE80007B613B681B68B3F1FF3F02D10023FB616C
:10CE900023E07B681A68154B1B689A4207D07B68B1
:10CEA0005B68BA699A4202D30123FB6115E03B68D3
:10CEB0001B687A699A420BD23B681A687B69D21A5E
:10CEC0003B681A607868FFF799FF0023FB6104E074
:10CED0003B6800221A600123FB6101F057F8FB69EF
:10CEE00018462037BD4680BDC8320020DC32002005
:10CEF00080B400AF034B01221A6000BFBD465DF84D
:10CF0000047B7047D832002080B582B000AF7860D3
:10CF100000F052F8064B1B68012BF9D9054B4FF076
:10CF200080521A60BFF34F8FBFF36F8FF0E700BFDF
:10CF3000C831002004ED00E080B582B000AF0023CE
:10CF40007B600CE07A6813469B0013449B00124AF6
:10CF500013441846FEF7FFF97B6801337B607B685A
:10CF6000062BEFD90D48FEF7F6F90D48FEF7F3F959
:10CF70000C48FEF7F0F90C48FEF7EDF90B48FEF708
:10CF8000EAF90B4B054A1A600A4B054A1A6000BFC2
:10CF90000837BD4680BD00BFC83100205432002094
:10CFA000683200208432002098320020B032002005
:10CFB0007C3200208032002080B582B000AF19E0C2
:10CFC00000F0B2FF104BDB68DB687B607B680433EA
:10CFD0001846FEF74AFA0D4B1B68013B0B4A1360DB
:10CFE0000B4B1B68013B0A4A136000F0CFFF7868C7
:10CFF00000F010F8064B1B68002BE1D100BF00BF0A
:10D000000837BD4680BD00BF98320020C4320020E2
:10D01000AC32002080B584B000AF78607B684C33C0
:10D02000184601F0D5FA7B6893F89D30002B08D1A3
:10D030007B681B6B184601F067F9786801F064F9AA
:10D0400019E07B6893F89D30012B03D1786801F0DB
:10D050005BF910E07B6893F89D30022B0BD04FF00A
:10D06000500383F31188BFF36F8FBFF34F8FFB60C3
:10D0700000BF00BFFDE700BF1037BD4680BD000008
:10D0800080B483B000AF0C4B1B681B68002B04D12D
:10D090000A4B4FF0FF321A6008E0074B1B68DB6851
:10D0A000DB687B607B685B68044A136000BF0C37F9
:10D0B000BD465DF8047B70477C320020E4320020DE
:10D0C00080B483B000AF0B4B1B68002B02D101234F
:10D0D0007B6008E0084B1B68002B02D102237B60B9
:10D0E00001E000237B607B6818460C37BD465DF885
:10D0F000047B7047D0320020EC32002080B584B031
:10D1000000AF78607B68BB600023FB607B68002B0E
:10D110005ED0BB68DA6A314B1B68DB6A9A424ED23A
:10D12000BB689B69002B06DB2C4B1B68DB6AC3F1D9
:10D130000702BB689A61BB685969BB68DA6A134623
:10D140009B0013449B00264A134499422FD1BB688D
:10D1500004331846FEF789F90346002B0AD1BB6851
:10D16000DB6A012202FA03F3DA431E4B1B68134009
:10D170001C4A1360194B1B68DA6ABB68DA62BB6829
:10D18000DB6A01229A40174B1B681343154A136050
:10D19000BB68DA6A13469B0013449B00104A1A448A
:10D1A000BB68043319461046FEF702F904E00B4B46
:10D1B0001B68DA6ABB68DA620123FB6008E0BB68BF
:10D1C0005A6C064B1B68DB6A9A4201D20123FB6052
:10D1D000FB6818461037BD4680BD00BFC431002033
:10D1E000C8310020CC32002080B586B000AF786016
:10D1F0007B683B6100237B617B68002B70D03B4BDD
:10D200001B683A699A420BD04FF0500383F31188A0
:10D21000BFF36F8FBFF34F8FFB6000BF00BFFDE711
:10D220003B699B6C002B0BD14FF0500383F31188AB
:10D23000BFF36F8FBFF34F8FBB6000BF00BFFDE731
:10D240003B699B6C5A1E3B699A643B69DA6A3B698D
:10D250005B6C9A4244D03B699B6C002B40D13B698C
:10D2600004331846FEF701F90346002B15D13B693C
:10D27000DA6A1F4913469B0013449B000B441B684A
:10D28000002B0AD13B69DB6A012202FA03F3DA437D
:10D29000184B1B681340174A13603B695A6C3B6973
:10D2A000DA623B69DB6AC3F107023B699A613B6959
:10D2B000DB6A01229A400F4B1B6813430D4A13602F
:10D2C0003B69DA6A13469B0013449B00084A1A44E0
:10D2D0003B69043319461046FEF76AF801237B6167
:10D2E0007B6918461837BD4680BD00BFC431002099
:10D2F000C8310020CC32002080B588B000AF786003
:10D3000039607B68BB6101237B617B68002B79D02E
:10D31000BB699B6C002B0BD14FF0500383F311883A
:10D32000BFF36F8FBFF34F8FFB6000BF00BFFDE700
:10D33000BB695B6C3A689A4202D93B68FB6102E0C8
:10D34000BB695B6CFB61BB69DB6AFA699A4259D0C5
:10D35000BB699B6C7A699A4254D12C4B1B68BA69A1
:10D360009A420BD14FF0500383F31188BFF36F8FB4
:10D37000BFF34F8FBB6000BF00BFFDE7BB69DB6A37
:10D380003B61BB69FA69DA62BB699B69002B04DB0C
:10D39000FB69C3F10702BB699A61BB6959693A69C4
:10D3A00013469B0013449B00194A1344994229D108
:10D3B000BB6904331846FEF758F80346002B0AD120
:10D3C000BB69DB6A012202FA03F3DA43114B1B68E3
:10D3D0001340104A1360BB69DB6A01229A400D4B6F
:10D3E0001B6813430B4A1360BB69DA6A13469B0040
:10D3F00013449B00064A1A44BB690433194610467D
:10D40000FDF7D6FF00BF2037BD4680BDC4310020E8
:10D41000C8310020CC32002080B400AF074B1B681D
:10D42000002B04D0054B1B689A6C01329A64034BA5
:10D430001B681846BD465DF8047B7047C431002068
:10D4400080B584B000AF78603960294B1B68FB6001
:10D45000284B1B6804331846FEF707F80346002BD9
:10D460000BD1244B1B68DB6A012202FA03F3DA4377
:10D47000214B1B681340204A13607B68B3F1FF3FC8
:10D480000AD13B68002B07D01A4B1B68043319469E
:10D490001A48FDF78DFF26E0FA687B681344BB60ED
:10D4A000144B1B68BA685A60BA68FB689A4209D282
:10D4B000134B1A680F4B1B68043319461046FDF7CF
:10D4C0009BFF10E00F4B1A680A4B1B680433194688
:10D4D0001046FDF791FF0C4B1B68BA689A4202D2C6
:10D4E000094ABB68136000BF1037BD4680BD00BF4E
:10D4F000C8320020C4310020CC320020B0320020DD
:10D50000803200207C320020E432002080B58AB0D6
:10D5100004AF00237B6100F095FB1D4B1B68002BC3
:10D5200021D00023FB600023BB603A1D07F10801F6
:10D5300007F10C031846F3F74BFC7968BB68FA68EF
:10D54000029201930223009300230A4611491248D4
:10D55000FEF76EFF0346114A1360104B1B68002B49
:10D5600001D001237B617B69002B0BD14FF050036D
:10D5700083F31188BFF36F8FBFF34F8F3B6100BF01
:10D5800000BFFDE77B6918461837BD4680BD00BF68
:10D59000203300201005010815D80008243300208E
:10D5A00080B588B002AFF860B9607A603B6028202F
:10D5B00000F0DCFD78617B69002B0DD07B690022D7
:10D5C00083F824207B6901933B6A00933B687A6867
:10D5D000B968F86800F045F87B6918461837BD4609
:10D5E00080BD80B58AB002AFF860B9607A603B60F8
:10D5F00028233B613B69282B0BD04FF0500383F36A
:10D600001188BFF36F8FBFF34F8FBB6100BF00BFA7
:10D61000FDE73B69FB6A002B0BD14FF0500383F30E
:10D620001188BFF36F8FBFF34F8F7B6100BF00BFC7
:10D63000FDE7FB6AFB61FB69002B0DD0FB69022251
:10D6400083F82420FB690193BB6A00933B687A68E6
:10D65000B968F86800F005F8FB6918462037BD4640
:10D6600080BD80B586B000AFF860B9607A603B607D
:10D67000BB68002B0BD14FF0500383F31188BFF32D
:10D680006F8FBFF34F8F7B6100BF00BFFDE77B6AE9
:10D69000002B1ED000F0D6FA7B6AFA681A607B6A0B
:10D6A000BA689A617B6A3A68DA617B6A3A6A1A6296
:10D6B0007B6A04331846FDF76EFE7B68002B08D0AA
:10D6C0007B6A93F8243043F00403DAB27B6A83F870
:10D6D000242000BF1837BD4680BD000080B58AB049
:10D6E00000AFF860B9607A603B6000237B62FB6842
:10D6F000002B0BD14FF0500383F31188BFF36F8FD2
:10D70000BFF34F8F3B6200BF00BFFDE7194B1B68A3
:10D71000002B2AD0BB687B617B68BB61FB68FB6127
:10D72000BB68052B18DCFFF7CBFC0346022B09D1A5
:10D73000104B186807F1140100233A6BFEF74EF8FE
:10D74000786212E00B4B186807F1140100230022E5
:10D75000FEF744F8786208E0064B186807F11401F8
:10D7600000233A68FEF73CF978627B6A184628374E
:10D77000BD4680BD2033002080B588B002AF786000
:10D780003960234B1B68DB68DB687B617B69043392
:10D790001846FDF76AFE7B6993F8243003F0040312
:10D7A000002B23D07B699A697B68D1187B683A6823
:10D7B000786900F0D5F80346002B20D000230093B1
:10D7C00000237A6800217869FFF788FF38613B6998
:10D7D000002B14D14FF0500383F31188BFF36F8FE8
:10D7E000BFF34F8FFB6000BF00BFFDE77B6993F87D
:10D7F000243023F00103DAB27B6983F824207B69AB
:10D800001B6A7869984700BF1837BD4680BD00BFC6
:10D810001833002080B584B000AF786007F10803AA
:10D82000184600F059F8F860BB681946F86800F02F
:10D8300005F800F0D7F800BFF0E7000080B584B02D
:10D8400000AF78603960FFF749F807F10803184620
:10D8500000F066F8F860BB68002B30D13B68002B05
:10D860000AD17A68FB689A4206D8FFF745F8F9684A
:10D870007868FFF781FF24E03B68002B08D0134B4A
:10D880001B681B68002B01D1012300E000233B60D3
:10D890000F4B18687A68FB68D31A3A681946FEF786
:10D8A00093FDFFF729F80346002B0AD1094B4FF0EF
:10D8B00080521A60BFF34F8FBFF36F8F01E0FFF705
:10D8C0001BF800BF1037BD4680BD00BF1C330020D1
:10D8D0002033002004ED00E080B485B000AF786014
:10D8E0000E4B1B681B68002B01D1012200E00022B7
:10D8F0007B681A607B681B68002B05D1074B1B688F
:10D90000DB681B68FB6001E00023FB60FB681846D6
:10D910001437BD465DF8047B704700BF1833002004
:10D9200080B584B000AF7860FFF784F8F8600B4BE7
:10D930001B68FA689A4205D200F01EF97B68012242
:10D940001A6002E07B6800221A60044AFB681360D8
:10D95000FB6818461037BD4680BD00BF2833002045
:10D9600080B586B000AFF860B9607A603B60002394
:10D970007B61FB68BA685A60FB68FA681A61BA682A
:10D980007B689A4212D87A683B68D21AFB689B6916
:10D990009A4202D301237B611BE0104B1A68FB689B
:10D9A000043319461046FDF727FD12E07A683B68FC
:10D9B0009A4206D2BA683B689A4202D301237B613D
:10D9C00007E0074B1A68FB68043319461046FDF759
:10D9D00013FD7B6918461837BD4680BD1C330020F7
:10D9E0001833002080B58CB002AFB2E0BB68002BCA
:10D9F000C0F2AF803B697B627B6A5B69002B04D01D
:10DA00007B6A04331846FDF730FD3B1D1846FFF7CF
:10DA100087FF3862BB68092B00F2988001A252F898
:10DA200023F000BF4DDA00084DDA00084DDA000897
:10DA3000C3DA0008D7DA000823DB00084DDA000853
:10DA40004DDA0008C3DA0008D7DA00087B6A93F8D9
:10DA5000243043F00103DAB27B6A83F82420FA68A9
:10DA60007B6A9B69D118FB683A6A786AFFF778FF8E
:10DA70000346002B6CD07B6A1B6A786A98477B6AE6
:10DA800093F8243003F00403002B61D0FA687B6A1A
:10DA90009B691A440023009300230021786AFFF752
:10DAA0001DFEF861FB69002B52D14FF0500383F348
:10DAB0001188BFF36F8FBFF34F8FBB6100BF00BFF3
:10DAC000FDE77B6A93F8243023F00103DAB27B6A26
:10DAD00083F824203DE07B6A93F8243043F001036F
:10DAE000DAB27B6A83F82420FA687B6A9A617B6ADF
:10DAF0009B69002B0BD14FF0500383F31188BFF3C8
:10DB00006F8FBFF34F8F7B6100BF00BFFDE77B6A64
:10DB10009A693B6AD1183B6A3A6A786AFFF720FF34
:10DB200017E07B6A93F8243003F00203002B03D143
:10DB3000786A00F0E9FB0CE07B6A93F8243023F06C
:10DB40000103DAB27B6A83F8242002E000BF00E020
:10DB500000BF084B1B6807F1080100221846FEF7BA
:10DB60006DF80346002B7FF441AF00BF00BF28379C
:10DB7000BD4680BD2033002080B588B002AF49E0AB
:10DB80002E4B1B68DB681B683B612C4B1B68DB68FA
:10DB9000DB68FB60FB6804331846FDF766FCFB6836
:10DBA0001B6AF8689847FB6893F8243003F0040375
:10DBB000002B2FD0FB689B693A691344BB60BA689D
:10DBC0003B699A420ED9FB68BA685A60FB68FA68EA
:10DBD0001A611A4B1A68FB68043319461046FDF7A0
:10DBE0000BFC17E00023009300233A690021F8683A
:10DBF000FFF774FD78607B68002B0BD14FF050036A
:10DC000083F31188BFF36F8FBFF34F8F3B6000BF6B
:10DC100000BFFDE7094B1B681B68002BB0D1074B09
:10DC20001B687B61064B1B68044A1360044A7B69CE
:10DC3000136000BF1837BD4680BD00BF18330020F9
:10DC40001C33002080B582B002AF00F06DF9154B97
:10DC50001B68002B20D11448FDF77DFB1348FDF70E
:10DC60007AFB134B104A1A60124B104A1A600023B9
:10DC70000093114B114A0C210A20FDF78BFC03463F
:10DC8000084A1360074B1B68002B05D0054B1B6827
:10DC90000B491846FEF76EFB00F078F900BFBD4651
:10DCA00080BD00BF20330020F0320020043300206C
:10DCB000183300201C330020A43300202C33002014
:10DCC0001805010880B485B000AFF860B9607A60CB
:10DCD000FB68043BFB60FB684FF080721A60FB68D6
:10DCE000043BFB60BB6823F00102FB681A60FB6821
:10DCF000043BFB600C4AFB681A60FB68143BFB604A
:10DD00007A68FB681A60FB68043BFB60FB686FF095
:10DD100002021A60FB68203BFB60FB681846143760
:10DD2000BD465DF8047B70472DDD000880B485B0EA
:10DD300000AF00237B60134B1B68B3F1FF3F0BD098
:10DD40004FF0500383F31188BFF36F8FBFF34F8FF2
:10DD5000FB6000BF00BFFDE74FF0500383F3118865
:10DD6000BFF36F8FBFF34F8FBB6000BF00BF7B68F7
:10DD7000002BFCD000BF00BF1437BD465DF8047B0C
:10DD8000704700BF080100200000000000000000F4
:10DD9000074B19680868B0E8F04F80F30988BFF3B3
:10DDA0006F8F4FF0000080F311887047AFF3008051
:10DDB000C431002000BF00BF08480068006880F33D
:10DDC00008884FF0000080F3148862B661B6BFF394
:10DDD0004F8FBFF36F8F00DF00BF00BF08ED00E083
:10DDE00080B586B000AF474B1B68474A93420BD1C2
:10DDF0004FF0500383F31188BFF36F8FBFF34F8F42
:10DE0000FB6000BF00BFFDE73E4B1B683F4A9342EB
:10DE10000BD14FF0500383F31188BFF36F8FBFF323
:10DE20004F8F3B6100BF00BFFDE7394B7B617B69D2
:10DE30001B78DBB27B607B69FF221A707B691B78E1
:10DE4000DBB2FB70FB78DBB203F05003DAB2314B8C
:10DE50001A70314B07221A6009E02F4B1B68013BF7
:10DE60002D4A1360FB78DBB25B00DBB2FB70FB7802
:10DE7000DBB203F08003802BEFD0274B1B68C3F18C
:10DE80000703042B0BD04FF0500383F31188BFF32B
:10DE90006F8FBFF34F8FBB6000BF00BFFDE71E4B0E
:10DEA0001B681B021C4A13601B4B1B6803F4E063D6
:10DEB000194A13607B68DAB27B691A70174B1B68CA
:10DEC000164A43F470031360144B1B68134A43F063
:10DED0007043136000F0DAF8114B00221A6000F072
:10DEE000F9F8104B1B680F4A43F040431360FFF7EB
:10DEF00063FFFEF769FEFFF719FF00231846183786
:10DF0000BD4680BD00ED00E071C20F4170C20F41FF
:10DF100000E400E0EC330020F033002020ED00E0CE
:10DF20000801002034EF00E080B483B000AF4FF070
:10DF3000500383F31188BFF36F8FBFF34F8F7B6064
:10DF400000BF104B1B6801330E4A13600D4B1B685A
:10DF5000012B10D10C4B1B68DBB2002B0BD04FF008
:10DF6000500383F31188BFF36F8FBFF34F8F3B6074
:10DF700000BF00BFFDE700BF0C37BD465DF8047B66
:10DF8000704700BF0801002004ED00E080B483B0BA
:10DF900000AF124B1B68002B0BD14FF0500383F3E3
:10DFA0001188BFF36F8FBFF34F8F7B6000BF00BF3F
:10DFB000FDE70A4B1B68013B084A1360074B1B68CF
:10DFC000002B05D100233B603B6883F3118800BF21
:10DFD00000BF0C37BD465DF8047B70470801002088
:10DFE000EFF30980BFF36F8F154B1A681EF0100F07
:10DFF00008BF20ED108A20E9F04F10602DE90900DC
:10E000004FF0500080F31188BFF34F8FBFF36F8F35
:10E01000FEF7DAFD4FF0000080F3118809BC1968A3
:10E020000868B0E8F04F1EF0100F08BFB0EC108A7F
:10E0300080F30988BFF36F8F704700BFAFF3008094
:10E04000C431002000BF00BF80B582B000AF4FF0E8
:10E05000500383F31188BFF36F8FBFF34F8F7B6043
:10E0600000BFFEF7F7FC0346002B03D0064B4FF032
:10E0700080521A6000233B603B6883F3118800BF25
:10E0800000BF0837BD4680BD04ED00E080B400AF9E
:10E090000B4B00221A600B4B00221A600A4B1B68C4
:10E0A0000A4AA2FB03239B09094A013B1360044B64
:10E0B00007221A6000BFBD465DF8047B704700BFB1
:10E0C00010E000E018E000E0C8000020D34D62102E
:10E0D00014E000E0DFF80C00016841F47001016019
:10E0E000704700BF88ED00E080B485B000AFEFF36B
:10E0F0000583FB60FB680F2B15D9184AFB68134496
:10E100001B78FB72164B1B78FA7A9A420BD24FF0AF
:10E11000500383F31188BFF36F8FBFF34F8F7B6082
:10E1200000BF00BFFDE70F4B1B6803F4E0620E4B1E
:10E130001B689A420BD94FF0500383F31188BFF349
:10E140006F8FBFF34F8F3B6000BF00BFFDE700BF85
:10E150001437BD465DF8047B704700BFF0E300E074
:10E16000EC3300200CED00E0F033002080B58AB0E5
:10E1700000AF78600023FB61FEF7B0FB5C4B1B68CF
:10E18000002B01D100F024F95A4B1A687B68134028
:10E19000002B40F095807B68002B1ED008227B6806
:10E1A00013447B607B6803F00703002B15D07B686A
:10E1B00023F0070308337B607B6803F00703002B21
:10E1C0000BD04FF0500383F31188BFF36F8FBFF371
:10E1D0004F8F7B6100BF00BFFDE77B68002B6FD0D6
:10E1E000454B1B687A689A426AD8444B3B62434B62
:10E1F0001B687B6204E07B6A3B627B6A1B687B6214
:10E200007B6A5B687A689A4203D97B6A1B68002B39
:10E21000F1D1374B1B687A6A9A4251D03B6A1B682E
:10E2200008221344FB617B6A1A683B6A1A607B6AA6
:10E230005A687B68D21A08235B009A4220D97A6A0E
:10E240007B681344BB61BB6903F00703002B0BD051
:10E250004FF0500383F31188BFF36F8FBFF34F8FDD
:10E260003B6100BF00BFFDE77B6A5A687B68D21A3A
:10E27000BB695A607B6A7A685A60B86900F00AF92B
:10E280001D4B1A687B6A5B68D31A1B4A13601A4BD2
:10E290001A681B4B1B689A4203D2174B1B68184A1B
:10E2A00013607B6A5A68134B1B681A437B6A5A6077
:10E2B0007B6A00221A60134B1B680133114A1360FA
:10E2C000FEF71AFBFB6903F00703002B0BD04FF09E
:10E2D000500383F31188BFF36F8FBFF34F8FFB6041
:10E2E00000BF00BFFDE7FB6918462837BD4680BD6B
:10E2F000FC3301201034012000340120F4330120CC
:10E30000043401200834012080B586B000AF786065
:10E310007B687B617B68002B4FD008235B427A6966
:10E3200013447B617B693B613B695A68254B1B68E1
:10E330001340002B0BD14FF0500383F31188BFF330
:10E340006F8FBFF34F8FFB6000BF00BFFDE73B69DE
:10E350001B68002B0BD04FF0500383F31188BFF3E1
:10E360006F8FBFF34F8FBB6000BF00BFFDE73B69FE
:10E370005A68144B1B681340002B1ED03B691B6866
:10E38000002B1AD13B695A680E4B1B68DB431A40BD
:10E390003B695A60FEF7A2FA3B695A680A4B1B6850
:10E3A0001344094A1360386900F074F8074B1B687E
:10E3B0000133064A1360FEF79FFA00BF1837BD46C7
:10E3C00080BD00BF10340120003401200C34012036
:10E3D00080B485B000AF4FF48033BB60274BFB6047
:10E3E000FB6803F00703002B0CD0FB680733FB60CE
:10E3F000FB6823F00703FB60BA68FB68D31A1F4A67
:10E400001344BB60FB687B601D4A7B6813601C4B38
:10E4100000225A607B68BA681344FB600822FB68DC
:10E420009B1AFB60FB6823F00703FB60FB68154A3F
:10E430001360144B1B6800225A60124B1B680022A9
:10E440001A607B683B603B68FA68D21A3B685A6086
:10E450000C4B1A683B681A603B685B680A4A136099
:10E460003B685B68094A1360094B4FF000421A6031
:10E4700000BF1437BD465DF8047B7047F4330020BD
:10E48000F4330120FC330120043401200034012046
:10E490001034012080B485B000AF7860284BFB6059
:10E4A00002E0FB681B68FB60FB681B687A689A42A5
:10E4B000F7D8FB68BB60FB685B68BA6813447A688E
:10E4C0009A4208D1FB685A687B685B681A44FB680B
:10E4D0005A60FB687B607B68BB607B685B68BA687E
:10E4E0001A44FB681B689A4218D1FB681A68154BDE
:10E4F0001B689A420DD07B685A68FB681B685B6892
:10E500001A447B685A60FB681B681A687B681A604B
:10E5100008E00C4B1A687B681A6003E0FB681A6815
:10E520007B681A60FA687B689A4202D0FB687A6856
:10E530001A6000BF1437BD465DF8047B704700BF0A
:10E54000F4330120FC33012030B51446002C9BB07D
:10E5500005461A4605DA8B2303604FF0FF301BB0E7
:10E5600030BD4FF40273ADF80C304FF00003199337
:10E5700014BF04F1FF332346029305934FF6FF7354
:10E5800000910491ADF80E3069461E9B00F00CFA24
:10E59000431CBCBF8B232B60002CE0D0009B0022CF
:10E5A0001A70DCE707B5009313460A460146034894
:10E5B0000068FFF7C9FF03B05DF804FB0C01002001
:10E5C00002440346934200D1704703F8011BF9E768
:10E5D0002D4B1B68834270B5044653D0C3691BB3EF
:10E5E000DB6863B10025E369DB685959B1B90435CB
:10E5F000802DF8D1E3692046D96800F081F8E369FD
:10E60000196811B1204600F07BF8E3699D685DB19F
:10E61000294620462D6800F073F8F8E70E6820467A
:10E6200000F06EF83146E1E7616911B1204600F073
:10E6300067F8E16911B1204600F062F8216B11B171
:10E64000204600F05DF8616B11B1204600F058F8EB
:10E65000A16B11B1204600F053F8A16C11B1204616
:10E6600000F04EF8616C11B1204600F049F8E16A03
:10E6700011B1204600F044F8236A1BB12046BDE8E2
:10E680007040184770BD00BF0C010020014B186896
:10E69000704700BF0C01002070B50D4D0D4C641B80
:10E6A000A4100026A64209D10B4D0C4C00F064FCCE
:10E6B000641BA4100026A64205D170BD55F8043B8A
:10E6C00098470136EEE755F8043B98470136F2E7E4
:10E6D000C4090108C4090108C4090108C8090108DE
:10E6E000704770470A44914200F1FF3300D17047F0
:10E6F00010B511F8014B03F8014F9142F9D110BD4B
:10E7000038B50546002941D051F8043C0C1F002BB8
:10E71000B8BFE41800F0E0F81D4A136833B963602D
:10E7200014602846BDE8384000F0DCB8A34208D9A0
:10E73000206821188B4201BF19685B6809182160A5
:10E74000EDE71A465B680BB1A342FAD9116850187D
:10E75000A0420BD120680144501883421160E0D1DF
:10E7600018685B68536008441060DAE702D90C232C
:10E770002B60D6E7206821188B4204BF19685B68BC
:10E78000636004BF091821605460CAE738BD00BF48
:10E790005835012070B50F4E0C463168054611B949
:10E7A00000F0A4FB30602146284600F09FFB431C8C
:10E7B00003D14FF0FF34204670BDC41C24F0030485
:10E7C000A042F8D0211A284600F090FB0130F2D187
:10E7D000EFE700BF543501202DE9F843CD1C25F0AB
:10E7E000030508350C2D38BF0C25002D064601DB2E
:10E7F000A94204D90C2333600020BDE8F883DFF878
:10E80000D48000F069F8D8F800301C4644BB294693
:10E810003046FFF7BFFF431C044658D1D8F80040EC
:10E820002746002F43D1002C4BD023683946304671
:10E8300004EB030900F05AFB814542D121686D1AAF
:10E8400029463046FFF7A6FF01303AD023682B4413
:10E850002360D8F800305A6862BBC8F800700FE037
:10E860002268521B20D40B2A17D96119A3422560B4
:10E8700018BF5960636808BFC8F8001062514B6048
:10E88000304600F02FF804F10B00231D20F00700A4
:10E89000C21A1CBF1B1AA350AFE76268A3420CBF89
:10E8A000C8F800205A60EBE723466468AEE73C46B0
:10E8B0007F68B6E71A465B68A342FBD1002353602A
:10E8C000DEE70C233360304600F00CF894E7056077
:10E8D000D6E700BF583501200148FFF701BF00BF50
:10E8E000503501200148FFF7FCBE00BF5035012024
:10E8F0002DE9F0478E681F46BE420B6882460C46E3
:10E9000090462DD8B1F90C2012F4906F26D065698D
:10E91000096905EB4505A3EB010905EBD5757B1CE2
:10E920004B446D109D4238BF1D46530527D52946DF
:10E93000FFF752FF064660B321694A46FFF7D2FE51
:10E94000A38923F4906343F08003A381266165616A
:10E950004E44A5EB09052660A5603E46BE4200D99F
:10E960003E4620683246414600F0A6FAA3689B1B4B
:10E97000A3602368334423600020BDE8F0872A4663
:10E9800000F0C4FA06460028E0D121695046FFF79E
:10E99000B7FE0C23CAF80030A38943F04003A381DB
:10E9A0004FF0FF30E9E700002DE9F04F98468B89E2
:10E9B0001B069DB007460D46144610D50B6973B96A
:10E9C0004021FFF709FF2860286130B90C233B6024
:10E9D0004FF0FF301DB0BDE8F08F40236B61002386
:10E9E000099320238DF82930CDF80C803023DFF8EF
:10E9F0009C818DF82A304FF0010923469A4613F87E
:10EA0000012B0AB1252AF9D1BAEB040B0BD05B46D6
:10EA1000224629463846FFF76BFF013000F0A780F9
:10EA2000099A5A4409929AF80030002B00F09F800E
:10EA300000234FF0FF32CDE905230AF1010A0493C8
:10EA400007938DF853301A935446052214F8011B8E
:10EA50004E48F1F7C5FB049AD8B9D00644BF20232D
:10EA60008DF85330110744BF2B238DF853309AF89B
:10EA700000302A2B15D0079A544600204FF00A0C7C
:10EA8000214611F8013B303B092B4BD9B0B107921D
:10EA900014E0A0EB080309FA03F313430493A2461E
:10EAA000D2E7039B191D1B680391002BBBBF5B4280
:10EAB00042F0020207930793B8BF049223782E2BEB
:10EAC0000AD163782A2B32D1039B1A1D1B6803924B
:10EAD00043EAE37302340593DFF8C0A021780322F0
:10EAE0005046F1F77DFB38B1049BA0EB0A004022B1
:10EAF000824013430134049314F8011B24488DF819
:10EB000028100622F1F76CFB002836D0214B1BBBE6
:10EB1000039B073323F0070308330393099B334414
:10EB200009936AE70CFB02320C460120A8E7002398
:10EB30000134059319464FF00A0C204610F8012BBA
:10EB4000303A092A03D9002BC6D00591C4E70CFB43
:10EB5000012104460123F0E703AB00932A460E4B44
:10EB600004A93846AFF30080421C0646D6D1AB89D3
:10EB70005B063FF52DAF09982CE703AB00932A46BF
:10EB8000054B04A9384600F079F8EDE7880901083B
:10EB90009209010800000000F1E800088E09010850
:10EBA0002DE9F047164698468A680B69DDF82090F3
:10EBB0009342B8BF1346336091F8432007460C4692
:10EBC0000AB1013333602368990642BF33680233C8
:10EBD0003360256815F0060506D104F1190AE368CB
:10EBE00032689B1AAB4226DC94F843302268003B23
:10EBF00018BF012392062BD404F143024146384644
:10EC0000C84701301ED02368226903F00603042B95
:10EC100002BFE5683368ED1AA3680CBF25EAE57505
:10EC200000259342C4BF9B1AED1800261A34B54242
:10EC30001AD1002008E00123524641463846C84711
:10EC4000013003D14FF0FF30BDE8F0870135C6E752
:10EC5000E1185A1C302081F84300224494F84510F2
:10EC600082F843100233C7E7012322464146384663
:10EC7000C8470130E6D00136D9E700002DE9FF474B
:10EC80000F7E0C9E782F914680460C469A4601F1E5
:10EC9000430207D8622F0AD8002F00F0D180582FE6
:10ECA00000F0B88004F1420684F842703AE0A7F11F
:10ECB0006303152BF6D801A151F823F015ED0008D8
:10ECC00029ED0008A5EC0008A5EC0008A5EC00085B
:10ECD000A5EC000829ED0008A5EC0008A5EC00084B
:10ECE000A5EC0008A5EC000827EE000853ED00088D
:10ECF000E1ED0008A5EC0008A5EC000849EE0008CD
:10ED0000A5EC000853ED0008A5EC0008A5EC0008F0
:10ED1000E9ED000833681A1D1B68326004F14206F1
:10ED200084F8423001239CE033682068191D31606B
:10ED3000060601D51D6803E04506FBD5B3F9005072
:10ED4000002D03DA2D236D4284F8433058480A23FE
:10ED500011E021683368080653F8045B02D44906C1
:10ED600048BFADB26F2F5248336014BF0A23082347
:10ED7000002184F843106668A660002E05DB216838
:10ED80002E4321F0040121604BD01646B5FBF3F170
:10ED900003FB1157C75D06F8017D2F46BB420D46A8
:10EDA000F4D9082B0BD12368DF0708D523696168E4
:10EDB0009942DEBF302306F8013C06F1FF36921B74
:10EDC0002261CDF800A04B4603AA21464046FFF73A
:10EDD000E7FE01304AD14FF0FF3004B0BDE8F087C4
:10EDE000236843F0200323603248782784F8457075
:10EDF000236831681F0651F8045B02D45F0648BFE0
:10EE0000ADB23160D90744BF43F0200323601DB188
:10EE10001023ADE72648E9E7236823F020032360A9
:10EE2000F6E71646BDE7336825686169181D30604E
:10EE30002E061B6801D5196002E06806FBD5198013
:10EE4000002323611646BCE733681A1D32601E6832
:10EE5000626800213046F1F7C3F908B1801B606099
:10EE600063682361002384F84330AAE723693246AC
:10EE700049464046D0470130ADD023689B0713D4A4
:10EE8000E068039B9842B8BF1846A6E701233246C4
:10EE900049464046D04701309DD00135E36803998B
:10EEA0005B1AAB42F2DCEBE7002504F11906F5E74B
:10EEB00099090108AA090108884210B501EB02046A
:10EEC00002D98442234607D8431EA14208D011F834
:10EED000012B03F8012FF8E7024401468A4200D1D2
:10EEE00010BD13F8014D02F8014DF7E738B5064D96
:10EEF0000023044608462B60F2F798FF431C02D11A
:10EF00002B6803B1236038BD4C3501202DE9F04159
:10EF1000074614460D4621B9BDE8F0411146FFF7FA
:10EF20005BBC2AB9FFF7ECFB25462846BDE8F0811B
:10EF300000F01AF88442064602D8B4EB500FF4D819
:10EF400021463846FFF748FC804608B94546ECE7BD
:10EF5000B4422246294628BF3246FFF7C3FB294662
:10EF60003846FFF7CDFBF1E751F8043C181F002BA2
:10EF7000BCBF0B58C0187047F8B500BFF8BC08BC40
:10EF80009E467047F8B500BFF8BC08BC9E46704767
:10EF90004552523A5B25735D202E2E2F436F7265CA
:10EFA0002F5372632F636F6E6669672F6170705F96
:10EFB000636F6E6669672E630D0A00004552523A10
:10EFC0005B25735D20202D204552524F522E206C20
:10EFD000696E653A2025642C207769746820657213
:10EFE000726F7220636F6465202564200D0A0D0A1C
:10EFF000000000004442473A5B25735D204C6F617E
:10F000006420636F6E66696775726174696F6E20E4
:10F010004F4B21210D0A0000494E463A5B25735D96
:10F0200020526573657420436F6E666967757261FF
:10F0300074696F6E0D0A00004442473A5B25735DA8
:10F04000205365742044656661756C7420636F6E2F
:10F0500066696775726174696F6E0D0A0000000061
:10F06000494E463A5B25735D205361766520636F98
:10F070006E66696775726174696F6E5B25735D5B3F
:10F0800025645D0D0A000000494E463A5B25735D1C
:10F09000205361766520636F6E666967757261746F
:10F0A000696F6E20746F2066696C650D0A00000040
:10F0B000494E463A5B25735D204C6F616420636F57
:10F0C0006E66696775726174696F6E20746F206611
:10F0D000696C650D0A000000494E463A5B25735D78
:10F0E0002052656D6F766520636F6E666967757215
:10F0F0006174696F6E20746F2066696C650D0A001B
:10F100004552523A5B25735D202E2E2F436F726558
:10F110002F5372632F636F6E6669672F6170705F24
:10F12000636F6E6669675F666C6173682E630D0A54
:10F13000000000004552523A5B25735D20202D20CF
:10F140004E554C4C2E206C696E653A2025640D0A94
:10F150000D0A00004442473A5B25735D20557064F8
:10F160006174652064657669636520636F6E6669A6
:10F170006775726174696F6E20446174610D0A0075
:10F180004552523A5B25735D20202D204552524F47
:10F19000522E206C696E653A2025642C20776974A4
:10F1A00068206572726F7220636F64652025642029
:10F1B0000D0A0D0A000000004552523A5B25735DAE
:10F1C0002047657420436F6E666967757261746964
:10F1D0006F6E204545502052656164204572726F04
:10F1E000720D0A0D0A0000004442473A5B25735D28
:10F1F00020466C6173682076616C696420636F647B
:10F2000065206572726F7221210D0A004552523AD3
:10F210005B25735D20466C617368206372632065B3
:10F2200072726F7221210D0A00000000494E463AA9
:10F230005B25735D2057726974652064656661752E
:10F240006C7420636F6E6669670A0D0A0000000027
:10F250004552523A5B25735D20436865636B2045D8
:10F2600032502073697A6521212043464720736913
:10F270007A655B25645D0D0A000000004442473A50
:10F280005B25735D20436F6E666967757261746993
:10F290006F6E204C6F6164204572726F722E2E5714
:10F2A000726974652064656661756C7420636F6E45
:10F2B00066696775726174696F6E0D0A00000000FF
:10F2C000494E463A5B25735D20436F6E6669672041
:10F2D00053697A6521215B25645D0D0A00000000F9
:10F2E0004442473A5B25735D20577269746520413B
:10F2F0006464725B25645D0D0A000000253032787D
:10F3000020000000202020000D0A00004D5356323E
:10F3100030303800494E463A5B25735D203D3D3D17
:10F320003D3D3D3D3D3D3D3D3D3D3D3D3D3D3D3D0D
:10F330003D3D3D3D3D3D3D3D3D3D3D3D3D3D3D3DFD
:10F340003D3D3D3D3D3D3D3D3D3D3D3D3D3D3D3DED
:10F350003D3D3D0D0A000000494E463A5B25735D78
:10F36000200920594E5320566973696F6E204C4511
:10F370004420436F6E74726F6C6C65720D0A0000EE
:10F38000494E463A5B25735D2009204275696C64DD
:10F390002044617461093A20253034642D253032CF
:10F3A000642D2530326420253032643A25303264B1
:10F3B0003A253032640D0A00494E463A5B25735DAA
:10F3C00020094D6F64656C09093A2025730D0A0008
:10F3D00056322E3500000000494E463A5B25735DDB
:10F3E000200956657273696F6E09093A2025730DFD
:10F3F0000A00000056312E3000000000494E463A07
:10F400005B25735D2009465047412009093A2025B4
:10F41000730D0A004552523A5B25735D202E2E2F44
:10F42000436F72652F5372632F6D61696E2E630D8A
:10F430000A0000004552523A5B25735D20202D20C2
:10F440004552524F522E206C696E653A2025642C2D
:10F450002077697468206572726F7220636F6465CB
:10F46000202564200D0A0D0A000000004552523A82
:10F470005B25735D204576656E74207175657565D5
:10F4800020496E697469616C697A65204572726F92
:10F490007221210D0A0000004442473A5B25735D4A
:10F4A00020436F6D706C65746520496E6974696185
:10F4B0006C697A6521210D0A000000004576656EB1
:10F4C000745461736B000000BCF4000891180008CC
:10F4D0000000000000000000000400000000000028
:10F4E00000000000494E463A5B25735D2052756E60
:10F4F000204576656E74205461736B0D0A00000020
:10F500004552523A5B25735D205B253032785D4968
:10F5100032635F57726974655F453270204572725D
:10F520006F725F6E6F205B25645D0D0A0000000046
:10F530004552523A5B25735D205B253032785D4938
:10F5400032635F526561645F453270204572726F4D
:10F55000725F6E6F205B25645D0D0A004745542085
:10F560000000000020485454502F312E310D0A481D
:10F570006F73743A200000000D0A557365722D41B7
:10F5800067656E743A204574686572536869656C86
:10F59000642F312E360D0A4163636570743A20740E
:10F5A0006578742F68746D6C0D0A436F6E6E6563B9
:10F5B00074696F6E3A20636C6F73650D0A0D0A00F3
:10F5C00020000000504F5354200000000D0A00009E
:10F5D0000D0A557365722D4167656E743A20457446
:10F5E000686572536869656C642F312E360D0A4167
:10F5F00063636570743A202A2F2A0D0A436F6E6E7A
:10F60000656374696F6E3A20636C6F73650D0A00F1
:10F61000436F6E74656E742D4C656E6774683A2026
:10F6200000000000256400000D0A436F6E74656ED3
:10F63000742D547970653A206170706C69636174DF
:10F64000696F6E2F782D7777772D666F726D2D75B8
:10F65000726C656E636F6465640D0A0D0A000000CC
:10F66000323030004442473A5B25735D2047657471
:10F6700020446174610D0A004552523A5B25735D66
:10F6800020476574204D4143204572726F720D0A08
:10F69000000000004442473A5B25735D206D6163C2
:10F6A000203D2025783A25783A25783A25783A255C
:10F6B000783A25780D0A00004552523A5B25735D71
:10F6C0002045746865726E65745F5265766973690A
:10F6D0006F6E204572726F7221215265765B2564D0
:10F6E0005D0D0A00494E463A5B25735D20457468FE
:10F6F00065726E65745F5265766973696F6E203AE4
:10F700002025640D0A000000494E463A5B25735DD2
:10F71000206D796D6163203A2025643A25643A258D
:10F72000643A25643A25643A25640D0A0000000015
:10F730004442473A5B25735D206D796970203D2016
:10F7400025642E25642E25642E2564203A20256408
:10F750000D0A0D0A000000004552523A5B25735D08
:10F76000204572726F725B25785D0D0A0000000003
:10F770004442473A5B25735D2052657475726E2072
:10F7800053616D652049500D0A0000004442473A1C
:10F790005B25735D20495020616464725B25642E93
:10F7A00025642E25642E25645D506F72745B25647C
:10F7B0005D20476174655761795B25642E25642E51
:10F7C00025642E25645D0D0A000000004442473A7E
:10F7D0005B25735D20495020416464725B253033A2
:10F7E000642E253033642E253033642E2530336467
:10F7F000203A2025645D0D0A000000004552523A6F
:10F800005B25735D202E2E2F436F72652F5372631D
:10F810002F6D5F65746865722F6D5F6574686572C2
:10F820002E630D0A000000004552523A5B25735DBD
:10F8300020202D204552524F522E206C696E653A81
:10F840002025642C2077697468206572726F72209D
:10F85000636F6465202564200D0A0D0A0000000016
:10F860004442473A5B25735D2053746172742045AE
:10F870007468657220436F6E74726F6C0D0A0000BD
:10F880004442473A5B25735D20537461727420458E
:10F89000746865726E6574207461736B0D0A000084
:10F8A0004442473A5B25735D20257320496E697495
:10F8B0000D0A00004552523A5B25735D204574687D
:10F8C00065726E6574207461736B20437265617438
:10F8D00065204572726F720D0A000000494E463A6B
:10F8E0005B25735D205365742044656661756C7497
:10F8F0002049502041646472205B253033642E25FA
:10F900003033642E253033642E253033645D20502F
:10F910006F72745B25645D0D0A0D0A00657468657D
:10F92000726E65745461736B000000001CF900086E
:10F930007D35000800000000000000000008000005
:10F9400000000000000000004552523A5B25735D44
:10F95000204D65737361676520517565756520611C
:10F960006C6C6F63617465204572726F7221210D3A
:10F970000A0D0A004552523A5B25735D20457665B3
:10F980006E74206461746120616C6C6F6361746576
:10F99000206572726F720D0A0000000057524E3AD5
:10F9A0005B25735D206576656E745F717565756541
:10F9B00020636F756C64206E6F7420626520656EC5
:10F9C0007175657565642C206572726F7220636F46
:10F9D00064653A2025640D0A0D0A00004552523A2A
:10F9E0005B25735D20436865636B2048616E646CC2
:10F9F00065722121210D0A004552523A5B25735D43
:10FA0000204576656E742051756575652043726575
:10FA1000617465204572726F720D0A004442473A64
:10FA20005B25735D205374617475735B25645D2081
:10FA30004368616E6E656C5B25645D0D0A000000B5
:10FA40004552523A5B25735D202E2E2F436F72650F
:10FA50002F5372632F6D5F6D656E752F6D5F6E6FC7
:10FA6000726D616C2E630D0A000000004552523A1F
:10FA70005B25735D20202D204552524F522E206C65
:10FA8000696E653A2025642C207769746820657258
:10FA9000726F7220636F6465202564200D0A0D0A61
:10FAA000000000004442473A5B25735D2053656CBB
:10FAB0002063685B25645D205B25645D0D0A0000A2
:10FAC000494E463A5B25735D20696E7075745B25FF
:10FAD000785D206F75747075745B25785D206D6F2F
:10FAE00064655B25785D0D0A000000005374617247
:10FAF0007400000053746F70000000004442473AE5
:10FB00005B25735D2025732053656C6620546573F7
:10FB1000740D0A004442473A5B25735D2044656DCD
:10FB20006F203153542053746172740D0A00000029
:10FB30004442473A5B25735D2044656D6F20315325
:10FB40005420456E640D0A004442473A5B25735DBC
:10FB50002044656D6F20326E642053746570205BA5
:10FB600025645D2053746172740D0A004442473A63
:10FB70005B25735D205365742038204368616E6E89
:10FB8000656C205B25785D0D0A0000004442473A11
:10FB90005B25735D2044656D6F20326E6420456E79
:10FBA000640D0A004442473A5B25735D205374613B
:10FBB00072742044656D6F2050726F636573736F4C
:10FBC000720D0A004442473A5B25735D205374610D
:10FBD00072742044656D6F20546573742121210D6A
:10FBE0000A0000004442473A5B25735D2044656D7E
:10FBF0006F20537465705B25645D0D0A0000000082
:10FC00004442473A5B25735D20436865636B20522D
:10FC1000656D6F7465206D6F64655B25645D0D0AAD
:10FC200000000000494E463A5B25735D204D656E2D
:10FC30007520496E69740D0A000000004552523A61
:10FC40005B25735D206D65617375726554696D65C3
:10FC50007220437265617465204572726F72212152
:10FC60000D0A00004442473A5B25735D2053656DE1
:10FC70006170686F72652048616E646C655B2564B5
:10FC80005D0D0A004442473A5B25735D20536B6962
:10FC9000702073656D6120636F756E7421210D0A8C
:10FCA000000000004442473A5B25735D2053656DB8
:10FCB0006120636F756E7420302121210D0A0000D0
:10FCC0004552523A5B25735D2044656D6F20546147
:10FCD000736B20637265617465206572726F722147
:10FCE000210D0A004552523A5B25735D206D656E09
:10FCF00075206576656E74207265676973746572C8
:10FD00006564206572726F7221210D0A0000000087
:10FD100064656D6F50726F630000000010FD000895
:10FD20004D4100080000000000000000000200003B
:10FD300000000000000000004552523A5B25735D50
:10FD400020465047412052656164206F7665726697
:10FD50006C6F7721210D0A004552523A5B25735D85
:10FD600020465047412072656164206572726F724F
:10FD700021210D0A00000000736574206F757470F6
:10FD8000757400004442473A5B25735D204F7574DB
:10FD9000204368616E6E656C5B25785D0D0A00001E
:10FDA0004552523A5B25735D202E2E2F436F7265AC
:10FDB0002F5372632F6D5F73657269616C2F66706C
:10FDC00067615F70726F632E630D0A004552523A8D
:10FDD0005B25735D20202D204552524F522E206C02
:10FDE000696E653A2025642C2077697468206572F5
:10FDF000726F7220636F6465202564200D0A0D0AFE
:10FE00000000000073657420696E70757400000056
:10FE100044696D6D696E67005374726F62650000AE
:10FE20004442473A5B25735D20536574204D6F64EF
:10FE300065203A205B25735D0D0A00007365742010
:10FE40006F7574206D6F6465000000004442473A8E
:10FE50005B25735D20456467653A5B25645D0D0A2B
:10FE6000000000004442473A5B25735D2043485B35
:10FE700025645D2044656C61792074696D655B253E
:10FE8000645D0D0A000000004442473A5B25735D43
:10FE90002043485B25645D204F6E2074696D655B6F
:10FEA00025645D0D0A0000004442473A5B25735DFE
:10FEB0002053657420647574792074696D655B25C1
:10FEC000645D0D0A000000004442473A5B25735D03
:10FED0002053657420706572696F642074696D6564
:10FEE0002043685B25645D205B25785D0D0A00007A
:10FEF0004442473A5B25735D204368202564204FC8
:10FF0000646465725B25645D204368202564204F2E
:10FF1000646465725B25645D0D0A00005772697444
:10FF200065204F6465720000736574204E3A4E2060
:10FF3000696E707574000000736574204E3A4E202F
:10FF40006F75747075740000494E463A5B25735D99
:10FF50002053657420466163746F72792052657313
:10FF60006574204D61782043685B25645D0D0A004F
:10FF70004442473A5B25735D202564205365742015
:10FF80006368616E6E656C203A2025780D0A00006A
:10FF90004442473A5B25735D2031204368616E6EB1
:10FFA000656C5B25785D0D0A00000000494E463AFD
:10FFB0005B25735D2053657420496E707574204114
:10FFC0006C6C204368616E6E656C0D0A0000000069
:10FFD000494E463A5B25735D20536574204F757416
:10FFE000707574204368616E6E656C205B25785D6A
:10FFF0000D0A00006670676150726F6300000000B8
:020000040801F1
:10000000F4FF0008194F0008000000000000000085
:100010000004000000000000000000004442473AD5
:100020005B25735D2046726F6E7420536574205299
:10003000656D6F7465206D6F646521215B25645D5E
:100040000D0A00004442473A5B25735D2053656EFC
:10005000642056657273696F6E204D43555B25644D
:100060005D20465047415B25645D0D0A000000009D
:10007000DF1100000000FEFF4442473A5B25735D3C
:100080002053746172742046726F6E7420546173D1
:100090006B21210D0A0000005265636569766520B9
:1000A00046726F6E7420636F6D6D616E6400000048
:1000B0004442473A5B25735D205265636569766506
:1000C00020436D645B25785D0D0A0000DF3300007E
:1000D0000000FEFFDF0000000000FEFF46726F6EB2
:1000E000745461736B000000DC00010805540008C3
:1000F00000000000000000000004000000000000FC
:10010000000000004552523A5B25735D2052656D38
:100110006F746520427566666572206F76657266DB
:100120006C6F770D0A0000004442473A5B25735D0F
:1001300020536B697020736F757263655B25645D16
:100140002072756E5F6D6F64655B25645D0D0A00DE
:100150004442473A5B25735D2072756E206D6F6473
:10016000655B25645D206368616E67655B25645D22
:100170000D0A0000494E463A5B25735D20536574B5
:100180002050726576696F7573204D6F64655B25CD
:10019000645D0D0A0000000065434F4D4D414E4423
:1001A0005F434F4E5F434D440000000065434F4D99
:1001B0004D414E445F5244595F434D44000000009E
:1001C00065434F4D4D414E445F4F55545F4D4F4435
:1001D0004500000065434F4D4D414E445F4F4E5F1B
:1001E00054494D450000000065434F4D4D414E447C
:1001F0005F44454C41595F54494D450065434F4D5F
:100200004D414E445F494E5055545F4348414E4E18
:10021000454C000065434F4D4D414E445F4F555492
:100220005055545F4348414E4E454C0065434F4D39
:100230004D414E445F545249474745525F4F5244E7
:100240004552000065434F4D4D414E445F54524965
:10025000474745525F4F524445525F534554000053
:1002600065434F4D4D414E445F494E5055545F4597
:100270004447450065434F4D4D414E445F46414321
:10028000544F52595F5245534554000065434F4DFA
:100290004D414E445F52454D4F54455F49505F5369
:1002A000544154555300000065434F4D4D414E4459
:1002B0005F434C4F53455F52454D4F54450000003E
:1002C00065434F4D4D414E445F5345544F504D4F44
:1002D0004445000065434F4D4D414E445F534554E6
:1002E000445554590000000065434F4D4D414E4464
:1002F0005F534554504552494F44000065434F4DAC
:100300004D414E445F5345545F47525F494E000094
:1003100065434F4D4D414E445F5345545F47525FD7
:100320004F555400556E6B6E6F776E20436F6D6D39
:10033000616E64004442473A5B25735D2053656CEF
:10034000206368616E6E656C5B25645D206F6C6414
:100350002063685B25645D0D0A0000004442473A53
:100360005B25735D204368616E6765204D415820B1
:100370004368616E6E656C5B25645D0D0A0000006C
:10038000494E463A5B25735D205472692043685B91
:1003900025645D206F726465725B25645D0D0A00E3
:1003A000494E463A5B25735D205365742070657233
:1003B000696F64205B25785D5B25785D2074696DCD
:1003C000655B25645D0D0A00494E463A5B25735D09
:1003D0002044757479206C6576656C5B25645D0DD1
:1003E0000A000000DFD000000000FEFF4442473A50
:1003F0005B25735D2052656D6F74652070726F634D
:10040000205461736B20537461727421210D0A00B2
:100410004442473A5B25735D205265676973746592
:10042000722052656D6F74652050726F63657373CF
:100430006F72206576656E74204572726F720D0A58
:100440000000000072656D6F746550726F6300008C
:1004500044040108D15F0008000000000000000013
:100460000002000000000000000000004442473A83
:100470005B25735D205561727420627573792E2E31
:100480002E2E0D0A000000004552523A5B25735D86
:10049000202E2E2F436F72652F5372632F6D5F7363
:1004A000657269616C2F6D5F73657269616C2E6333
:1004B0000D0A00004552523A5B25735D20202D2025
:1004C0004552524F522E206C696E653A2025642C9D
:1004D0002077697468206572726F7220636F64653B
:1004E000202564200D0A0D0A00000000494E463AFE
:1004F0005B25735D2053657269616C20496E697478
:100500000D0A00000000000049444C4500000000B6
:10051000546D722053766300546D725100000000D8
:100520006170705F636F6E6669675F696E697400A2
:100530006170705F636F6E6669675F726573657423
:10054000000000006170705F636F6E6669675F73C3
:100550006176655F646267006170705F636F6E668D
:1005600069675F666C6173685F636F6E6669675F1A
:1005700073746F72650000006170705F636F6E6608
:1005800069675F666C6173685F636F6E6669675FFA
:100590006C6F6164000000006170705F636F6E6675
:1005A00069675F666C6173685F72656E657700008E
:1005B0006170705F636F6E6669675F666C617368B8
:1005C0005F696E697400000062616E6E65720000A2
:1005D000496E697469616C697A6500006D61696E64
:1005E000000000006576656E745461736B00000056
:1005F00000000000000000000102030406070809D3
:1006000000000000010203046D5F656E765F6532D5
:10061000705F7772697465006D5F656E765F6532D5
:10062000705F72656164000000010800060400014B
:100630004500008200004000200000007061636BF4
:1006400065746C6F6F705F69636D705F7463700069
:10065000726561645F6D61635F6164647200000074
:1006600065746865726E65745F696E697400000018
:10067000454E4332384A36305F5472616E7363655B
:1006800069766542797465006D5F6574685F77723D
:100690006974655F6D61635F6970616464720000B5
:1006A0006F6E577269746549504164647265737303
:1006B000000000004F6E5F7365745F6D6F646500CE
:1006C00045746865726E65745461736B0000000058
:1006D00045746865726E6574496E69740000000047
:1006E0006D5F6576656E745F7075736800000000FD
:1006F0006D5F6576656E745F64697370617463685D
:10070000000000006D5F6576656E745F696E6974E8
:10071000000000006F6E5F6D6561737572650000AB
:100720006F6E53617665436F6E6667006F6E5374CC
:100730006172745374726F62650000006F6E53745F
:1007400061727453656C66546573740064656D6F93
:100750003173740064656D6F326E640044656D6F53
:1007600050726F635461736B000000006576745FB4
:1007700068616E646C6572006D5F6D656E755F6E4D
:100780006F726D616C5F696E69740000667067619D
:100790005F7365745F6F75747075745F6368616EA5
:1007A0006E656C00667067615F7365745F696E701B
:1007B00075745F6368616E6E656C0000667067617A
:1007C0005F7365745F6D6F646500000066706761DC
:1007D0005F73656C6563745F656467650000000046
:1007E000667067615F7365745F64656C61795F747F
:1007F000696D6500667067615F7365745F6F6E5FDA
:1008000074696D6500000000667067615F736574F0
:100810005F647574795F74696D6500006670676107
:100820005F7365745F706572696F645F74696D652D
:1008300000000000667067615F7365745F747269C1
:10084000676765725F6F72646572000066706761EA
:100850005F7365745F47726F75705F696E707574F2
:1008600000000000667067615F7365745F47726FB8
:1008700075705F6F757470757400000066706761E5
:100880005F7365745F666163746F72795F726573BD
:100890006574000070617273655F66726F6E745F7D
:1008A000636D640073656E645F76657273696F6E05
:1008B0000000000066726F6E745461736B0000007C
:1008C00072656D6F74655F707573685F62756600E1
:1008D0004F6E5F7365745F6D6F6465006D5F726509
:1008E0006D6F74655F7365745F707265765F6D6F51
:1008F0006465000070617273655F636F6D6D616E3A
:100900006400000052656D6F746550726F635461CE
:10091000736B000072656D6F74655F70726F635FFB
:10092000696E6974000000006D5F73657269616CC7
:100930005F73656E640000006D5F73657269616C62
:100940005F696E6974000000000000006410B71D4C
:10095000C8206E3BAC30D9269041DC76F4516B6BED
:100960005861B24D3C7105502083B8ED44930FF0AF
:10097000E8A3D6D68CB361CBB0C2649BD4D2D38665
:1009800078E20AA01CF2BDBD232D302B2000686C3C
:100990004C006566674546470030313233343536A2
:1009A00037383941424344454600303132333435DB
:0C09B00036373839616263646566000008
:0809BC0014F8FE7F01000000A9
:0409C400B501000871
:0409C8009101000891
:1009CC00C0A80005C0A80001BA130308010000006C
:1009DC00000000000000010000000000000000000A
:1009EC0000000000000000000000000000000000FB
:1009FC0000000000000000000000000000000000EB
:100A0C0000000000000000000000000000000000DA
:100A1C0000000000000000000000000000000000CA
:100A2C0000000000000000000000000000000000BA
:100A3C0000000000000000000000000000000000AA
:100A4C00000000000000000000000000000000009A
:100A5C00000000000000000000000000000000008A
:100A6C00000000000000000000000000000000007A
:100A7C00000000000000000000000000000000006A
:100A8C0000000000000000200024F40050010100D0
:100A9C00010A00005457511005250000FFFFFFFF0D
:100AAC000000000000000000000000008C000000AE
:100ABC000000030000000000000000000000000027
:100ACC001000000001000000AAAAAAAA1001002030
:100ADC0000000000143401207C340120E434012097
:100AEC0000000000000000000000000000000000FA
:100AFC0000000000000000000000000000000000EA
:100B0C0000000000000000000000000000000000D9
:0C0B1C00000000000000000000000000CD
:100B280000000000000000000000000000000000BD
:100B380000000000000000000000000000000000AD
:100B4800000000000000000000000000000000009D
:100B5800000000000000000000000000000000008D
:100B6800000000000000000000000000000000007D
:100B7800000000000000000000000000000000006D
:100B8800000000000000000000000000000000005D
:100B9800000000000000000000000000000000004D
:100BA800000000000000000000000000000000003D
:100BB800000000000000000000000000000000002D
:100BC800000000000000000000000000000000001D
:100BD800000000000000000000000000000000000D
:100BE80000000000000000000000000000000000FD
:100BF80000000000000000000000000000000000ED
:100C080000000000000000000000000000000000DC
:100C180000000000000000000000000000000000CC
:100C280000000000000000000000000000000000BC
:100C380000000000000000000000000000000000AC
:100C4800000000000000000000000000000000009C
:100C5800000000000000000000000000000000008C
:100C6800000000000000000000000000000000007C
:100C7800000000000000000000000000000000006C
:100C8800000000000000000000000000000000005C
:100C9800000000000000000000000000000000004C
:100CA800000000000000000000000000000000003C
:100CB800000000000000000000000000000000002C
:100CC800000000000000000000000000000000001C
:100CD800000000000000000000000000000000000C
:100CE80000000000000000000000000000000000FC
:100CF80000000000000000000000000000000000EC
:100D080000000000000000000000000000000000DB
:100D180000000000000000000000000000000000CB
:100D280000000000000000000000000000000000BB
:100D380000000000000000000000000000000000AB
:100D4800000000000000000000000000000000009B
:100D5800000000000000000000000000000000008B
:100D6800000000000000000000000000000000007B
:100D7800000000000000000000000000000000006B
:100D8800000000000000000000000000000000005B
:100D9800000000000000000000000000000000004B
:100DA800000000000000000000000000000000003B
:100DB800000000000000000000000000000000002B
:100DC800000000000000000000000000000000001B
:100DD800000000000000000000000000000000000B
:100DE80000000000000000000000000000000000FB
:100DF80000000000000000000000000000000000EB
:100E080000000000000000000000000000000000DA
:100E180000000000000000000000000000000000CA
:100E280000000000000000000000000000000000BA
:100E380000000000000000000000000000000000AA
:100E4800000000000000000000000000000000009A
:100E5800000000000000000000000000000000008A
:100E6800000000000000000000000000000000007A
:100E7800000000000000000000000000000000006A
:100E8800000000000000000000000000000000005A
:100E9800000000000000000000000000000000004A
:100EA800000000000000000000000000000000003A
:100EB800000000000000000000000000000000002A
:100EC800000000000000000000000000000000001A
:100ED800000000000000000000000000000000000A
:100EE80000000000000000000000000000000000FA
:100EF80000000000000000000000000000000000EA
:100F080000000000000000000000000000000000D9
:100F180000000000000000000000000000000000C9
:100F280000000000000000000000000000000000B9
:100F380000000000000000000000000000000000A9
:100F48000000000000000000000000000000000099
:100F58000000000000000000000000000000000089
:100F68000000000000000000000000000000000079
:100F78000000000000000000000000000000000069
:100F88000000000000000000000000000000000059
:100F98000000000000000000000000000000000049
:100FA8000000000000000000000000000000000039
:100FB8000000000000000000000000000000000029
:100FC8000000000000000000000000000000000019
:100FD8000000000000000000000000000000000009
:100FE80000000000000000000000000000000000F9
:100FF80000000000000000000000000000000000E9
:1010080000000000000000000000000000000000D8
:1010180000000000000000000000000000000000C8
:1010280000000000000000000000000000000000B8
:1010380000000000000000000000000000000000A8
:101048000000000000000000000000000000000098
:101058000000000000000000000000000000000088
:101068000000000000000000000000000000000078
:101078000000000000000000000000000000000068
:101088000000000000000000000000000000000058
:101098000000000000000000000000000000000048
:1010A8000000000000000000000000000000000038
:1010B8000000000000000000000000000000000028
:1010C8000000000000000000000000000000000018
:1010D8000000000000000000000000000000000008
:1010E80000000000000000000000000000000000F8
:1010F80000000000000000000000000000000000E8
:1011080000000000000000000000000000000000D7
:1011180000000000000000000000000000000000C7
:1011280000000000000000000000000000000000B7
:1011380000000000000000000000000000000000A7
:101148000000000000000000000000000000000097
:101158000000000000000000000000000000000087
:101168000000000000000000000000000000000077
:101178000000000000000000000000000000000067
:101188000000000000000000000000000000000057
:101198000000000000000000000000000000000047
:1011A8000000000000000000000000000000000037
:1011B8000000000000000000000000000000000027
:1011C8000000000000000000000000000000000017
:1011D8000000000000000000000000000000000007
:1011E80000000000000000000000000000000000F7
:1011F80000000000000000000000000000000000E7
:1012080000000000000000000000000000000000D6
:1012180000000000000000000000000000000000C6
:1012280000000000000000000000000000000000B6
:1012380000000000000000000000000000000000A6
:101248000000000000000000000000000000000096
:101258000000000000000000000000000000000086
:101268000000000000000000000000000000000076
:101278000000000000000000000000000000000066
:101288000000000000000000000000000000000056
:101298000000000000000000000000000000000046
:1012A8000000000000000000000000000000000036
:1012B8000000000000000000000000000000000026
:1012C8000000000000000000000000000000000016
:1012D8000000000000000000000000000000000006
:1012E80000000000000000000000000000000000F6
:1012F80000000000000000000000000000000000E6
:1013080000000000000000000000000000000000D5
:1013180000000000000000000000000000000000C5
:1013280000000000000000000000000000000000B5
:1013380000000000000000000000000000000000A5
:101348000000000000000000000000000000000095
:101358000000000000000000000000000000000085
:101368000000000000000000000000000000000075
:101378000000000000000000000000000000000065
:101388000000000000000000000000000000000055
:101398000000000000000000000000000000000045
:1013A8000000000000000000000000000000000035
:1013B8000000000000000000000000000000000025
:1013C8000000000000000000000000000000000015
:1013D8000000000000000000000000000000000005
:1013E80000000000000000000000000000000000F5
:1013F80000000000000000000000000000000000E5
:1014080000000000000000000000000000000000D4
:1014180000000000000000000000000000000000C4
:1014280000000000000000000000000000000000B4
:1014380000000000000000000000000000000000A4
:101448000000000000000000000000000000000094
:101458000000000000000000000000000000000084
:101468000000000000000000000000000000000074
:101478000000000000000000000000000000000064
:101488000000000000000000000000000000000054
:101498000000000000000000000000000000000044
:1014A8000000000000000000000000000000000034
:1014B8000000000000000000000000000000000024
:1014C8000000000000000000000000000000000014
:1014D8000000000000000000000000000000000004
:1014E80000000000000000000000000000000000F4
:1014F80000000000000000000000000000000000E4
:1015080000000000000000000000000000000000D3
:1015180000000000000000000000000000000000C3
:1015280000000000000000000000000000000000B3
:1015380000000000000000000000000000000000A3
:101548000000000000000000000000000000000093
:101558000000000000000000000000000000000083
:101568000000000000000000000000000000000073
:101578000000000000000000000000000000000063
:101588000000000000000000000000000000000053
:101598000000000000000000000000000000000043
:1015A8000000000000000000000000000000000033
:1015B8000000000000000000000000000000000023
:1015C8000000000000000000000000000000000013
:1015D8000000000000000000000000000000000003
:1015E80000000000000000000000000000000000F3
:1015F80000000000000000000000000000000000E3
:1016080000000000000000000000000000000000D2
:1016180000000000000000000000000000000000C2
:1016280000000000000000000000000000000000B2
:1016380000000000000000000000000000000000A2
:101648000000000000000000000000000000000092
:101658000000000000000000000000000000000082
:101668000000000000000000000000000000000072
:101678000000000000000000000000000000000062
:101688000000000000000000000000000000000052
:101698000000000000000000000000000000000042
:1016A8000000000000000000000000000000000032
:1016B8000000000000000000000000000000000022
:1016C8000000000000000000000000000000000012
:1016D8000000000000000000000000000000000002
:1016E80000000000000000000000000000000000F2
:1016F80000000000000000000000000000000000E2
:1017080000000000000000000000000000000000D1
:1017180000000000000000000000000000000000C1
:1017280000000000000000000000000000000000B1
:1017380000000000000000000000000000000000A1
:101748000000000000000000000000000000000091
:101758000000000000000000000000000000000081
:101768000000000000000000000000000000000071
:101778000000000000000000000000000000000061
:101788000000000000000000000000000000000051
:101798000000000000000000000000000000000041
:1017A8000000000000000000000000000000000031
:1017B8000000000000000000000000000000000021
:1017C8000000000000000000000000000000000011
:1017D8000000000000000000000000000000000001
:1017E80000000000000000000000000000000000F1
:1017F80000000000000000000000000000000000E1
:1018080000000000000000000000000000000000D0
:1018180000000000000000000000000000000000C0
:1018280000000000000000000000000000000000B0
:1018380000000000000000000000000000000000A0
:101848000000000000000000000000000000000090
:101858000000000000000000000000000000000080
:101868000000000000000000000000000000000070
:101878000000000000000000000000000000000060
:101888000000000000000000000000000000000050
:101898000000000000000000000000000000000040
:1018A8000000000000000000000000000000000030
:1018B8000000000000000000000000000000000020
:1018C8000000000000000000000000000000000010
:1018D8000000000000000000000000000000000000
:1018E80000000000000000000000000000000000F0
:1018F80000000000000000000000000000000000E0
:1019080000000000000000000000000000000000CF
:1019180000000000000000000000000000000000BF
:1019280000000000000000000000000000000000AF
:10193800000000000000000000000000000000009F
:10194800000000000000000000000000000000008F
:10195800000000000000000000000000000000007F
:10196800000000000000000000000000000000006F
:10197800000000000000000000000000000000005F
:10198800000000000000000000000000000000004F
:10199800000000000000000000000000000000003F
:1019A800000000000000000000000000000000002F
:1019B800000000000000000000000000000000001F
:1019C800000000000000000000000000000000000F
:1019D80000000000000000000000000000000000FF
:1019E80000000000000000000000000000000000EF
:1019F80000000000000000000000000000000000DF
:101A080000000000000000000000000000000000CE
:101A180000000000000000000000000000000000BE
:101A280000000000000000000000000000000000AE
:101A3800000000000000000000000000000000009E
:101A4800000000000000000000000000000000008E
:101A5800000000000000000000000000000000007E
:101A6800000000000000000000000000000000006E
:101A7800000000000000000000000000000000005E
:101A8800000000000000000000000000000000004E
:101A9800000000000000000000000000000000003E
:101AA800000000000000000000000000000000002E
:101AB800000000000000000000000000000000001E
:101AC800000000000000000000000000000000000E
:101AD80000000000000000000000000000000000FE
:101AE80000000000000000000000000000000000EE
:101AF80000000000000000000000000000000000DE
:101B080000000000000000000000000000000000CD
:101B180000000000000000000000000000000000BD
:101B280000000000000000000000000000000000AD
:101B3800000000000000000000000000000000009D
:101B4800000000000000000000000000000000008D
:101B5800000000000000000000000000000000007D
:101B6800000000000000000000000000000000006D
:101B7800000000000000000000000000000000005D
:101B8800000000000000000000000000000000004D
:101B9800000000000000000000000000000000003D
:101BA800000000000000000000000000000000002D
:101BB800000000000000000000000000000000001D
:101BC800000000000000000000000000000000000D
:101BD80000000000000000000000000000000000FD
:101BE80000000000000000000000000000000000ED
:101BF80000000000000000000000000000000000DD
:101C080000000000000000000000000000000000CC
:101C180000000000000000000000000000000000BC
:101C280000000000000000000000000000000000AC
:101C3800000000000000000000000000000000009C
:101C4800000000000000000000000000000000008C
:101C5800000000000000000000000000000000007C
:101C6800000000000000000000000000000000006C
:101C7800000000000000000000000000000000005C
:101C8800000000000000000000000000000000004C
:101C9800000000000000000000000000000000003C
:101CA800000000000000000000000000000000002C
:101CB800000000000000000000000000000000001C
:101CC800000000000000000000000000000000000C
:101CD80000000000000000000000000000000000FC
:101CE80000000000000000000000000000000000EC
:101CF80000000000000000000000000000000000DC
:101D080000000000000000000000000000000000CB
:101D180000000000000000000000000000000000BB
:101D280000000000000000000000000000000000AB
:101D3800000000000000000000000000000000009B
:101D4800000000000000000000000000000000008B
:101D5800000000000000000000000000000000007B
:101D6800000000000000000000000000000000006B
:101D7800000000000000000000000000000000005B
:101D8800000000000000000000000000000000004B
:101D9800000000000000000000000000000000003B
:101DA800000000000000000000000000000000002B
:101DB800000000000000000000000000000000001B
:101DC800000000000000000000000000000000000B
:101DD80000000000000000000000000000000000FB
:101DE80000000000000000000000000000000000EB
:101DF80000000000000000000000000000000000DB
:101E080000000000000000000000000000000000CA
:101E180000000000000000000000000000000000BA
:101E280000000000000000000000000000000000AA
:101E3800000000000000000000000000000000009A
:101E4800000000000000000000000000000000008A
:101E5800000000000000000000000000000000007A
:101E6800000000000000000000000000000000006A
:101E7800000000000000000000000000000000005A
:101E8800000000000000000000000000000000004A
:101E9800000000000000000000000000000000003A
:101EA800000000000000000000000000000000002A
:101EB800000000000000000000000000000000001A
:101EC800000000000000000000000000000000000A
:101ED80000000000000000000000000000000000FA
:101EE80000000000000000000000000000000000EA
:101EF80000000000000000000000000000000000DA
:101F080000000000000000000000000000000000C9
:101F180000000000000000000000000000000000B9
:101F280000000000000000000000000000000000A9
:101F38000000000000000000000000000000000099
:101F48000000000000000000000000000000000089
:101F58000000000000000000000000000000000079
:101F68000000000000000000000000000000000069
:101F78000000000000000000000000000000000059
:101F88000000000000000000000000000000000049
:101F98000000000000000000000000000000000039
:101FA8000000000000000000000000000000000029
:101FB8000000000000000000000000000000000019
:101FC8000000000000000000000000000000000009
:101FD80000000000000000000000000000000000F9
:101FE80000000000000000000000000000000000E9
:101FF80000000000000000000000000000000000D9
:1020080000000000000000000000000000000000C8
:1020180000000000000000000000000000000000B8
:1020280000000000000000000000000000000000A8
:102038000000000000000000000000000000000098
:102048000000000000000000000000000000000088
:102058000000000000000000000000000000000078
:102068000000000000000000000000000000000068
:102078000000000000000000000000000000000058
:102088000000000000000000000000000000000048
:102098000000000000000000000000000000000038
:1020A8000000000000000000000000000000000028
:1020B8000000000000000000000000000000000018
:1020C8000000000000000000000000000000000008
:1020D80000000000000000000000000000000000F8
:1020E80000000000000000000000000000000000E8
:1020F80000000000000000000000000000000000D8
:1021080000000000000000000000000000000000C7
:1021180000000000000000000000000000000000B7
:1021280000000000000000000000000000000000A7
:102138000000000000000000000000000000000097
:102148000000000000000000000000000000000087
:102158000000000000000000000000000000000077
:102168000000000000000000000000000000000067
:102178000000000000000000000000000000000057
:102188000000000000000000000000000000000047
:102198000000000000000000000000000000000037
:1021A8000000000000000000000000000000000027
:1021B8000000000000000000000000000000000017
:1021C8000000000000000000000000000000000007
:1021D80000000000000000000000000000000000F7
:1021E80000000000000000000000000000000000E7
:1021F80000000000000000000000000000000000D7
:1022080000000000000000000000000000000000C6
:1022180000000000000000000000000000000000B6
:1022280000000000000000000000000000000000A6
:102238000000000000000000000000000000000096
:102248000000000000000000000000000000000086
:102258000000000000000000000000000000000076
:102268000000000000000000000000000000000066
:102278000000000000000000000000000000000056
:102288000000000000000000000000000000000046
:102298000000000000000000000000000000000036
:1022A8000000000000000000000000000000000026
:1022B8000000000000000000000000000000000016
:1022C8000000000000000000000000000000000006
:1022D80000000000000000000000000000000000F6
:1022E80000000000000000000000000000000000E6
:040000050800655139
:00000001FF
