2025-03-21 07:32:39,904 [INFO] Activator:176 - 


2025-03-21 07:32:39,910 [INFO] Activator:177 - !SESSION log4j initialized
2025-03-21 07:32:48,466 [INFO] LogOutputStream:77 - [STDOUT_REDIRECT] 
2025-03-21 07:32:52,070 [INFO] ApplicationProperties:184 - Using Application install path: C:\ST\STM32CubeIDE_1.7.0\STM32CubeIDE\plugins\com.st.stm32cube.common.mx_6.14.0.202502271554
2025-03-21 07:32:52,100 [INFO] DbMcusXml:78 - Set database path to: C:\ST\STM32CubeIDE_1.7.0\STM32CubeIDE\plugins\com.st.stm32cube.common.mx_6.14.0.202502271554\\db\/mcu/
2025-03-21 07:32:52,100 [INFO] ApiDb:274 - Set plugin database path to: C:\ST\STM32CubeIDE_1.7.0\STM32CubeIDE\plugins\com.st.stm32cube.common.mx_6.14.0.202502271554\\db\/plugins/boardmanager/
2025-03-21 07:32:52,101 [WARN] ApiDb:259 - Overriding images path with different value:  => C:\ST\STM32CubeIDE_1.7.0\STM32CubeIDE\plugins\com.st.stm32cube.common.mx_6.14.0.202502271554\\db\/plugins/mcufinder/images/
2025-03-21 07:32:52,117 [INFO] ApiDb:250 - Set database path to: C:\Users\catsa\.stmcufinder\plugins\mcufinder//mcu/
2025-03-21 07:32:52,118 [INFO] DbMcusAds:125 - Set database path to: C:\Users\catsa\.stmcufinder\plugins\mcufinder//mcu/
2025-03-21 07:32:52,122 [INFO] CrossReferenceDbSqlite:203 - Set database path to: C:\Users\catsa\.stmcufinder\plugins\mcufinder//mcu/cs/
2025-03-21 07:32:52,265 [INFO] RulesReader:64 - Compatibility file has been processed (301 Rules)
2025-03-21 07:32:52,388 [INFO] DbMcusXml:78 - Set database path to: C:\ST\STM32CubeIDE_1.7.0\STM32CubeIDE\plugins\com.st.stm32cube.common.mx_6.14.0.202502271554\\db\/mcu/
2025-03-21 07:32:52,388 [INFO] ApiDb:274 - Set plugin database path to: C:\ST\STM32CubeIDE_1.7.0\STM32CubeIDE\plugins\com.st.stm32cube.common.mx_6.14.0.202502271554\\db\/plugins/boardmanager/
2025-03-21 07:32:52,388 [INFO] ApiDb:261 - Set plugin images path to: C:\ST\STM32CubeIDE_1.7.0\STM32CubeIDE\plugins\com.st.stm32cube.common.mx_6.14.0.202502271554\\db\/plugins/mcufinder/images/
2025-03-21 07:32:52,388 [WARN] DbFile:41 - Overriding database path with different value: C:\Users\catsa\.stmcufinder\plugins\mcufinder/ => C:\Users\catsa\.stmcufinder\plugins\mcufinder
2025-03-21 07:32:52,388 [INFO] ApiDb:250 - Set database path to: C:\Users\catsa\.stmcufinder\plugins\mcufinder//mcu/
2025-03-21 07:32:52,388 [WARN] DbFile:41 - Overriding database path with different value: C:\Users\catsa\.stmcufinder\plugins\mcufinder/ => C:\Users\catsa\.stmcufinder\plugins\mcufinder
2025-03-21 07:32:52,389 [INFO] DbMcusAds:125 - Set database path to: C:\Users\catsa\.stmcufinder\plugins\mcufinder//mcu/
2025-03-21 07:32:52,389 [WARN] DbFile:41 - Overriding database path with different value: C:\Users\catsa\.stmcufinder\plugins\mcufinder/ => C:\Users\catsa\.stmcufinder\plugins\mcufinder
2025-03-21 07:32:52,389 [WARN] DbFile:41 - Overriding database path with different value: C:\Users\catsa\.stmcufinder\plugins\mcufinder/ => C:\Users\catsa\.stmcufinder\plugins\mcufinder
2025-03-21 07:32:52,389 [INFO] CrossReferenceDbSqlite:203 - Set database path to: C:\Users\catsa\.stmcufinder\plugins\mcufinder//mcu/cs/
2025-03-21 07:32:52,528 [INFO] MainPanel:272 - HeapMemory: 268435456
2025-03-21 07:32:52,719 [INFO] DbMcusXml:78 - Set database path to: C:\ST\STM32CubeIDE_1.7.0\STM32CubeIDE\plugins\com.st.stm32cube.common.mx_6.14.0.202502271554\\db\/mcu/
2025-03-21 07:32:52,720 [INFO] ApiDb:274 - Set plugin database path to: C:\ST\STM32CubeIDE_1.7.0\STM32CubeIDE\plugins\com.st.stm32cube.common.mx_6.14.0.202502271554\\db\/plugins/boardmanager/
2025-03-21 07:32:52,720 [INFO] ApiDb:261 - Set plugin images path to: C:\ST\STM32CubeIDE_1.7.0\STM32CubeIDE\plugins\com.st.stm32cube.common.mx_6.14.0.202502271554\\db\/plugins/mcufinder/images/
2025-03-21 07:32:52,720 [WARN] DbFile:41 - Overriding database path with different value: C:\Users\catsa\.stmcufinder\plugins\mcufinder/ => C:\Users\catsa\.stmcufinder\plugins\mcufinder
2025-03-21 07:32:52,720 [INFO] ApiDb:250 - Set database path to: C:\Users\catsa\.stmcufinder\plugins\mcufinder//mcu/
2025-03-21 07:32:52,720 [WARN] DbFile:41 - Overriding database path with different value: C:\Users\catsa\.stmcufinder\plugins\mcufinder/ => C:\Users\catsa\.stmcufinder\plugins\mcufinder
2025-03-21 07:32:52,721 [INFO] DbMcusAds:125 - Set database path to: C:\Users\catsa\.stmcufinder\plugins\mcufinder//mcu/
2025-03-21 07:32:52,721 [WARN] DbFile:41 - Overriding database path with different value: C:\Users\catsa\.stmcufinder\plugins\mcufinder/ => C:\Users\catsa\.stmcufinder\plugins\mcufinder
2025-03-21 07:32:52,721 [WARN] DbFile:41 - Overriding database path with different value: C:\Users\catsa\.stmcufinder\plugins\mcufinder/ => C:\Users\catsa\.stmcufinder\plugins\mcufinder
2025-03-21 07:32:52,721 [INFO] CrossReferenceDbSqlite:203 - Set database path to: C:\Users\catsa\.stmcufinder\plugins\mcufinder//mcu/cs/
2025-03-21 07:32:52,753 [INFO] ApplicationProperties:184 - Using Application install path: C:\ST\STM32CubeIDE_1.7.0\STM32CubeIDE\plugins\com.st.stm32cube.common.mx_6.14.0.202502271554
2025-03-21 07:32:52,754 [INFO] PluginManage:196 - Search for loadable plugins [exclusion list=, ]
2025-03-21 07:32:52,756 [INFO] PluginManage:310 - Check plugin analytics
2025-03-21 07:32:53,000 [INFO] AnalyticsPlugin:253 - Accepted Software Licenses: STM32CubeMX.6.3.0
2025-03-21 07:32:53,001 [INFO] AnalyticsPlugin:255 - Accepted CMSIS Pack Licenses: 
2025-03-21 07:32:53,001 [INFO] AnalyticsPlugin:257 - Accepted Firmware Licenses: FW.L4.1.18.0
2025-03-21 07:32:53,004 [INFO] PluginManage:359 - Loaded plugin analytics (category:tool,tabindex:-1)
2025-03-21 07:32:53,005 [INFO] PluginManage:310 - Check plugin cadmodel
2025-03-21 07:32:53,067 [INFO] CADModel:105 - Init CAD model plugin
2025-03-21 07:32:53,068 [INFO] PluginManage:359 - Loaded plugin cadmodel (category:power,tabindex:5)
2025-03-21 07:32:53,068 [INFO] PluginManage:310 - Check plugin clock
2025-03-21 07:32:53,102 [INFO] PluginManage:359 - Loaded plugin clock (category:base,tabindex:2)
2025-03-21 07:32:53,103 [INFO] PluginManage:310 - Check plugin ddr
2025-03-21 07:32:53,107 [INFO] PluginManage:359 - Loaded plugin ddr (category:tool,tabindex:6)
2025-03-21 07:32:53,107 [INFO] PluginManage:310 - Check plugin filemanager
2025-03-21 07:32:53,414 [INFO] PluginManage:359 - Loaded plugin filemanager (category:base,tabindex:10)
2025-03-21 07:32:53,415 [INFO] PluginManage:310 - Check plugin ipmanager
2025-03-21 07:32:53,426 [INFO] PluginManage:359 - Loaded plugin ipmanager (category:base,tabindex:5)
2025-03-21 07:32:53,427 [INFO] PluginManage:310 - Check plugin lpbam
2025-03-21 07:32:53,447 [INFO] PluginManage:359 - Loaded plugin lpbam (category:base,tabindex:0)
2025-03-21 07:32:53,447 [INFO] PluginManage:310 - Check plugin memorymap
2025-03-21 07:32:53,484 [INFO] PluginManage:359 - Loaded plugin memorymap (category:base,tabindex:4)
2025-03-21 07:32:53,484 [INFO] PluginManage:310 - Check plugin pinoutandconfiguration
2025-03-21 07:32:53,514 [INFO] PluginManage:359 - Loaded plugin pinoutandconfiguration (category:base,tabindex:1)
2025-03-21 07:32:53,514 [INFO] PluginManage:310 - Check plugin pinoutconfig
2025-03-21 07:32:53,686 [WARN] SupportedApi:132 - Cannot load RTOS API schema: s4s-elt-must-match.1: The content of 'definitions' must match (annotation?, (simpleType | complexType)?, (unique | key | keyref)*)). A problem was found starting at: attribute.
2025-03-21 07:32:53,903 [INFO] PluginManage:359 - Loaded plugin pinoutconfig (category:base,tabindex:0)
2025-03-21 07:32:53,904 [INFO] PluginManage:310 - Check plugin power
2025-03-21 07:32:53,957 [INFO] PluginManage:359 - Loaded plugin power (category:power,tabindex:4)
2025-03-21 07:32:53,958 [INFO] PluginManage:310 - Check plugin projectmanager
2025-03-21 07:32:54,047 [INFO] PluginManage:359 - Loaded plugin projectmanager (category:projectmanager,tabindex:4)
2025-03-21 07:32:54,048 [INFO] PluginManage:310 - Check plugin rif
2025-03-21 07:32:54,074 [INFO] PluginManage:359 - Loaded plugin rif (category:base,tabindex:3)
2025-03-21 07:32:54,074 [INFO] PluginManage:310 - Check plugin thirdparty
2025-03-21 07:32:54,361 [INFO] PluginManage:359 - Loaded plugin thirdparty (category:base,tabindex:-1)
2025-03-21 07:32:54,362 [INFO] PluginManage:310 - Check plugin tools
2025-03-21 07:32:54,362 [WARN] IntegrityCheckThread:84 - waiting for thirdparty lock release [integrity check]
2025-03-21 07:32:54,363 [INFO] IntegrityCheckThread:86 - entering critical section [integrity check]
2025-03-21 07:32:54,363 [INFO] ThirdPartyUpdaterWithRetryManager:70 - Updater plugin not ready yet. [1/15]
2025-03-21 07:32:54,372 [INFO] PluginManage:359 - Loaded plugin tools (category:base,tabindex:7)
2025-03-21 07:32:54,372 [INFO] PluginManage:310 - Check plugin tutovideos
2025-03-21 07:32:54,628 [INFO] PluginManage:359 - Loaded plugin tutovideos (category:base,tabindex:-1)
2025-03-21 07:32:54,628 [INFO] PluginManage:310 - Check plugin updater
2025-03-21 07:32:54,656 [INFO] PluginManage:359 - Loaded plugin updater (category:base,tabindex:12)
2025-03-21 07:32:54,657 [INFO] PluginManage:310 - Check plugin userauth
2025-03-21 07:32:54,662 [INFO] UserAuth:118 - Init User Auth plugin
2025-03-21 07:32:54,663 [INFO] PluginManage:359 - Loaded plugin userauth (category:base,tabindex:14)
2025-03-21 07:32:54,664 [INFO] PluginManage:283 - PluginManage : Loaded plugins [18]
2025-03-21 07:32:54,951 [INFO] PinOutPanel:1589 - setPackage(No Configuration,No Configuration)
2025-03-21 07:32:55,088 [INFO] CADModel:165 - CPN selected for project level
2025-03-21 07:32:55,088 [INFO] CADModel:114 - Register for checkConnection events
2025-03-21 07:32:55,117 [INFO] IPUIPlugin:80 - create IPUIPlugin
2025-03-21 07:32:55,117 [INFO] PluginManager:220 - loadIPPluginJar : add adc
2025-03-21 07:32:55,126 [INFO] IPUIPlugin:80 - create IPUIPlugin
2025-03-21 07:32:55,126 [INFO] PluginManager:220 - loadIPPluginJar : add aes
2025-03-21 07:32:55,137 [INFO] IPUIPlugin:80 - create IPUIPlugin
2025-03-21 07:32:55,137 [INFO] PluginManager:220 - loadIPPluginJar : add can
2025-03-21 07:32:55,142 [INFO] IPUIPlugin:80 - create IPUIPlugin
2025-03-21 07:32:55,142 [INFO] PluginManager:220 - loadIPPluginJar : add comp
2025-03-21 07:32:55,151 [INFO] IPUIPlugin:80 - create IPUIPlugin
2025-03-21 07:32:55,152 [INFO] PluginManager:220 - loadIPPluginJar : add cryp
2025-03-21 07:32:55,165 [INFO] IPUIPlugin:80 - create IPUIPlugin
2025-03-21 07:32:55,165 [INFO] PluginManager:220 - loadIPPluginJar : add ddr_ctrl_phy
2025-03-21 07:32:55,172 [INFO] IPUIPlugin:80 - create IPUIPlugin
2025-03-21 07:32:55,172 [INFO] PluginManager:220 - loadIPPluginJar : add dfsdm
2025-03-21 07:32:55,185 [INFO] IPUIPlugin:80 - create IPUIPlugin
2025-03-21 07:32:55,186 [INFO] PluginManager:220 - loadIPPluginJar : add dma
2025-03-21 07:32:55,192 [INFO] IPUIPlugin:80 - create IPUIPlugin
2025-03-21 07:32:55,192 [INFO] PluginManager:220 - loadIPPluginJar : add dma3
2025-03-21 07:32:55,203 [INFO] IPUIPlugin:80 - create IPUIPlugin
2025-03-21 07:32:55,203 [INFO] PluginManager:220 - loadIPPluginJar : add extmemmanager
2025-03-21 07:32:55,207 [INFO] IPUIPlugin:80 - create IPUIPlugin
2025-03-21 07:32:55,207 [INFO] PluginManager:220 - loadIPPluginJar : add fatfs
2025-03-21 07:32:55,219 [INFO] IPUIPlugin:80 - create IPUIPlugin
2025-03-21 07:32:55,219 [INFO] PluginManager:220 - loadIPPluginJar : add fmc
2025-03-21 07:32:55,237 [INFO] IPUIPlugin:80 - create IPUIPlugin
2025-03-21 07:32:55,237 [INFO] PluginManager:220 - loadIPPluginJar : add freertos
2025-03-21 07:32:55,241 [INFO] IPUIPlugin:80 - create IPUIPlugin
2025-03-21 07:32:55,241 [INFO] PluginManager:220 - loadIPPluginJar : add genericplugin
2025-03-21 07:32:55,249 [INFO] IPUIPlugin:80 - create IPUIPlugin
2025-03-21 07:32:55,249 [INFO] PluginManager:220 - loadIPPluginJar : add gfxmmu
2025-03-21 07:32:55,259 [INFO] IPUIPlugin:80 - create IPUIPlugin
2025-03-21 07:32:55,259 [INFO] PluginManager:220 - loadIPPluginJar : add gic
2025-03-21 07:32:55,274 [INFO] IPUIPlugin:80 - create IPUIPlugin
2025-03-21 07:32:55,274 [INFO] PluginManager:220 - loadIPPluginJar : add gpio
2025-03-21 07:32:55,285 [INFO] IPUIPlugin:80 - create IPUIPlugin
2025-03-21 07:32:55,285 [INFO] PluginManager:220 - loadIPPluginJar : add gtzc
2025-03-21 07:32:55,292 [INFO] IPUIPlugin:80 - create IPUIPlugin
2025-03-21 07:32:55,292 [INFO] PluginManager:220 - loadIPPluginJar : add hash
2025-03-21 07:32:55,303 [INFO] IPUIPlugin:80 - create IPUIPlugin
2025-03-21 07:32:55,303 [INFO] PluginManager:220 - loadIPPluginJar : add i2c
2025-03-21 07:32:55,314 [INFO] IPUIPlugin:80 - create IPUIPlugin
2025-03-21 07:32:55,314 [INFO] PluginManager:220 - loadIPPluginJar : add i2s
2025-03-21 07:32:55,324 [INFO] IPUIPlugin:80 - create IPUIPlugin
2025-03-21 07:32:55,325 [INFO] PluginManager:220 - loadIPPluginJar : add i3c
2025-03-21 07:32:55,339 [INFO] IPUIPlugin:80 - create IPUIPlugin
2025-03-21 07:32:55,339 [INFO] PluginManager:220 - loadIPPluginJar : add ipddr
2025-03-21 07:32:55,352 [INFO] IPUIPlugin:80 - create IPUIPlugin
2025-03-21 07:32:55,352 [INFO] PluginManager:220 - loadIPPluginJar : add linkedlist
2025-03-21 07:32:55,359 [INFO] IPUIPlugin:80 - create IPUIPlugin
2025-03-21 07:32:55,360 [INFO] PluginManager:220 - loadIPPluginJar : add lorawan
2025-03-21 07:32:55,368 [INFO] IPUIPlugin:80 - create IPUIPlugin
2025-03-21 07:32:55,368 [INFO] PluginManager:220 - loadIPPluginJar : add ltdc
2025-03-21 07:32:55,381 [INFO] IPUIPlugin:80 - create IPUIPlugin
2025-03-21 07:32:55,381 [INFO] PluginManager:220 - loadIPPluginJar : add mdma
2025-03-21 07:32:55,393 [INFO] IPUIPlugin:80 - create IPUIPlugin
2025-03-21 07:32:55,393 [INFO] PluginManager:220 - loadIPPluginJar : add nvic
2025-03-21 07:32:55,403 [INFO] IPUIPlugin:80 - create IPUIPlugin
2025-03-21 07:32:55,403 [INFO] PluginManager:220 - loadIPPluginJar : add opamp
2025-03-21 07:32:55,416 [INFO] IPUIPlugin:80 - create IPUIPlugin
2025-03-21 07:32:55,416 [INFO] PluginManager:220 - loadIPPluginJar : add openamp
2025-03-21 07:32:55,427 [INFO] IPUIPlugin:80 - create IPUIPlugin
2025-03-21 07:32:55,427 [INFO] PluginManager:220 - loadIPPluginJar : add pdm2pcm
2025-03-21 07:32:55,443 [INFO] IPUIPlugin:80 - create IPUIPlugin
2025-03-21 07:32:55,447 [INFO] PluginManager:220 - loadIPPluginJar : add plateformsettings
2025-03-21 07:32:55,452 [INFO] IPUIPlugin:80 - create IPUIPlugin
2025-03-21 07:32:55,452 [INFO] PluginManager:220 - loadIPPluginJar : add quadspi
2025-03-21 07:32:55,458 [INFO] IPUIPlugin:80 - create IPUIPlugin
2025-03-21 07:32:55,459 [INFO] PluginManager:220 - loadIPPluginJar : add radio
2025-03-21 07:32:55,473 [INFO] IPUIPlugin:80 - create IPUIPlugin
2025-03-21 07:32:55,473 [INFO] PluginManager:220 - loadIPPluginJar : add resmgrutility
2025-03-21 07:32:55,486 [INFO] IPUIPlugin:80 - create IPUIPlugin
2025-03-21 07:32:55,486 [INFO] PluginManager:220 - loadIPPluginJar : add sai
2025-03-21 07:32:55,495 [INFO] IPUIPlugin:80 - create IPUIPlugin
2025-03-21 07:32:55,496 [INFO] PluginManager:220 - loadIPPluginJar : add spi
2025-03-21 07:32:55,518 [INFO] IPUIPlugin:80 - create IPUIPlugin
2025-03-21 07:32:55,518 [INFO] PluginManager:220 - loadIPPluginJar : add stm32_wpan
2025-03-21 07:32:55,524 [INFO] IPUIPlugin:80 - create IPUIPlugin
2025-03-21 07:32:55,524 [INFO] PluginManager:220 - loadIPPluginJar : add tim
2025-03-21 07:32:55,537 [INFO] IPUIPlugin:80 - create IPUIPlugin
2025-03-21 07:32:55,537 [INFO] PluginManager:220 - loadIPPluginJar : add touchsensing
2025-03-21 07:32:55,544 [INFO] IPUIPlugin:80 - create IPUIPlugin
2025-03-21 07:32:55,544 [INFO] PluginManager:220 - loadIPPluginJar : add tracer_emb
2025-03-21 07:32:55,550 [INFO] IPUIPlugin:80 - create IPUIPlugin
2025-03-21 07:32:55,551 [INFO] PluginManager:220 - loadIPPluginJar : add ts
2025-03-21 07:32:55,556 [INFO] IPUIPlugin:80 - create IPUIPlugin
2025-03-21 07:32:55,557 [INFO] PluginManager:220 - loadIPPluginJar : add tsc
2025-03-21 07:32:55,563 [INFO] IPUIPlugin:80 - create IPUIPlugin
2025-03-21 07:32:55,563 [INFO] PluginManager:220 - loadIPPluginJar : add ucpd
2025-03-21 07:32:55,572 [INFO] IPUIPlugin:80 - create IPUIPlugin
2025-03-21 07:32:55,572 [INFO] PluginManager:220 - loadIPPluginJar : add usart
2025-03-21 07:32:55,585 [INFO] IPUIPlugin:80 - create IPUIPlugin
2025-03-21 07:32:55,586 [INFO] PluginManager:220 - loadIPPluginJar : add usbx
2025-03-21 07:32:55,732 [FATAL] Updater:351 - Updater called before beeing initialized
2025-03-21 07:32:55,771 [INFO] RulesReader:64 - Compatibility file has been processed (301 Rules)
2025-03-21 07:32:55,786 [INFO] RulesReader:64 - Compatibility file has been processed (301 Rules)
2025-03-21 07:32:55,793 [INFO] CADModel:165 - CPN selected for project level
2025-03-21 07:32:55,793 [INFO] CADModel:114 - Register for checkConnection events
2025-03-21 07:32:55,794 [FATAL] Updater:351 - Updater called before beeing initialized
2025-03-21 07:32:55,794 [ERROR] CADModel:125 - Updater not yet initialized, retry later 
2025-03-21 07:32:56,014 [FATAL] Updater:351 - Updater called before beeing initialized
2025-03-21 07:32:56,017 [INFO] CADModel:165 - CPN selected for project level
2025-03-21 07:32:56,017 [INFO] CADModel:114 - Register for checkConnection events
2025-03-21 07:32:56,018 [FATAL] Updater:351 - Updater called before beeing initialized
2025-03-21 07:32:56,018 [ERROR] CADModel:125 - Updater not yet initialized, retry later 
2025-03-21 07:32:56,022 [FATAL] Updater:351 - Updater called before beeing initialized
2025-03-21 07:32:56,191 [FATAL] Updater:351 - Updater called before beeing initialized
2025-03-21 07:32:56,199 [INFO] DbMcusAds:53 - JSON generation date=Thu Sep 30 15:55:09 KST 2021 (1632984909247)
2025-03-21 07:32:56,199 [FATAL] Updater:351 - Updater called before beeing initialized
2025-03-21 07:32:56,255 [WARN] DetailPanel:346 - Failed to get advertising image, set to default
2025-03-21 07:32:56,572 [FATAL] Updater:351 - Updater called before beeing initialized
2025-03-21 07:32:56,574 [FATAL] Updater:351 - Updater called before beeing initialized
2025-03-21 07:32:56,574 [FATAL] Updater:351 - Updater called before beeing initialized
2025-03-21 07:32:56,574 [WARN] DetailPanel:346 - Failed to get advertising image, set to default
2025-03-21 07:32:56,574 [FATAL] Updater:351 - Updater called before beeing initialized
2025-03-21 07:32:56,628 [ERROR] Updater:1198 - MainUpdater not yet initialized. External WinMGr cannot be set.
2025-03-21 07:32:56,632 [INFO] Updater:1134 - Updater Version found : 6.14.0
2025-03-21 07:32:56,659 [INFO] ApplicationProperties:184 - Using Application install path: C:\ST\STM32CubeIDE_1.7.0\STM32CubeIDE\plugins\com.st.stm32cube.common.mx_6.14.0.202502271554
2025-03-21 07:32:57,242 [INFO] MainUpdater:2872 - connection check result : 10
2025-03-21 07:32:57,243 [INFO] MainUpdater:289 - Updater Check For Update Now.
2025-03-21 07:32:57,243 [INFO] MicroXplorer:498 - Change Database Version : DB.6.0.140
2025-03-21 07:32:57,252 [INFO] McuFinderGlobals:63 - Set McuFinder mode to 2 (CubeIDE integrated)
2025-03-21 07:32:57,253 [INFO] UserAuth:486 - Internet connection configuration mode: 1
2025-03-21 07:32:57,282 [INFO] JxBrowserEngine:152 - Initiate JxBrowser Engine with user profile folder
2025-03-21 07:32:57,364 [WARN] MainUpdater:1193 - Updater busy. Cannot search thirdparties
2025-03-21 07:32:57,364 [INFO] ThirdPartyUpdaterWithRetryManager:96 - Updater plugin is busy. [1/15]
2025-03-21 07:32:57,438 [INFO] CheckServerUpdateThread:120 - End of CheckServer Thread
2025-03-21 07:32:58,654 [INFO] WebApp:169 - Instantiating new browser for Auth
2025-03-21 07:32:59,869 [INFO] WebApp:463 - Apply proxy settings
2025-03-21 07:32:59,870 [INFO] WebApp:548 - Chromium requires no authentication
2025-03-21 07:32:59,882 [INFO] WebApp:491 - Direct internet connection detected
2025-03-21 07:32:59,924 [INFO] WebApp:894 - Register for checkConnection events
2025-03-21 07:32:59,924 [INFO] WebApp:463 - Apply proxy settings
2025-03-21 07:32:59,924 [INFO] WebApp:548 - Chromium requires no authentication
2025-03-21 07:32:59,926 [INFO] WebApp:491 - Direct internet connection detected
2025-03-21 07:33:00,217 [INFO] WebApp:225 - Starting web application
2025-03-21 07:33:00,218 [INFO] WebApp:593 - Web application path used C:\ST\STM32CubeIDE_1.7.0\STM32CubeIDE\plugins\com.st.stm32cube.common.mx_6.14.0.202502271554\db\plugins\mcufinder\reactClient1\index.html
2025-03-21 07:33:00,526 [INFO] WebApp:191 - Connection restablished
2025-03-21 07:33:01,221 [INFO] UserAuth:486 - Internet connection configuration mode: 1
2025-03-21 07:33:01,339 [WARN] PackLoader:240 - Cannot read IP mode file for STMicroelectronics.FP-SNS-MOTENVWB1.1.4.0
2025-03-21 07:33:01,351 [WARN] PackLoader:240 - Cannot read IP mode file for STMicroelectronics.FP-ATR-ASTRA1.2.0.2
2025-03-21 07:33:01,360 [WARN] PackLoader:240 - Cannot read IP mode file for STMicroelectronics.FP-ATR-ASTRA1.2.0.1
2025-03-21 07:33:01,373 [WARN] PackLoader:240 - Cannot read IP mode file for STMicroelectronics.X-CUBE-SMBUS.2.1.0
2025-03-21 07:33:01,390 [WARN] PackLoader:240 - Cannot read IP mode file for STMicroelectronics.X-CUBE-WB05N.1.1.0
2025-03-21 07:33:01,400 [WARN] PackLoader:240 - Cannot read IP mode file for STMicroelectronics.X-CUBE-TOUCHGFX.4.23.1
2025-03-21 07:33:01,408 [WARN] PackLoader:240 - Cannot read IP mode file for STMicroelectronics.X-CUBE-TOUCHGFX.4.23.0
2025-03-21 07:33:01,414 [WARN] PackLoader:240 - Cannot read IP mode file for STMicroelectronics.X-CUBE-TOUCHGFX.4.23.2
2025-03-21 07:33:01,458 [WARN] PackLoader:240 - Cannot read IP mode file for STMicroelectronics.X-CUBE-AZRTOS-F7.1.1.0
2025-03-21 07:33:01,471 [ERROR] RealEvaluatedCondition:428 - Found unsupported composite condition: GROUP='STM32_MetaDataManager' CLASS='Data Exchange'
2025-03-21 07:33:01,472 [ERROR] RealEvaluatedCondition:428 - Found unsupported composite condition: GROUP='STM32_MetaDataManager' CLASS='Data Exchange'
2025-03-21 07:33:01,473 [WARN] PackLoader:240 - Cannot read IP mode file for STMicroelectronics.FP-SNS-MOTENV1.4.3.0
2025-03-21 07:33:01,483 [WARN] PackLoader:240 - Cannot read IP mode file for STMicroelectronics.FP-SNS-MOTENV1.4.3.2
2025-03-21 07:33:01,492 [WARN] PackLoader:240 - Cannot read IP mode file for STMicroelectronics.FP-SNS-FLIGHT1.5.0.0
2025-03-21 07:33:01,502 [ERROR] RealEvaluatedCondition:428 - Found unsupported composite condition: CLASS='Data Exchange' GROUP='STM32_MetaDataManager'
2025-03-21 07:33:01,502 [ERROR] RealEvaluatedCondition:428 - Found unsupported composite condition: GROUP='STM32_MetaDataManager' CLASS='Data Exchange'
2025-03-21 07:33:01,504 [WARN] PackLoader:240 - Cannot read IP mode file for STMicroelectronics.FP-SNS-MOTENV1.4.3.1
2025-03-21 07:33:01,513 [WARN] PackLoader:240 - Cannot read IP mode file for STMicroelectronics.FP-SNS-FLIGHT1.5.0.1
2025-03-21 07:33:01,536 [WARN] PackLoader:240 - Cannot read IP mode file for STMicroelectronics.X-CUBE-BLE1.6.2.3
2025-03-21 07:33:01,687 [WARN] PackLoader:240 - Cannot read IP mode file for STMicroelectronics.X-CUBE-MEMS1.11.0.0
2025-03-21 07:33:01,897 [WARN] PackLoader:240 - Cannot read IP mode file for STMicroelectronics.X-CUBE-BLE1.6.2.4
2025-03-21 07:33:01,907 [WARN] PackLoader:240 - Cannot read IP mode file for STMicroelectronics.FP-SNS-FLIGHT1.5.0.2
2025-03-21 07:33:01,946 [WARN] PackLoader:240 - Cannot read IP mode file for STMicroelectronics.X-CUBE-DISPLAY.3.0.0
2025-03-21 07:33:01,969 [WARN] PackLoader:240 - Cannot read IP mode file for STMicroelectronics.X-CUBE-BLE1.7.0.0
2025-03-21 07:33:01,990 [WARN] PackLoader:240 - Cannot read IP mode file for STMicroelectronics.X-CUBE-NFC10.1.0.0
2025-03-21 07:33:02,006 [WARN] PackLoader:240 - Cannot read IP mode file for STMicroelectronics.X-CUBE-BLEMGR.4.0.0
2025-03-21 07:33:02,012 [WARN] PackLoader:240 - Cannot read IP mode file for STMicroelectronics.X-CUBE-TOUCHGFX.4.22.0
2025-03-21 07:33:02,017 [WARN] PackLoader:240 - Cannot read IP mode file for STMicroelectronics.X-CUBE-TOUCHGFX.4.22.1
2025-03-21 07:33:02,118 [WARN] PackLoader:240 - Cannot read IP mode file for STMicroelectronics.X-CUBE-MEMS1.9.3.0
2025-03-21 07:33:02,226 [WARN] PackLoader:240 - Cannot read IP mode file for STMicroelectronics.X-CUBE-BLEMGR.3.1.0
2025-03-21 07:33:02,239 [WARN] PackLoader:240 - Cannot read IP mode file for STMicroelectronics.X-CUBE-AI.10.0.0
2025-03-21 07:33:02,247 [WARN] PackLoader:240 - Cannot read IP mode file for STMicroelectronics.FP-SNS-SMARTAG2.1.2.0
2025-03-21 07:33:02,253 [WARN] PackLoader:240 - Cannot read IP mode file for STMicroelectronics.FP-SNS-FLIGHT1.5.1.0
2025-03-21 07:33:02,372 [WARN] PackLoader:240 - Cannot read IP mode file for STMicroelectronics.X-CUBE-MEMS1.11.1.0
2025-03-21 07:33:02,486 [INFO] LogOutputStream:77 - [STDOUT_REDIRECT] 1 : Invalid condition id : UX_CORESTACK_Condition cause : null
2025-03-21 07:33:02,486 [INFO] LogOutputStream:77 - [STDOUT_REDIRECT] 1 : Invalid condition id : UX_CORESTACK_Condition cause : null
2025-03-21 07:33:02,488 [INFO] LogOutputStream:77 - [STDOUT_REDIRECT] 1 : Invalid condition id : UX_CORESTACK_Condition cause : null
2025-03-21 07:33:02,489 [INFO] LogOutputStream:77 - [STDOUT_REDIRECT] 1 : Invalid condition id : UX_CORESTACK_Condition cause : null
2025-03-21 07:33:02,490 [INFO] LogOutputStream:77 - [STDOUT_REDIRECT] 1 : Invalid condition id : UX_CORESTACK_Condition cause : null
2025-03-21 07:33:02,493 [WARN] PackLoader:240 - Cannot read IP mode file for STMicroelectronics.X-CUBE-AZRTOS-WL.2.0.0
2025-03-21 07:33:02,500 [WARN] PackLoader:240 - Cannot read IP mode file for STMicroelectronics.FP-SNS-MOTENV1.5.0.0
2025-03-21 07:33:02,507 [WARN] PackLoader:240 - Cannot read IP mode file for wolfSSL.I-CUBE-wolfMQTT.1.19.0
2025-03-21 07:33:02,519 [WARN] PackLoader:240 - Cannot read IP mode file for WES.I-CUBE-Cesium.1.3.0
2025-03-21 07:33:02,530 [WARN] PackLoader:240 - Cannot read IP mode file for STMicroelectronics.X-CUBE-BLE2.3.3.0
2025-03-21 07:33:02,536 [WARN] PackLoader:240 - Cannot read IP mode file for STMicroelectronics.X-CUBE-DISPLAY.2.2.0
2025-03-21 07:33:02,549 [WARN] PackLoader:240 - Cannot read IP mode file for STMicroelectronics.X-CUBE-TOF1.3.2.0
2025-03-21 07:33:02,567 [WARN] PackLoader:240 - Cannot read IP mode file for STMicroelectronics.X-CUBE-NFC9.1.0.0
2025-03-21 07:33:02,592 [WARN] PackLoader:240 - Cannot read IP mode file for STMicroelectronics.X-CUBE-AZRTOS-H7.2.1.0
2025-03-21 07:33:02,606 [WARN] PackLoader:240 - Cannot read IP mode file for STMicroelectronics.X-CUBE-BLE1.7.1.0
2025-03-21 07:33:02,614 [WARN] PackLoader:240 - Cannot read IP mode file for STMicroelectronics.X-CUBE-TCPP.4.1.0
2025-03-21 07:33:02,619 [WARN] PackLoader:240 - Cannot read IP mode file for STMicroelectronics.X-CUBE-TOUCHGFX.4.21.1
2025-03-21 07:33:02,624 [WARN] PackLoader:240 - Cannot read IP mode file for STMicroelectronics.X-CUBE-TOUCHGFX.4.21.0
2025-03-21 07:33:02,630 [WARN] PackLoader:240 - Cannot read IP mode file for STMicroelectronics.X-CUBE-TOUCHGFX.4.21.3
2025-03-21 07:33:02,635 [WARN] PackLoader:240 - Cannot read IP mode file for STMicroelectronics.X-CUBE-TOUCHGFX.4.21.4
2025-03-21 07:33:02,742 [WARN] PackLoader:240 - Cannot read IP mode file for STMicroelectronics.X-CUBE-MEMS1.9.4.0
2025-03-21 07:33:02,863 [WARN] PackLoader:240 - Cannot read IP mode file for STMicroelectronics.X-CUBE-AI.7.3.0
2025-03-21 07:33:02,892 [WARN] PackLoader:240 - Cannot read IP mode file for STMicroelectronics.X-CUBE-ALGOBUILD.1.3.0
2025-03-21 07:33:02,938 [WARN] PackLoader:240 - Cannot read IP mode file for STMicroelectronics.X-CUBE-AZRTOS-G0.1.1.0
2025-03-21 07:33:02,960 [WARN] PackLoader:240 - Cannot read IP mode file for STMicroelectronics.X-CUBE-SAFEA1.1.2.2
2025-03-21 07:33:02,980 [WARN] PackLoader:240 - Cannot read IP mode file for STMicroelectronics.X-CUBE-NFC4.3.0.0
2025-03-21 07:33:03,022 [WARN] PackLoader:240 - Cannot read IP mode file for SEGGER.I-CUBE-embOS.1.2.1
2025-03-21 07:33:03,057 [WARN] PackLoader:240 - Cannot read IP mode file for wolfSSL.I-CUBE-wolfMQTT.1.18.0
2025-03-21 07:33:03,072 [WARN] PackLoader:240 - Cannot read IP mode file for EmbeddedOffice.I-CUBE-FS-RTOS.1.0.1
2025-03-21 07:33:03,084 [WARN] PackLoader:240 - Cannot read IP mode file for STMicroelectronics.X-CUBE-BLEMGR.3.0.0
2025-03-21 07:33:03,108 [WARN] PackLoader:240 - Cannot read IP mode file for STMicroelectronics.X-CUBE-BLEMGR.1.3.0
2025-03-21 07:33:03,117 [WARN] PackLoader:240 - Cannot read IP mode file for STMicroelectronics.X-CUBE-TCPP.4.2.0
2025-03-21 07:33:03,130 [WARN] PackLoader:240 - Cannot read IP mode file for RealThread.X-CUBE-RT-Thread_Nano.4.1.1
2025-03-21 07:33:03,137 [WARN] PackLoader:240 - Cannot read IP mode file for STMicroelectronics.FP-ATR-SIGFOX1.3.2.0
2025-03-21 07:33:03,144 [WARN] ConditionMgr:438 - getConditionDescription Invalid condition id : Cortex-A Device cause : null
2025-03-21 07:33:03,162 [WARN] ConditionMgr:1044 - genDependencies : Invalid condition id : Cortex-A Device cause : null
2025-03-21 07:33:03,162 [WARN] ConditionMgr:1044 - genDependencies : Invalid condition id : Cortex-A Device cause : null
2025-03-21 07:33:03,163 [WARN] ConditionMgr:1044 - genDependencies : Invalid condition id : Cortex-A Device cause : null
2025-03-21 07:33:03,180 [WARN] PackLoader:240 - Cannot read IP mode file for STMicroelectronics.X-CUBE-EEPRMA1.5.1.0
2025-03-21 07:33:03,187 [WARN] PackLoader:240 - Cannot read IP mode file for STMicroelectronics.X-CUBE-TOUCHGFX.4.20.0
2025-03-21 07:33:03,306 [WARN] PackLoader:240 - Cannot read IP mode file for STMicroelectronics.X-CUBE-MEMS1.9.5.0
2025-03-21 07:33:03,419 [WARN] PackLoader:240 - Cannot read IP mode file for SEGGER.I-CUBE-embOS.1.3.1
2025-03-21 07:33:03,463 [WARN] PackLoader:240 - Cannot read IP mode file for STMicroelectronics.X-CUBE-ALGOBUILD.1.4.0
2025-03-21 07:33:03,473 [WARN] PackLoader:240 - Cannot read IP mode file for STMicroelectronics.X-CUBE-AI.9.1.0
2025-03-21 07:33:03,485 [WARN] PackLoader:240 - Cannot read IP mode file for STMicroelectronics.X-CUBE-GNSS1.6.0.0
2025-03-21 07:33:03,506 [WARN] PackLoader:240 - Cannot read IP mode file for STMicroelectronics.X-CUBE-AZRTOS-F4.1.1.0
2025-03-21 07:33:03,520 [WARN] PackLoader:240 - Cannot read IP mode file for STMicroelectronics.X-CUBE-ISPU.2.1.0
2025-03-21 07:33:03,527 [WARN] PackLoader:240 - Cannot read IP mode file for STMicroelectronics.X-CUBE-FREERTOS.1.2.0
2025-03-21 07:33:03,537 [WARN] PackLoader:240 - Cannot read IP mode file for STMicroelectronics.X-CUBE-BLEMGR.1.2.0
2025-03-21 07:33:03,558 [WARN] PackLoader:240 - Cannot read IP mode file for STMicroelectronics.X-CUBE-AZRTOS-L5.2.0.0
2025-03-21 07:33:03,673 [WARN] PackLoader:240 - Cannot read IP mode file for STMicroelectronics.X-CUBE-MEMS1.9.6.0
2025-03-21 07:33:03,796 [WARN] PackLoader:240 - Cannot read IP mode file for STMicroelectronics.X-CUBE-EEPRMA1.4.2.0
2025-03-21 07:33:03,818 [WARN] PackLoader:240 - Cannot read IP mode file for STMicroelectronics.X-CUBE-NFC6.3.1.0
2025-03-21 07:33:03,830 [WARN] PackLoader:240 - Cannot read IP mode file for ITTIA_DB.I-CUBE-ITTIADB.8.8.0
2025-03-21 07:33:03,840 [WARN] PackLoader:240 - Cannot read IP mode file for emotas.I-CUBE-CANOPEN.1.1.3
2025-03-21 07:33:03,858 [WARN] PackLoader:240 - Cannot read IP mode file for STMicroelectronics.X-CUBE-BLEMGR.2.0.0
2025-03-21 07:33:03,878 [WARN] PackLoader:240 - Cannot read IP mode file for STMicroelectronics.X-CUBE-DPower.1.2.0
2025-03-21 07:33:03,913 [WARN] PackLoader:240 - Cannot read IP mode file for STMicroelectronics.X-CUBE-NFC4.2.0.5
2025-03-21 07:33:03,923 [WARN] PackLoader:240 - Cannot read IP mode file for STMicroelectronics.X-CUBE-AI.9.0.0
2025-03-21 07:33:03,942 [WARN] ConditionMgr:438 - getConditionDescription Invalid condition id : UX DEVICE CLASS RTOS Condition cause : null
2025-03-21 07:33:03,942 [WARN] ConditionMgr:438 - getConditionDescription Invalid condition id : UX DEVICE CLASS RTOS Condition cause : null
2025-03-21 07:33:03,944 [WARN] PackLoader:240 - Cannot read IP mode file for STMicroelectronics.X-CUBE-AZRTOS-H7.3.1.0
2025-03-21 07:33:03,945 [WARN] ConditionMgr:1044 - genDependencies : Invalid condition id : UX DEVICE CLASS RTOS Condition cause : null
2025-03-21 07:33:03,946 [WARN] ConditionMgr:1044 - genDependencies : Invalid condition id : UX DEVICE CLASS RTOS Condition cause : null
2025-03-21 07:33:03,947 [WARN] ConditionMgr:1044 - genDependencies : Invalid condition id : UX DEVICE CLASS RTOS Condition cause : null
2025-03-21 07:33:03,947 [WARN] ConditionMgr:1044 - genDependencies : Invalid condition id : UX DEVICE CLASS RTOS Condition cause : null
2025-03-21 07:33:03,948 [WARN] ConditionMgr:1044 - genDependencies : Invalid condition id : UX DEVICE CLASS RTOS Condition cause : null
2025-03-21 07:33:03,956 [WARN] PackLoader:240 - Cannot read IP mode file for wolfSSL.I-CUBE-wolfSSL.5.5.3
2025-03-21 07:33:03,964 [WARN] PackLoader:240 - Cannot read IP mode file for STMicroelectronics.X-CUBE-FREERTOS.1.3.0
2025-03-21 07:33:03,978 [WARN] PackLoader:240 - Cannot read IP mode file for STMicroelectronics.X-CUBE-NFC7.1.0.1
2025-03-21 07:33:03,992 [WARN] PackLoader:240 - Cannot read IP mode file for STMicroelectronics.X-CUBE-NFC7.1.0.0
2025-03-21 07:33:04,000 [WARN] PackLoader:240 - Cannot read IP mode file for wolfSSL.I-CUBE-wolfTPM.3.2.0
2025-03-21 07:33:04,018 [WARN] PackLoader:240 - Cannot read IP mode file for STMicroelectronics.X-CUBE-NFC6.3.0.0
2025-03-21 07:33:04,033 [WARN] PackLoader:240 - Cannot read IP mode file for STMicroelectronics.X-CUBE-EEPRMA1.4.1.0
2025-03-21 07:33:04,042 [WARN] PackLoader:240 - Cannot read IP mode file for STMicroelectronics.X-CUBE-AI.8.1.0
2025-03-21 07:33:04,065 [WARN] ConditionMgr:438 - getConditionDescription Invalid condition id : LAN8742 Phy interface Condition cause : null
2025-03-21 07:33:04,065 [WARN] PackLoader:240 - Cannot read IP mode file for STMicroelectronics.X-CUBE-AZRTOS-L4.2.0.0
2025-03-21 07:33:04,067 [WARN] ConditionMgr:1044 - genDependencies : Invalid condition id : LAN8742 Phy interface Condition cause : null
2025-03-21 07:33:04,067 [WARN] ConditionMgr:1044 - genDependencies : Invalid condition id : LAN8742 Phy interface Condition cause : null
2025-03-21 07:33:04,068 [WARN] ConditionMgr:1044 - genDependencies : Invalid condition id : LAN8742 Phy interface Condition cause : null
2025-03-21 07:33:04,085 [WARN] PackLoader:240 - Cannot read IP mode file for STMicroelectronics.X-CUBE-SFXS2LP1.4.0.0
2025-03-21 07:33:04,108 [WARN] PackLoader:240 - Cannot read IP mode file for STMicroelectronics.X-CUBE-AZRTOS-H7.3.0.0
2025-03-21 07:33:04,122 [WARN] PackLoader:240 - Cannot read IP mode file for STMicroelectronics.X-CUBE-ISPU.1.1.0
2025-03-21 07:33:04,145 [WARN] PackLoader:240 - Cannot read IP mode file for STMicroelectronics.X-CUBE-AZRTOS-H7.3.3.0
2025-03-21 07:33:04,159 [WARN] PackLoader:240 - Cannot read IP mode file for RoweBots.I-CUBE-UNISONRTOS.5.5.0-4
2025-03-21 07:33:04,168 [WARN] PackLoader:240 - Cannot read IP mode file for STMicroelectronics.X-CUBE-AI.8.0.0
2025-03-21 07:33:04,180 [WARN] PackLoader:240 - Cannot read IP mode file for STMicroelectronics.X-CUBE-IPS.3.0.0
2025-03-21 07:33:04,199 [WARN] ConditionMgr:438 - getConditionDescription Invalid condition id : UX DEVICE CLASS RTOS Condition cause : null
2025-03-21 07:33:04,200 [WARN] ConditionMgr:438 - getConditionDescription Invalid condition id : UX DEVICE CLASS RTOS Condition cause : null
2025-03-21 07:33:04,202 [WARN] PackLoader:240 - Cannot read IP mode file for STMicroelectronics.X-CUBE-AZRTOS-WB.2.0.0
2025-03-21 07:33:04,202 [WARN] ConditionMgr:1044 - genDependencies : Invalid condition id : UX DEVICE CLASS RTOS Condition cause : null
2025-03-21 07:33:04,202 [WARN] ConditionMgr:1044 - genDependencies : Invalid condition id : UX DEVICE CLASS RTOS Condition cause : null
2025-03-21 07:33:04,203 [WARN] ConditionMgr:1044 - genDependencies : Invalid condition id : UX DEVICE CLASS RTOS Condition cause : null
2025-03-21 07:33:04,203 [WARN] ConditionMgr:1044 - genDependencies : Invalid condition id : UX DEVICE CLASS RTOS Condition cause : null
2025-03-21 07:33:04,203 [WARN] ConditionMgr:1044 - genDependencies : Invalid condition id : UX DEVICE CLASS RTOS Condition cause : null
2025-03-21 07:33:04,210 [WARN] PackLoader:240 - Cannot read IP mode file for STMicroelectronics.X-CUBE-FREERTOS.1.0.0
2025-03-21 07:33:04,217 [WARN] PackLoader:240 - Cannot read IP mode file for STMicroelectronics.X-CUBE-FREERTOS.1.0.1
2025-03-21 07:33:04,232 [WARN] PackLoader:240 - Cannot read IP mode file for STMicroelectronics.X-CUBE-GNSS1.7.0.0
2025-03-21 07:33:04,251 [WARN] PackLoader:240 - Cannot read IP mode file for STMicroelectronics.X-CUBE-GNSS1.7.0.1
2025-03-21 07:33:04,258 [WARN] PackLoader:240 - Cannot read IP mode file for STMicroelectronics.X-CUBE-TOUCHGFX.4.25.0
2025-03-21 07:33:04,267 [WARN] PackLoader:240 - Cannot read IP mode file for STMicroelectronics.FP-SNS-STBOX1.2.0.0
2025-03-21 07:33:04,285 [WARN] PackLoader:240 - Cannot read IP mode file for STMicroelectronics.X-CUBE-AZRTOS-L5.1.1.0
2025-03-21 07:33:04,296 [WARN] PackLoader:240 - Cannot read IP mode file for STMicroelectronics.X-CUBE-AI.8.0.1
2025-03-21 07:33:04,309 [WARN] PackLoader:240 - Cannot read IP mode file for STMicroelectronics.X-CUBE-SUBG2.5.0.0
2025-03-21 07:33:04,335 [WARN] PackLoader:240 - Cannot read IP mode file for STMicroelectronics.X-CUBE-AZRTOS-H7RS.1.1.0
2025-03-21 07:33:04,345 [WARN] PackLoader:240 - Cannot read IP mode file for Cesanta.I-CUBE-Mongoose.7.13.0
2025-03-21 07:33:04,357 [WARN] PackLoader:240 - Cannot read IP mode file for STMicroelectronics.X-CUBE-TOF1.3.3.1
2025-03-21 07:33:04,384 [WARN] PackLoader:240 - Cannot read IP mode file for STMicroelectronics.X-CUBE-AZRTOS-G4.2.0.0
2025-03-21 07:33:04,397 [WARN] PackLoader:240 - Cannot read IP mode file for STMicroelectronics.X-CUBE-TOF1.3.3.0
2025-03-21 07:33:04,408 [WARN] PackLoader:240 - Cannot read IP mode file for STMicroelectronics.FP-ATR-ASTRA1.1.1.1
2025-03-21 07:33:04,425 [WARN] PackLoader:240 - Cannot read IP mode file for Infineon.AIROC-Wi-Fi-Bluetooth-STM32.1.5.1
2025-03-21 07:33:04,434 [WARN] PackLoader:240 - Cannot read IP mode file for STMicroelectronics.FP-SNS-MOTENVWB1.1.3.0
2025-03-21 07:33:04,441 [WARN] PackLoader:240 - Cannot read IP mode file for STMicroelectronics.FP-SNS-MOTENVWB1.1.3.1
2025-03-21 07:33:04,460 [WARN] PackLoader:240 - Cannot read IP mode file for STMicroelectronics.X-CUBE-AZRTOS-G4.1.0.0
2025-03-21 07:33:04,484 [WARN] PackLoader:240 - Cannot read IP mode file for STMicroelectronics.X-CUBE-AZRTOS-L4.1.0.0
2025-03-21 07:33:04,495 [WARN] PackLoader:240 - Cannot read IP mode file for STMicroelectronics.X-CUBE-ISPU.2.0.0
2025-03-21 07:33:04,507 [WARN] PackLoader:240 - Cannot read IP mode file for STMicroelectronics.X-CUBE-IPS.3.1.0
2025-03-21 07:33:04,518 [WARN] PackLoader:240 - Cannot read IP mode file for STMicroelectronics.X-CUBE-ALS.1.0.2
2025-03-21 07:33:04,647 [WARN] PackLoader:240 - Cannot read IP mode file for STMicroelectronics.X-CUBE-MEMS1.10.0.0
2025-03-21 07:33:04,786 [WARN] PackLoader:240 - Cannot read IP mode file for STMicroelectronics.X-CUBE-FREERTOS.1.1.0
2025-03-21 07:33:04,792 [WARN] PackLoader:240 - Cannot read IP mode file for STMicroelectronics.X-CUBE-TOUCHGFX.4.24.0
2025-03-21 07:33:04,797 [WARN] PackLoader:240 - Cannot read IP mode file for STMicroelectronics.X-CUBE-TOUCHGFX.4.24.2
2025-03-21 07:33:04,808 [WARN] PackLoader:240 - Cannot read IP mode file for STMicroelectronics.X-CUBE-AZRTOS-WL.1.0.0
2025-03-21 07:33:04,815 [WARN] PackLoader:240 - Cannot read IP mode file for STMicroelectronics.X-CUBE-TOUCHGFX.4.24.1
2025-03-21 07:33:04,824 [WARN] PackLoader:240 - Cannot read IP mode file for portGmbH.I-Cube-SoM-uGOAL.1.1.0
2025-03-21 07:33:04,830 [WARN] PackLoader:240 - Cannot read IP mode file for STMicroelectronics.X-CUBE-ALS.1.0.1
2025-03-21 07:33:04,844 [WARN] PackLoader:240 - Cannot read IP mode file for STMicroelectronics.X-CUBE-AZRTOS-WB.1.1.0
2025-03-21 07:33:04,861 [WARN] PackLoader:240 - Cannot read IP mode file for STMicroelectronics.X-CUBE-AZRTOS-L5.1.0.0
2025-03-21 07:33:04,875 [WARN] PackLoader:240 - Cannot read IP mode file for STMicroelectronics.X-CUBE-EEPRMA1.3.1.1
2025-03-21 07:33:04,892 [WARN] PackLoader:240 - Cannot read IP mode file for STMicroelectronics.X-CUBE-AZRTOS-H7RS.1.0.0
2025-03-21 07:33:04,899 [WARN] PackLoader:240 - Cannot read IP mode file for STMicroelectronics.FP-ATR-ASTRA1.2.0.0
2025-03-21 07:33:04,909 [WARN] PackLoader:240 - Cannot read IP mode file for STMicroelectronics.X-CUBE-TOF1.3.4.2
2025-03-21 07:33:04,927 [WARN] PackLoader:240 - Cannot read IP mode file for STMicroelectronics.X-CUBE-TOF1.3.4.0
2025-03-21 07:33:04,947 [WARN] PackLoader:240 - Cannot read IP mode file for STMicroelectronics.X-CUBE-TOF1.3.4.1
2025-03-21 07:33:04,980 [WARN] PackLoader:240 - Cannot read IP mode file for STMicroelectronics.X-CUBE-AZRTOS-H7.3.2.0
2025-03-21 07:33:04,995 [WARN] PackLoader:240 - Cannot read IP mode file for wolfSSL.I-CUBE-wolfSSH.1.4.17
2025-03-21 07:33:04,996 [INFO] ThirdParty:978 - Integrity check success = true
2025-03-21 07:33:04,997 [INFO] IntegrityCheckThread:100 - exiting critical section [integrity check]
2025-03-21 07:33:04,997 [INFO] IntegrityCheckThread:103 - End integrity checks thread
2025-03-21 09:26:05,495 [INFO] McuFinderGlobals:63 - Set McuFinder mode to 2 (CubeIDE integrated)
2025-03-21 09:26:05,503 [INFO] MainUpdater:2872 - connection check result : 10
2025-03-21 09:26:05,505 [INFO] MainUpdater:2872 - connection check result : 10
2025-03-21 09:26:05,554 [INFO] MicroXplorer:468 - Change Database Path : 
2025-03-21 09:26:05,554 [INFO] MicroXplorer:498 - Change Database Version : DB.6.0.140
2025-03-21 09:26:05,562 [WARN] ThirdParty:871 - waiting for thirdparty lock release [close project]
2025-03-21 09:26:05,562 [INFO] ThirdParty:873 - entering critical section [close project]
2025-03-21 09:26:05,564 [INFO] ThirdParty:883 - exiting critical section [close project]
2025-03-21 09:26:05,566 [INFO] PinOutPanel:1589 - setPackage(No Configuration,No Configuration)
2025-03-21 09:26:05,572 [INFO] UtilMem:75 - Begin LoadConfig() Used Memory: 262195528 Bytes (507510784)
2025-03-21 09:26:05,619 [INFO] MicroXplorer:468 - Change Database Path : C:/Users/catsa/.stm32cubemx/databases/DB.6.0.130/db/
2025-03-21 09:26:05,619 [INFO] MicroXplorer:498 - Change Database Version : DB.6.0.130
2025-03-21 09:26:08,339 [INFO] OpenFileManager:354 - Change cursor
2025-03-21 09:26:08,379 [INFO] Mcu:2011 - Initializing MCU STM32F103C(8-B)Tx STM32F103C8Tx STM32F103C8T6
2025-03-21 09:26:09,176 [INFO] Context:756 - Trying to add GPIOservice into a context  which must be forbidden
2025-03-21 09:26:09,370 [INFO] ImportTextPane:218 - (OptionalMessage_ERROR) Pin31 (VP_RIF_VS_RIF1) cannot be retrieved for this MCU
2025-03-21 09:26:09,602 [INFO] RtosManager:558 - Registered RTOS mode: class=CMSIS, group=RTOS, mode=CMSIS_V1, owner=FREERTOS
2025-03-21 09:26:09,602 [INFO] RtosManager:558 - Registered RTOS mode: class=CMSIS, group=RTOS2, mode=CMSIS_V2, owner=FREERTOS
2025-03-21 09:26:09,602 [INFO] RtosManager:558 - Registered RTOS mode: class=RTOS, group=Core, mode=CMSIS_V1, owner=FREERTOS
2025-03-21 09:26:09,602 [INFO] RtosManager:558 - Registered RTOS mode: class=RTOS, group=Core, mode=CMSIS_V2, owner=FREERTOS
2025-03-21 09:26:09,602 [WARN] ModelIntegratedComponent:184 - Missing modes for component STMicroelectronics:FreeRTOS:0.0.1:STMicroelectronics:RTOS:FreeRTOS:Core:::10.2.0:
2025-03-21 09:26:09,607 [WARN] ModelIntegratedComponent:63 - No mode defined for component null
2025-03-21 09:26:09,607 [WARN] ModelIntegratedComponent:63 - No mode defined for component null
2025-03-21 09:26:09,607 [WARN] ModelIntegratedComponent:63 - No mode defined for component null
2025-03-21 09:26:09,607 [WARN] ModelIntegratedComponent:63 - No mode defined for component null
2025-03-21 09:26:09,607 [WARN] ModelIntegratedComponent:63 - No mode defined for component null
2025-03-21 09:26:09,607 [WARN] ModelIntegratedComponent:63 - No mode defined for component null
2025-03-21 09:26:09,607 [WARN] ModelIntegratedComponent:63 - No mode defined for component null
2025-03-21 09:26:09,607 [WARN] ModelIntegratedComponent:63 - No mode defined for component null
2025-03-21 09:26:09,607 [WARN] ModelIntegratedComponent:63 - No mode defined for component null
2025-03-21 09:26:09,607 [WARN] ModelIntegratedComponent:63 - No mode defined for component null
2025-03-21 09:26:09,607 [WARN] ModelIntegratedComponent:63 - No mode defined for component null
2025-03-21 09:26:09,608 [WARN] ModelIntegratedComponent:63 - No mode defined for component null
2025-03-21 09:26:09,608 [WARN] ModelIntegratedComponent:63 - No mode defined for component null
2025-03-21 09:26:09,608 [WARN] ModelIntegratedComponent:63 - No mode defined for component null
2025-03-21 09:26:09,608 [WARN] ModelIntegratedComponent:63 - No mode defined for component null
2025-03-21 09:26:09,608 [WARN] ModelIntegratedComponent:63 - No mode defined for component null
2025-03-21 09:26:09,608 [WARN] ModelIntegratedComponent:63 - No mode defined for component null
2025-03-21 09:26:09,608 [WARN] ModelIntegratedComponent:63 - No mode defined for component null
2025-03-21 09:26:09,608 [WARN] ModelIntegratedComponent:63 - No mode defined for component null
2025-03-21 09:26:09,608 [WARN] ModelIntegratedComponent:63 - No mode defined for component null
2025-03-21 09:26:09,608 [WARN] ModelIntegratedComponent:63 - No mode defined for component null
2025-03-21 09:26:09,608 [WARN] ModelIntegratedComponent:63 - No mode defined for component null
2025-03-21 09:26:09,608 [WARN] ModelIntegratedComponent:63 - No mode defined for component null
2025-03-21 09:26:09,608 [WARN] ModelIntegratedComponent:63 - No mode defined for component null
2025-03-21 09:26:09,608 [WARN] ModelIntegratedComponent:63 - No mode defined for component null
2025-03-21 09:26:09,608 [WARN] ModelIntegratedComponent:63 - No mode defined for component null
2025-03-21 09:26:09,608 [WARN] ModelIntegratedComponent:63 - No mode defined for component null
2025-03-21 09:26:09,609 [WARN] ModelIntegratedComponent:63 - No mode defined for component null
2025-03-21 09:26:09,609 [WARN] ModelIntegratedComponent:63 - No mode defined for component null
2025-03-21 09:26:09,609 [WARN] ModelIntegratedComponent:63 - No mode defined for component null
2025-03-21 09:26:09,609 [WARN] ModelIntegratedComponent:63 - No mode defined for component null
2025-03-21 09:26:09,609 [WARN] ModelIntegratedComponent:63 - No mode defined for component null
2025-03-21 09:26:09,609 [WARN] ModelIntegratedComponent:63 - No mode defined for component null
2025-03-21 09:26:09,609 [WARN] ModelIntegratedComponent:63 - No mode defined for component null
2025-03-21 09:26:09,609 [WARN] ModelIntegratedComponent:63 - No mode defined for component null
2025-03-21 09:26:09,609 [WARN] ModelPack:524 - Component already loaded: STMicroelectronics:HAL Drivers:0.0.0:STMicroelectronics:Device:STMicro_Driver:XSPI:HAL::0.0.1:HAL_XSPI
2025-03-21 09:26:09,941 [INFO] ThirdPartyModel:298 - Start build external matchings
2025-03-21 09:26:13,605 [INFO] ThirdPartyModel:316 - End build external matchings
2025-03-21 09:26:13,699 [INFO] RtosManager:967 - Current active RTOS is FREERTOS [Cortex-M3NS]
2025-03-21 09:26:13,708 [INFO] ImportTextPane:218 - (OptionalMessage_ERROR) IP (RCC) : Parameter (ADCFreqValue) has invalid value (36000000)
2025-03-21 09:26:13,708 [INFO] ImportTextPane:218 - (OptionalMessage_ERROR) IP (RCC) : Invalid parameter (FamilyName)
2025-03-21 09:26:13,708 [INFO] ImportTextPane:218 - (OptionalMessage_ERROR) IP (RCC) : Parameter (MCOFreq_Value) has invalid value (72000000)
2025-03-21 09:26:13,709 [INFO] ImportTextPane:218 - (OptionalMessage_ERROR) IP (RCC) : Parameter (USBFreq_Value) has invalid value (72000000)
2025-03-21 09:26:13,892 [INFO] ApiDb:581 - Connected to CubeFinder SQLite database (C:\Users\catsa\.stmcufinder\plugins\mcufinder\mcu\cube-finder-db.db)
2025-03-21 09:26:14,009 [INFO] ApiDb:668 - CubeFinder database Data Model version=2.1
2025-03-21 09:26:14,010 [INFO] ApiDb:669 - CubeFinder database Configuration version=3.0.39
2025-03-21 09:26:14,010 [INFO] ApiDb:670 - CubeFinder database generation date=2025-02-18 (1739885696)
2025-03-21 09:26:14,010 [INFO] ApiDb:671 - CubeFinder database FW Pack versions=[FP-ATR-ASTRA1_V2.0.0, FP-SNS-FLIGHT1_V5.0.2, FP-SNS-MOTENV1_V5.0.0, FP-SNS-MOTENVWB1_V1.4.0, FP-SNS-SMARTAG2_V1.2.0, FP-SNS-STBOX1_V2.0.0, STM32Cube_FW_C0_V1.4.0, STM32Cube_FW_F4_V1.28.1, STM32Cube_FW_F7_V1.17.2, STM32Cube_FW_G0_V1.6.2, STM32Cube_FW_G4_V1.6.1, STM32Cube_FW_H5_V1.5.0, STM32Cube_FW_H7RS_V1.2.0, STM32Cube_FW_H7_V1.12.1, STM32Cube_FW_L0_V1.12.2, STM32Cube_FW_L4_V1.18.1, STM32Cube_FW_L5_V1.5.1, STM32Cube_FW_N6_V1.1.0, STM32Cube_FW_U0_V1.2.0, STM32Cube_FW_U3_V1.1.0, STM32Cube_FW_U5_V1.7.0, STM32Cube_FW_WB0_V1.2.0, STM32Cube_FW_WBA_V1.6.0, STM32Cube_FW_WB_V1.22.0, STM32Cube_FW_WL3_V1.1.0, STM32Cube_FW_WL_V1.3.1, X-CUBE-ALGOBUILD_V1.4.0, X-CUBE-ALS_V1.0.2, X-CUBE-AZRTOS-F4_V1.1.0, X-CUBE-AZRTOS-F7_V1.1.0, X-CUBE-AZRTOS-G0_V1.1.0, X-CUBE-AZRTOS-G4_V2.0.0, X-CUBE-AZRTOS-H7RS_V1.0.0, X-CUBE-AZRTOS-H7_V3.3.0, X-CUBE-AZRTOS-L4_V2.0.0, X-CUBE-AZRTOS-L5_V2.0.0, X-CUBE-AZRTOS-WB_V2.0.0, X-CUBE-AZRTOS-WL_V2.0.0, X-CUBE-BLE1_V7.0.0, X-CUBE-BLE2_V3.3.0, X-CUBE-BLEMGR_V4.0.0, X-CUBE-EEPRMA1_V5.1.0, X-CUBE-FREERTOS_V1.3.0, X-CUBE-GNSS1_V6.0.0, X-CUBE-MEMS1_V11.1.0, X-CUBE-NFC4_V3.0.0, X-CUBE-NFC7_V1.0.1, X-CUBE-SFXS2LP1_V4.0.0, X-CUBE-SUBG2_V5.0.0, X-CUBE-TOF1_V3.4.2]
2025-03-21 09:26:14,143 [INFO] DbBoardsSqlite:226 - include board P-NUCLEO-WB55-NUCLEO as a kit item of type 'Nucleo-64'
2025-03-21 09:26:14,143 [INFO] DbBoardsSqlite:226 - include board P-NUCLEO-WB55-USBDONGLE as a kit item of type 'Nucleo USB Dongle'
2025-03-21 09:26:14,145 [INFO] DbBoardsSqlite:226 - include board STEVAL-IDP005V1 as a kit item of type 'Evaluation Board'
2025-03-21 09:26:14,145 [INFO] DbBoardsSqlite:226 - include board STEVAL-IDP005V2 as a kit item of type 'Evaluation Board'
2025-03-21 09:26:14,707 [INFO] ApiDb:240 - Found 895 in-development CPN: [B-G473E-ZEST1S, B-WB1M-WPAN1, B-WBA5M-WPAN, B-WL5M-SUBG1, NUCLEO-C031C6, NUCLEO-C051C8, NUCLEO-C071RB, NUCLEO-C092RC, NUCLEO-H503RB, NUCLEO-H533RE, NUCLEO-H563ZI, NUCLEO-H7S3L8, NUCLEO-N657X0-Q, NUCLEO-U031R8, NUCLEO-U083RC, NUCLEO-U385RG-Q, NUCLEO-U545RE-Q, NUCLEO-U5A5ZJ-Q, NUCLEO-WB05KZ, NUCLEO-WB07CC, NUCLEO-WB09KE, NUCLEO-WBA52CG, NUCLEO-WBA55CG, NUCLEO-WBA65RI, NUCLEO-WL33CC1, NUCLEO-WL33CC2, STEVAL-PROTEUS1, STEVAL-SMARTAG2, STEVAL-STWINBX1, STM320518-EVAL, STM32C0116-DK, STM32C011D6Y3TR, STM32C011D6Y6TR, STM32C011F4P3, STM32C011F4P6, STM32C011F4U3, STM32C011F4U6TR, STM32C011F6P3, STM32C011F6P6, STM32C011F6U3, STM32C011F6U6TR, STM32C011J4M3, STM32C011J4M6, STM32C011J6M3, STM32C011J6M6, STM32C0316-DK, STM32C031C4T3, STM32C031C4T6, STM32C031C4U3, STM32C031C4U6, STM32C031C6T3, STM32C031C6T6, STM32C031C6U3, STM32C031C6U6, STM32C031F4P3, STM32C031F4P6, STM32C031F6P3, STM32C031F6P6, STM32C031G4U3, STM32C031G4U6, STM32C031G6U3, STM32C031G6U6, STM32C031K4T3, STM32C031K4T6, STM32C031K4U3, STM32C031K4U6, STM32C031K6T3, STM32C031K6T6, STM32C031K6U3, STM32C031K6U6, STM32C051C6T6, STM32C051C6U6, STM32C051C8T6, STM32C051C8U6, STM32C051D8Y6TR, STM32C051F6P6, STM32C051F8P6, STM32C051G6U6, STM32C051G8U6, STM32C051K6T6, STM32C051K6U6, STM32C051K8T6, STM32C071C8T6, STM32C071C8T6N, STM32C071C8U6, STM32C071C8U6N, STM32C071CBT6, STM32C071CBT6N, STM32C071CBU6, STM32C071CBU6N, STM32C071F8P6, STM32C071F8P6N, STM32C071FBP6, STM32C071FBP6N, STM32C071FBY6TR, STM32C071G8U6, STM32C071G8U6N, STM32C071GBU6, STM32C071GBU6N, STM32C071K8T6, STM32C071K8T6N, STM32C071K8U6, STM32C071K8U6N, STM32C071KBT6, STM32C071KBT6N, STM32C071KBU6, STM32C071KBU6N, STM32C071R8T6, STM32C071R8T6N, STM32C071RBI6N, STM32C071RBT6, STM32C071RBT6N, STM32C091CBT6, STM32C091CBU6, STM32C091CCT6, STM32C091CCU6, STM32C091ECY6TR, STM32C091FBP6, STM32C091FCP6, STM32C091GBU6, STM32C091GCU6, STM32C091KBT6, STM32C091KBU6, STM32C091KCT6, STM32C091KCU6, STM32C091RBT6, STM32C091RCI6, STM32C091RCT6, STM32C092CBT6, STM32C092CBU6, STM32C092CCT6, STM32C092CCU6, STM32C092ECY6TR, STM32C092FBP6, STM32C092FCP6, STM32C092GBU6, STM32C092GCU6, STM32C092KBT6, STM32C092KBU6, STM32C092KCT6, STM32C092KCU6, STM32C092RBT6, STM32C092RCI6, STM32C092RCT6, STM32G071K8TXN, STM32G071K8UXN, STM32G081GBU6N, STM32G081KBT6N, STM32G081KBUXN, STM32G0B1CCT6N, STM32G0B1KCT6, STM32G0B1NEY6TR, STM32G0B1RCT6N, STM32G0C1CCT6, STM32G0C1CCT6N, STM32G0C1CCU6N, STM32G0C1CET6N, STM32G0C1CEU6N, STM32G0C1KCT6, STM32G0C1NEY6TR, STM32G0C1RCI6N, STM32G0C1RCT6N, STM32G0C1REI6N, STM32G0C1RET6N, STM32G0C1VCI6, STM32G0C1VEI6, STM32G411C6T3, STM32G411C6T6, STM32G411C6U3, STM32G411C6U6, STM32G411C8T3, STM32G411C8T6, STM32G411C8U3, STM32G411C8U6, STM32G411CBT3, STM32G411CBT6, STM32G411CBU3, STM32G411CBU6, STM32G411CCT3, STM32G411CCT6, STM32G411CCU3, STM32G411CCU6, STM32G411K6T3, STM32G411K6T6, STM32G411K6U3, STM32G411K6U6, STM32G411K8T3, STM32G411K8T6, STM32G411K8U3, STM32G411K8U6, STM32G411KBT3, STM32G411KBT6, STM32G411KBU3, STM32G411KBU6, STM32G411M6T3, STM32G411M6T6, STM32G411M8T3, STM32G411M8T6, STM32G411MBT3, STM32G411MBT6, STM32G411MCT3, STM32G411MCT6, STM32G411R6T3, STM32G411R6T6, STM32G411R8T3, STM32G411R8T6, STM32G411RBT3, STM32G411RBT6, STM32G411RCT3, STM32G411RCT6, STM32G414CBT3, STM32G414CBT6, STM32G414CBU3, STM32G414CBU6, STM32G414CCT3, STM32G414CCT6, STM32G414CCU3, STM32G414CCU6, STM32G414MBT3, STM32G414MBT6, STM32G414MCT3, STM32G414MCT6, STM32G414RBT3, STM32G414RBT6, STM32G414RCT3, STM32G414RCT6, STM32G414VBT3, STM32G414VBT6, STM32G414VCT3, STM32G414VCT6, STM32G431CBT3Z, STM32G431RBT3Z, STM32G471CCT6, STM32G471CCU6, STM32G471CET3, STM32G471CET6, STM32G471CEU3, STM32G471CEU6, STM32G471MCT6, STM32G471MET3, STM32G471MET6, STM32G471MEY6TR, STM32G471QCT6, STM32G471QET3, STM32G471RCT6, STM32G471RET3, STM32G471RET6, STM32G471VCH6, STM32G471VCI6, STM32G471VCT6, STM32G471VEH3, STM32G471VEH6, STM32G471VEI3, STM32G471VEI6, STM32G471VET3, STM32G471VET6, STM32G473QET3Z, STM32G473RET3Z, STM32G474CCT6, STM32G491RET3Z, STM32H503CBT6, STM32H503CBU6, STM32H503EBY6TR, STM32H503KBU6, STM32H503RBT6, STM32H523CCT6, STM32H523CCU6, STM32H523CET6, STM32H523CEU6, STM32H523HEY6TR, STM32H523RCT6, STM32H523RET6, STM32H523VCI6, STM32H523VCT6, STM32H523VEI6, STM32H523VET6, STM32H523ZCJ6, STM32H523ZCT6, STM32H523ZEJ6, STM32H523ZET6, STM32H533CET6, STM32H533CEU6, STM32H533HEY6TR, STM32H533RET6, STM32H533VEI6, STM32H533VET6, STM32H533ZEJ6, STM32H533ZET6, STM32H562AGI6, STM32H562AII6, STM32H562IGK6, STM32H562IGT6, STM32H562IIK6, STM32H562IIT6, STM32H562RGT6, STM32H562RGV6, STM32H562RIT6, STM32H562RIV6, STM32H562VGT6, STM32H562VIT6, STM32H562ZGT6, STM32H562ZIT6, STM32H563AGI6, STM32H563AII3Q, STM32H563AII6, STM32H563IGK6, STM32H563IGT6, STM32H563IIK3Q, STM32H563IIK6, STM32H563IIT3Q, STM32H563IIT6, STM32H563MIY3QTR, STM32H563RGT6, STM32H563RGV6, STM32H563RIT6, STM32H563RIV6, STM32H563VGT6, STM32H563VIT3Q, STM32H563VIT6, STM32H563ZGT6, STM32H563ZIT3Q, STM32H563ZIT6, STM32H573AII3Q, STM32H573AII6, STM32H573I-DK, STM32H573IIK3Q, STM32H573IIK6, STM32H573IIT3Q, STM32H573IIT6, STM32H573MIY3QTR, STM32H573RIT6, STM32H573RIV6, STM32H573VIT3Q, STM32H573VIT6, STM32H573ZIT3Q, STM32H573ZIT6, STM32H7R3A8I6, STM32H7R3I8K6, STM32H7R3I8T6, STM32H7R3L8H6, STM32H7R3L8H6H, STM32H7R3R8V6, STM32H7R3V8H6, STM32H7R3V8T6, STM32H7R3V8Y6TR, STM32H7R3Z8J6, STM32H7R3Z8T6, STM32H7R7A8I6, STM32H7R7I8K6, STM32H7R7I8T6, STM32H7R7L8H6, STM32H7R7L8H6H, STM32H7R7Z8J6, STM32H7S3A8I6, STM32H7S3I8K6, STM32H7S3I8T6, STM32H7S3L8H6, STM32H7S3L8H6H, STM32H7S3R8V6, STM32H7S3V8H6, STM32H7S3V8T6, STM32H7S3V8Y6TR, STM32H7S3Z8J6, STM32H7S3Z8T6, STM32H7S78-DK, STM32H7S7A8I6, STM32H7S7I8K6, STM32H7S7I8T6, STM32H7S7L8H6, STM32H7S7L8H6H, STM32H7S7Z8J6, STM32L4R5QGI6STR, STM32MP131AAE3, STM32MP131AAF3, STM32MP131AAG3, STM32MP131CAE3, STM32MP131CAF3, STM32MP131CAG3, STM32MP131DAE7, STM32MP131DAF7, STM32MP131DAG7, STM32MP131FAE7, STM32MP131FAF7, STM32MP131FAG7, STM32MP133AAE3, STM32MP133AAF3, STM32MP133AAG3, STM32MP133CAE3, STM32MP133CAF3, STM32MP133CAG3, STM32MP133DAE7, STM32MP133DAF7, STM32MP133DAG7, STM32MP133FAE7, STM32MP133FAF7, STM32MP133FAG7, STM32MP135AAE3, STM32MP135AAF3, STM32MP135AAG3, STM32MP135CAE3, STM32MP135CAF3, STM32MP135CAG3, STM32MP135DAE7, STM32MP135DAF7, STM32MP135DAG7, STM32MP135F-DK, STM32MP135FAE7, STM32MP135FAF7, STM32MP135FAF7T, STM32MP135FAF7U, STM32MP135FAG7, STM32MP231AAJ3, STM32MP231AAK3, STM32MP231AAL3, STM32MP231CAJ3, STM32MP231CAK3, STM32MP231CAL3, STM32MP231DAJ3, STM32MP231DAK3, STM32MP231DAL3, STM32MP231FAJ3, STM32MP231FAK3, STM32MP231FAL3, STM32MP233AAJ3, STM32MP233AAK3, STM32MP233AAL3, STM32MP233CAJ3, STM32MP233CAK3, STM32MP233CAL3, STM32MP233DAJ3, STM32MP233DAK3, STM32MP233DAL3, STM32MP233FAJ3, STM32MP233FAK3, STM32MP233FAL3, STM32MP235AAJ3, STM32MP235AAK3, STM32MP235AAL3, STM32MP235CAJ3, STM32MP235CAK3, STM32MP235CAL3, STM32MP235DAJ3, STM32MP235DAK3, STM32MP235DAL3, STM32MP235FAJ3, STM32MP235FAK3, STM32MP235FAL3, STM32MP251AAI3, STM32MP251AAJ3, STM32MP251AAK3, STM32MP251AAL3, STM32MP251CAI3, STM32MP251CAJ3, STM32MP251CAK3, STM32MP251CAL3, STM32MP251DAI3, STM32MP251DAJ3, STM32MP251DAK3, STM32MP251DAL3, STM32MP251FAI3, STM32MP251FAJ3, STM32MP251FAK3, STM32MP251FAL3, STM32MP253AAI3, STM32MP253AAJ3, STM32MP253AAK3, STM32MP253AAL3, STM32MP253CAI3, STM32MP253CAJ3, STM32MP253CAK3, STM32MP253CAL3, STM32MP253DAI3, STM32MP253DAJ3, STM32MP253DAK3, STM32MP253DAL3, STM32MP253FAI3, STM32MP253FAJ3, STM32MP253FAK3, STM32MP253FAL3, STM32MP255AAI3, STM32MP255AAJ3, STM32MP255AAK3, STM32MP255AAL3, STM32MP255CAI3, STM32MP255CAJ3, STM32MP255CAK3, STM32MP255CAL3, STM32MP255DAI3, STM32MP255DAJ3, STM32MP255DAK3, STM32MP255DAL3, STM32MP255FAI3, STM32MP255FAJ3, STM32MP255FAK3, STM32MP255FAL3, STM32MP257AAI3, STM32MP257AAJ3, STM32MP257AAK3, STM32MP257AAL3, STM32MP257CAI3, STM32MP257CAJ3, STM32MP257CAK3, STM32MP257CAL3, STM32MP257DAI3, STM32MP257DAJ3, STM32MP257DAK3, STM32MP257DAL3, STM32MP257F-DK, STM32MP257F-EV1, STM32MP257FAI3, STM32MP257FAJ3, STM32MP257FAK3, STM32MP257FAL3, STM32N645A0H3Q, STM32N645B0H3Q, STM32N645I0H3Q, STM32N645L0H3Q, STM32N645X0H3Q, STM32N645Z0H3Q, STM32N647A0H3Q, STM32N647B0H3Q, STM32N647I0H3Q, STM32N647L0H3Q, STM32N647X0H3Q, STM32N647Z0H3Q, STM32N655A0H3Q, STM32N655B0H3Q, STM32N655I0H3Q, STM32N655L0H3Q, STM32N655X0H3Q, STM32N655Z0H3Q, STM32N6570-DK, STM32N657A0H3Q, STM32N657B0H3Q, STM32N657I0H3Q, STM32N657L0H3Q, STM32N657X0H3Q, STM32N657Z0H3Q, STM32U031C6T6, STM32U031C6U6, STM32U031C8T6, STM32U031C8U6, STM32U031F4P6, STM32U031F6P6, STM32U031F8P6, STM32U031G6Y6TR, STM32U031G8Y6TR, STM32U031K4U6, STM32U031K6U6, STM32U031K8U6, STM32U031R6I6, STM32U031R6T6, STM32U031R8I6, STM32U031R8T6, STM32U073C8T6, STM32U073C8U6, STM32U073CBT6, STM32U073CBU6, STM32U073CCT6, STM32U073CCU6, STM32U073H8Y6TR, STM32U073HBY6TR, STM32U073HCY6TR, STM32U073K8U6, STM32U073KBU6, STM32U073KCU6, STM32U073M8I6, STM32U073M8T6, STM32U073MBI6, STM32U073MBT6, STM32U073MCI6, STM32U073MCT6, STM32U073R8I6, STM32U073R8T6, STM32U073RBI6, STM32U073RBT6, STM32U073RCI6, STM32U073RCT6, STM32U083C-DK, STM32U083CCT6, STM32U083CCU6, STM32U083HCY6TR, STM32U083KCU6, STM32U083MCI6, STM32U083MCT6, STM32U083RCI6, STM32U083RCT6, STM32U375CET6, STM32U375CET6Q, STM32U375CEU6, STM32U375CEU6Q, STM32U375CEY6QTR, STM32U375CGT6, STM32U375CGT6Q, STM32U375CGU6, STM32U375CGU6Q, STM32U375CGY6QTR, STM32U375KEU6, STM32U375KGU6, STM32U375REI6, STM32U375REI6Q, STM32U375RET6, STM32U375RET6Q, STM32U375REY6GTR, STM32U375REY6QTR, STM32U375RGI6, STM32U375RGI6Q, STM32U375RGT6, STM32U375RGT6Q, STM32U375RGY6GTR, STM32U375RGY6QTR, STM32U375VEI6, STM32U375VEI6Q, STM32U375VET6, STM32U375VET6Q, STM32U375VGI6, STM32U375VGI6Q, STM32U375VGT6, STM32U375VGT6Q, STM32U385CGT6, STM32U385CGT6Q, STM32U385CGU6, STM32U385CGU6Q, STM32U385CGY6QTR, STM32U385KGU6, STM32U385RGI6, STM32U385RGI6Q, STM32U385RGT6, STM32U385RGT6Q, STM32U385RGY6GTR, STM32U385RGY6QTR, STM32U385VGI6, STM32U385VGI6Q, STM32U385VGT6, STM32U385VGT6Q, STM32U535CBT6, STM32U535CBT6Q, STM32U535CBU6, STM32U535CBU6Q, STM32U535CCT6, STM32U535CCT6Q, STM32U535CCU6, STM32U535CCU6Q, STM32U535CET6, STM32U535CET6Q, STM32U535CEU6, STM32U535CEU6Q, STM32U535JEY6QTR, STM32U535NCY6QTR, STM32U535NEY6QTR, STM32U535RBI6, STM32U535RBI6Q, STM32U535RBT6, STM32U535RBT6Q, STM32U535RCI6, STM32U535RCI6Q, STM32U535RCT6, STM32U535RCT6Q, STM32U535REI6, STM32U535REI6Q, STM32U535RET6, STM32U535RET6Q, STM32U535VCI6, STM32U535VCI6Q, STM32U535VCT6, STM32U535VCT6Q, STM32U535VEI6, STM32U535VEI6Q, STM32U535VET6, STM32U535VET6Q, STM32U545CET6, STM32U545CET6Q, STM32U545CEU6, STM32U545CEU6Q, STM32U545JEY6QTR, STM32U545NEY6QTR, STM32U545REI6, STM32U545REI6Q, STM32U545RET6, STM32U545RET6Q, STM32U545VEI6, STM32U545VEI6Q, STM32U545VET6, STM32U545VET6Q, STM32U595AIH6, STM32U595AIH6Q, STM32U595AJH6, STM32U595AJH6Q, STM32U595QII6, STM32U595QII6Q, STM32U595QJI6, STM32U595QJI6Q, STM32U595RIT6, STM32U595RIT6Q, STM32U595RJT6, STM32U595RJT6Q, STM32U595VIT6, STM32U595VIT6Q, STM32U595VJT6, STM32U595VJT6Q, STM32U595ZIT6, STM32U595ZIT6Q, STM32U595ZIY6QTR, STM32U595ZJT6, STM32U595ZJT6Q, STM32U595ZJY6QTR, STM32U599BJY6QTR, STM32U599NIH6Q, STM32U599NJH6Q, STM32U599VIT6Q, STM32U599VJT6, STM32U599VJT6Q, STM32U599ZIT6Q, STM32U599ZIY6QTR, STM32U599ZJT6Q, STM32U599ZJY6QTR, STM32U5A5AJH6, STM32U5A5AJH6Q, STM32U5A5QII3Q , STM32U5A5QJI6, STM32U5A5QJI6Q, STM32U5A5RJT6, STM32U5A5RJT6Q, STM32U5A5VJT6, STM32U5A5VJT6Q, STM32U5A5ZJT6, STM32U5A5ZJT6Q, STM32U5A5ZJY6QTR, STM32U5A9BJY6QTR, STM32U5A9J-DK, STM32U5A9NJH6Q, STM32U5A9VJT6Q, STM32U5A9ZJT6Q, STM32U5A9ZJY6QTR, STM32U5F7VIT6, STM32U5F7VIT6Q, STM32U5F7VJT6, STM32U5F7VJT6Q, STM32U5F9BJY6QTR, STM32U5F9NJH6Q, STM32U5F9VIT6Q, STM32U5F9VJT6Q, STM32U5F9ZIJ6QTR, STM32U5F9ZIT6Q, STM32U5F9ZJJ6QTR, STM32U5F9ZJT6Q, STM32U5G7VJT6, STM32U5G7VJT6Q, STM32U5G9BJY6QTR, STM32U5G9J-DK1, STM32U5G9J-DK2, STM32U5G9NJH6Q, STM32U5G9VJT6Q, STM32U5G9ZJJ6QTR, STM32U5G9ZJT6Q, STM32WB05KZV6TR, STM32WB05KZV7TR, STM32WB05TZF6TR, STM32WB05TZF7TR, STM32WB06CCF6TR, STM32WB06CCF7TR, STM32WB06CCV6TR, STM32WB06CCV7TR, STM32WB06KCV6TR, STM32WB06KCV7TR, STM32WB07CCF6TR, STM32WB07CCF7TR, STM32WB07CCV6TR, STM32WB07CCV7TR, STM32WB07KCV6TR, STM32WB07KCV7TR, STM32WB09KEV6TR, STM32WB09KEV7TR, STM32WB09TEF6TR, STM32WB09TEF7TR, STM32WB1MMCH6, STM32WBA50KGU6, STM32WBA50KGU6TR, STM32WBA52CEU6, STM32WBA52CEU6TR, STM32WBA52CEU7, STM32WBA52CEU7TR, STM32WBA52CGU6, STM32WBA52CGU6TR, STM32WBA52CGU6U, STM32WBA52CGU7, STM32WBA52CGU7TR, STM32WBA52KEU6, STM32WBA52KEU6TR, STM32WBA52KGU6, STM32WBA52KGU6TR, STM32WBA54CEU6, STM32WBA54CEU6TR, STM32WBA54CEU7, STM32WBA54CEU7TR, STM32WBA54CGU6, STM32WBA54CGU6TR, STM32WBA54CGU7, STM32WBA54CGU7TR, STM32WBA54KEU6, STM32WBA54KEU6TR, STM32WBA54KEU7, STM32WBA54KEU7TR, STM32WBA54KGU6, STM32WBA54KGU6TR, STM32WBA54KGU7, STM32WBA54KGU7TR, STM32WBA55CEU6, STM32WBA55CEU6TR, STM32WBA55CEU7, STM32WBA55CEU7TR, STM32WBA55CGU6, STM32WBA55CGU6TR, STM32WBA55CGU6U, STM32WBA55CGU7, STM32WBA55CGU7TR, STM32WBA55G-DK1, STM32WBA55HEF6, STM32WBA55HEF7, STM32WBA55HGF6, STM32WBA55HGF7, STM32WBA55UEI6, STM32WBA55UEI6TR, STM32WBA55UEI7, STM32WBA55UEI7TR, STM32WBA55UGI6, STM32WBA55UGI6TR, STM32WBA55UGI7, STM32WBA55UGI7TR, STM32WBA5MJGH6TR, STM32WBA62CGU6, STM32WBA62CIU6, STM32WBA62MGF6, STM32WBA62MIF6, STM32WBA62PGI6, STM32WBA62PII6, STM32WBA63CGU6, STM32WBA63CGU7, STM32WBA63CIU6, STM32WBA63CIU7, STM32WBA64CGU6, STM32WBA64CGU7, STM32WBA64CIU6, STM32WBA64CIU7, STM32WBA65CGU6, STM32WBA65CGU7, STM32WBA65CIU6, STM32WBA65CIU7, STM32WBA65I-DK1, STM32WBA65MGF6, STM32WBA65MGF7, STM32WBA65MIF6, STM32WBA65MIF7, STM32WBA65PGI6, STM32WBA65PGI7, STM32WBA65PII6, STM32WBA65PII7, STM32WBA65RGV6, STM32WBA65RGV7, STM32WBA65RIV6, STM32WBA65RIV7, STM32WL30K8V6, STM32WL30KBV6, STM32WL31C8V6, STM32WL31CBV6, STM32WL31K8V6, STM32WL31KBV6, STM32WL33C8V6, STM32WL33C8V6TR, STM32WL33C8V7, STM32WL33C8V7TR, STM32WL33CBV6, STM32WL33CBV6TR, STM32WL33CBV7, STM32WL33CBV7TR, STM32WL33CCV6, STM32WL33CCV6TR, STM32WL33CCV7, STM32WL33CCV7A, STM32WL33CCV7ATR, STM32WL33CCV7TR, STM32WL33K8V6, STM32WL33K8V6TR, STM32WL33K8V7, STM32WL33K8V7TR, STM32WL33KBV6, STM32WL33KBV6TR, STM32WL33KBV7, STM32WL33KBV7TR, STM32WL33KCV6, STM32WL33KCV6TR, STM32WL33KCV7, STM32WL33KCV7TR, STM32WL5MOCH6, STM32WL5MOCH6TR]
2025-03-21 09:26:14,961 [INFO] BoardInfo:889 - No configuration file found for board P-NUCLEO-WB55
2025-03-21 09:26:14,963 [INFO] DbBoards:161 - Kit is not supported: P-NUCLEO-WB55
2025-03-21 09:26:14,970 [INFO] BoardInfo:889 - No configuration file found for board STEVAL-BFA001V1B
2025-03-21 09:26:14,972 [INFO] DbBoards:161 - Kit is not supported: STEVAL-BFA001V1B
2025-03-21 09:26:14,973 [INFO] BoardInfo:889 - No configuration file found for board STEVAL-BFA001V2B
2025-03-21 09:26:14,974 [INFO] DbBoards:161 - Kit is not supported: STEVAL-BFA001V2B
2025-03-21 09:26:15,213 [INFO] DbBoards:168 - Found 211 boards, 208 are supported
2025-03-21 09:26:15,213 [INFO] DbBoards:169 - Found 211 boards, 43 of them is supported for  Bsp
2025-03-21 09:26:15,216 [INFO] ApiDb:668 - CubeFinder database Data Model version=2.1
2025-03-21 09:26:15,217 [INFO] ApiDb:669 - CubeFinder database Configuration version=3.0.39
2025-03-21 09:26:15,217 [INFO] ApiDb:670 - CubeFinder database generation date=2025-02-18 (1739885696)
2025-03-21 09:26:15,217 [INFO] ApiDb:671 - CubeFinder database FW Pack versions=[FP-ATR-ASTRA1_V2.0.0, FP-SNS-FLIGHT1_V5.0.2, FP-SNS-MOTENV1_V5.0.0, FP-SNS-MOTENVWB1_V1.4.0, FP-SNS-SMARTAG2_V1.2.0, FP-SNS-STBOX1_V2.0.0, STM32Cube_FW_C0_V1.4.0, STM32Cube_FW_F4_V1.28.1, STM32Cube_FW_F7_V1.17.2, STM32Cube_FW_G0_V1.6.2, STM32Cube_FW_G4_V1.6.1, STM32Cube_FW_H5_V1.5.0, STM32Cube_FW_H7RS_V1.2.0, STM32Cube_FW_H7_V1.12.1, STM32Cube_FW_L0_V1.12.2, STM32Cube_FW_L4_V1.18.1, STM32Cube_FW_L5_V1.5.1, STM32Cube_FW_N6_V1.1.0, STM32Cube_FW_U0_V1.2.0, STM32Cube_FW_U3_V1.1.0, STM32Cube_FW_U5_V1.7.0, STM32Cube_FW_WB0_V1.2.0, STM32Cube_FW_WBA_V1.6.0, STM32Cube_FW_WB_V1.22.0, STM32Cube_FW_WL3_V1.1.0, STM32Cube_FW_WL_V1.3.1, X-CUBE-ALGOBUILD_V1.4.0, X-CUBE-ALS_V1.0.2, X-CUBE-AZRTOS-F4_V1.1.0, X-CUBE-AZRTOS-F7_V1.1.0, X-CUBE-AZRTOS-G0_V1.1.0, X-CUBE-AZRTOS-G4_V2.0.0, X-CUBE-AZRTOS-H7RS_V1.0.0, X-CUBE-AZRTOS-H7_V3.3.0, X-CUBE-AZRTOS-L4_V2.0.0, X-CUBE-AZRTOS-L5_V2.0.0, X-CUBE-AZRTOS-WB_V2.0.0, X-CUBE-AZRTOS-WL_V2.0.0, X-CUBE-BLE1_V7.0.0, X-CUBE-BLE2_V3.3.0, X-CUBE-BLEMGR_V4.0.0, X-CUBE-EEPRMA1_V5.1.0, X-CUBE-FREERTOS_V1.3.0, X-CUBE-GNSS1_V6.0.0, X-CUBE-MEMS1_V11.1.0, X-CUBE-NFC4_V3.0.0, X-CUBE-NFC7_V1.0.1, X-CUBE-SFXS2LP1_V4.0.0, X-CUBE-SUBG2_V5.0.0, X-CUBE-TOF1_V3.4.2]
2025-03-21 09:26:17,333 [INFO] ApiDb:240 - Found 895 in-development CPN: [B-G473E-ZEST1S, B-WB1M-WPAN1, B-WBA5M-WPAN, B-WL5M-SUBG1, NUCLEO-C031C6, NUCLEO-C051C8, NUCLEO-C071RB, NUCLEO-C092RC, NUCLEO-H503RB, NUCLEO-H533RE, NUCLEO-H563ZI, NUCLEO-H7S3L8, NUCLEO-N657X0-Q, NUCLEO-U031R8, NUCLEO-U083RC, NUCLEO-U385RG-Q, NUCLEO-U545RE-Q, NUCLEO-U5A5ZJ-Q, NUCLEO-WB05KZ, NUCLEO-WB07CC, NUCLEO-WB09KE, NUCLEO-WBA52CG, NUCLEO-WBA55CG, NUCLEO-WBA65RI, NUCLEO-WL33CC1, NUCLEO-WL33CC2, STEVAL-PROTEUS1, STEVAL-SMARTAG2, STEVAL-STWINBX1, STM320518-EVAL, STM32C0116-DK, STM32C011D6Y3TR, STM32C011D6Y6TR, STM32C011F4P3, STM32C011F4P6, STM32C011F4U3, STM32C011F4U6TR, STM32C011F6P3, STM32C011F6P6, STM32C011F6U3, STM32C011F6U6TR, STM32C011J4M3, STM32C011J4M6, STM32C011J6M3, STM32C011J6M6, STM32C0316-DK, STM32C031C4T3, STM32C031C4T6, STM32C031C4U3, STM32C031C4U6, STM32C031C6T3, STM32C031C6T6, STM32C031C6U3, STM32C031C6U6, STM32C031F4P3, STM32C031F4P6, STM32C031F6P3, STM32C031F6P6, STM32C031G4U3, STM32C031G4U6, STM32C031G6U3, STM32C031G6U6, STM32C031K4T3, STM32C031K4T6, STM32C031K4U3, STM32C031K4U6, STM32C031K6T3, STM32C031K6T6, STM32C031K6U3, STM32C031K6U6, STM32C051C6T6, STM32C051C6U6, STM32C051C8T6, STM32C051C8U6, STM32C051D8Y6TR, STM32C051F6P6, STM32C051F8P6, STM32C051G6U6, STM32C051G8U6, STM32C051K6T6, STM32C051K6U6, STM32C051K8T6, STM32C071C8T6, STM32C071C8T6N, STM32C071C8U6, STM32C071C8U6N, STM32C071CBT6, STM32C071CBT6N, STM32C071CBU6, STM32C071CBU6N, STM32C071F8P6, STM32C071F8P6N, STM32C071FBP6, STM32C071FBP6N, STM32C071FBY6TR, STM32C071G8U6, STM32C071G8U6N, STM32C071GBU6, STM32C071GBU6N, STM32C071K8T6, STM32C071K8T6N, STM32C071K8U6, STM32C071K8U6N, STM32C071KBT6, STM32C071KBT6N, STM32C071KBU6, STM32C071KBU6N, STM32C071R8T6, STM32C071R8T6N, STM32C071RBI6N, STM32C071RBT6, STM32C071RBT6N, STM32C091CBT6, STM32C091CBU6, STM32C091CCT6, STM32C091CCU6, STM32C091ECY6TR, STM32C091FBP6, STM32C091FCP6, STM32C091GBU6, STM32C091GCU6, STM32C091KBT6, STM32C091KBU6, STM32C091KCT6, STM32C091KCU6, STM32C091RBT6, STM32C091RCI6, STM32C091RCT6, STM32C092CBT6, STM32C092CBU6, STM32C092CCT6, STM32C092CCU6, STM32C092ECY6TR, STM32C092FBP6, STM32C092FCP6, STM32C092GBU6, STM32C092GCU6, STM32C092KBT6, STM32C092KBU6, STM32C092KCT6, STM32C092KCU6, STM32C092RBT6, STM32C092RCI6, STM32C092RCT6, STM32G071K8TXN, STM32G071K8UXN, STM32G081GBU6N, STM32G081KBT6N, STM32G081KBUXN, STM32G0B1CCT6N, STM32G0B1KCT6, STM32G0B1NEY6TR, STM32G0B1RCT6N, STM32G0C1CCT6, STM32G0C1CCT6N, STM32G0C1CCU6N, STM32G0C1CET6N, STM32G0C1CEU6N, STM32G0C1KCT6, STM32G0C1NEY6TR, STM32G0C1RCI6N, STM32G0C1RCT6N, STM32G0C1REI6N, STM32G0C1RET6N, STM32G0C1VCI6, STM32G0C1VEI6, STM32G411C6T3, STM32G411C6T6, STM32G411C6U3, STM32G411C6U6, STM32G411C8T3, STM32G411C8T6, STM32G411C8U3, STM32G411C8U6, STM32G411CBT3, STM32G411CBT6, STM32G411CBU3, STM32G411CBU6, STM32G411CCT3, STM32G411CCT6, STM32G411CCU3, STM32G411CCU6, STM32G411K6T3, STM32G411K6T6, STM32G411K6U3, STM32G411K6U6, STM32G411K8T3, STM32G411K8T6, STM32G411K8U3, STM32G411K8U6, STM32G411KBT3, STM32G411KBT6, STM32G411KBU3, STM32G411KBU6, STM32G411M6T3, STM32G411M6T6, STM32G411M8T3, STM32G411M8T6, STM32G411MBT3, STM32G411MBT6, STM32G411MCT3, STM32G411MCT6, STM32G411R6T3, STM32G411R6T6, STM32G411R8T3, STM32G411R8T6, STM32G411RBT3, STM32G411RBT6, STM32G411RCT3, STM32G411RCT6, STM32G414CBT3, STM32G414CBT6, STM32G414CBU3, STM32G414CBU6, STM32G414CCT3, STM32G414CCT6, STM32G414CCU3, STM32G414CCU6, STM32G414MBT3, STM32G414MBT6, STM32G414MCT3, STM32G414MCT6, STM32G414RBT3, STM32G414RBT6, STM32G414RCT3, STM32G414RCT6, STM32G414VBT3, STM32G414VBT6, STM32G414VCT3, STM32G414VCT6, STM32G431CBT3Z, STM32G431RBT3Z, STM32G471CCT6, STM32G471CCU6, STM32G471CET3, STM32G471CET6, STM32G471CEU3, STM32G471CEU6, STM32G471MCT6, STM32G471MET3, STM32G471MET6, STM32G471MEY6TR, STM32G471QCT6, STM32G471QET3, STM32G471RCT6, STM32G471RET3, STM32G471RET6, STM32G471VCH6, STM32G471VCI6, STM32G471VCT6, STM32G471VEH3, STM32G471VEH6, STM32G471VEI3, STM32G471VEI6, STM32G471VET3, STM32G471VET6, STM32G473QET3Z, STM32G473RET3Z, STM32G474CCT6, STM32G491RET3Z, STM32H503CBT6, STM32H503CBU6, STM32H503EBY6TR, STM32H503KBU6, STM32H503RBT6, STM32H523CCT6, STM32H523CCU6, STM32H523CET6, STM32H523CEU6, STM32H523HEY6TR, STM32H523RCT6, STM32H523RET6, STM32H523VCI6, STM32H523VCT6, STM32H523VEI6, STM32H523VET6, STM32H523ZCJ6, STM32H523ZCT6, STM32H523ZEJ6, STM32H523ZET6, STM32H533CET6, STM32H533CEU6, STM32H533HEY6TR, STM32H533RET6, STM32H533VEI6, STM32H533VET6, STM32H533ZEJ6, STM32H533ZET6, STM32H562AGI6, STM32H562AII6, STM32H562IGK6, STM32H562IGT6, STM32H562IIK6, STM32H562IIT6, STM32H562RGT6, STM32H562RGV6, STM32H562RIT6, STM32H562RIV6, STM32H562VGT6, STM32H562VIT6, STM32H562ZGT6, STM32H562ZIT6, STM32H563AGI6, STM32H563AII3Q, STM32H563AII6, STM32H563IGK6, STM32H563IGT6, STM32H563IIK3Q, STM32H563IIK6, STM32H563IIT3Q, STM32H563IIT6, STM32H563MIY3QTR, STM32H563RGT6, STM32H563RGV6, STM32H563RIT6, STM32H563RIV6, STM32H563VGT6, STM32H563VIT3Q, STM32H563VIT6, STM32H563ZGT6, STM32H563ZIT3Q, STM32H563ZIT6, STM32H573AII3Q, STM32H573AII6, STM32H573I-DK, STM32H573IIK3Q, STM32H573IIK6, STM32H573IIT3Q, STM32H573IIT6, STM32H573MIY3QTR, STM32H573RIT6, STM32H573RIV6, STM32H573VIT3Q, STM32H573VIT6, STM32H573ZIT3Q, STM32H573ZIT6, STM32H7R3A8I6, STM32H7R3I8K6, STM32H7R3I8T6, STM32H7R3L8H6, STM32H7R3L8H6H, STM32H7R3R8V6, STM32H7R3V8H6, STM32H7R3V8T6, STM32H7R3V8Y6TR, STM32H7R3Z8J6, STM32H7R3Z8T6, STM32H7R7A8I6, STM32H7R7I8K6, STM32H7R7I8T6, STM32H7R7L8H6, STM32H7R7L8H6H, STM32H7R7Z8J6, STM32H7S3A8I6, STM32H7S3I8K6, STM32H7S3I8T6, STM32H7S3L8H6, STM32H7S3L8H6H, STM32H7S3R8V6, STM32H7S3V8H6, STM32H7S3V8T6, STM32H7S3V8Y6TR, STM32H7S3Z8J6, STM32H7S3Z8T6, STM32H7S78-DK, STM32H7S7A8I6, STM32H7S7I8K6, STM32H7S7I8T6, STM32H7S7L8H6, STM32H7S7L8H6H, STM32H7S7Z8J6, STM32L4R5QGI6STR, STM32MP131AAE3, STM32MP131AAF3, STM32MP131AAG3, STM32MP131CAE3, STM32MP131CAF3, STM32MP131CAG3, STM32MP131DAE7, STM32MP131DAF7, STM32MP131DAG7, STM32MP131FAE7, STM32MP131FAF7, STM32MP131FAG7, STM32MP133AAE3, STM32MP133AAF3, STM32MP133AAG3, STM32MP133CAE3, STM32MP133CAF3, STM32MP133CAG3, STM32MP133DAE7, STM32MP133DAF7, STM32MP133DAG7, STM32MP133FAE7, STM32MP133FAF7, STM32MP133FAG7, STM32MP135AAE3, STM32MP135AAF3, STM32MP135AAG3, STM32MP135CAE3, STM32MP135CAF3, STM32MP135CAG3, STM32MP135DAE7, STM32MP135DAF7, STM32MP135DAG7, STM32MP135F-DK, STM32MP135FAE7, STM32MP135FAF7, STM32MP135FAF7T, STM32MP135FAF7U, STM32MP135FAG7, STM32MP231AAJ3, STM32MP231AAK3, STM32MP231AAL3, STM32MP231CAJ3, STM32MP231CAK3, STM32MP231CAL3, STM32MP231DAJ3, STM32MP231DAK3, STM32MP231DAL3, STM32MP231FAJ3, STM32MP231FAK3, STM32MP231FAL3, STM32MP233AAJ3, STM32MP233AAK3, STM32MP233AAL3, STM32MP233CAJ3, STM32MP233CAK3, STM32MP233CAL3, STM32MP233DAJ3, STM32MP233DAK3, STM32MP233DAL3, STM32MP233FAJ3, STM32MP233FAK3, STM32MP233FAL3, STM32MP235AAJ3, STM32MP235AAK3, STM32MP235AAL3, STM32MP235CAJ3, STM32MP235CAK3, STM32MP235CAL3, STM32MP235DAJ3, STM32MP235DAK3, STM32MP235DAL3, STM32MP235FAJ3, STM32MP235FAK3, STM32MP235FAL3, STM32MP251AAI3, STM32MP251AAJ3, STM32MP251AAK3, STM32MP251AAL3, STM32MP251CAI3, STM32MP251CAJ3, STM32MP251CAK3, STM32MP251CAL3, STM32MP251DAI3, STM32MP251DAJ3, STM32MP251DAK3, STM32MP251DAL3, STM32MP251FAI3, STM32MP251FAJ3, STM32MP251FAK3, STM32MP251FAL3, STM32MP253AAI3, STM32MP253AAJ3, STM32MP253AAK3, STM32MP253AAL3, STM32MP253CAI3, STM32MP253CAJ3, STM32MP253CAK3, STM32MP253CAL3, STM32MP253DAI3, STM32MP253DAJ3, STM32MP253DAK3, STM32MP253DAL3, STM32MP253FAI3, STM32MP253FAJ3, STM32MP253FAK3, STM32MP253FAL3, STM32MP255AAI3, STM32MP255AAJ3, STM32MP255AAK3, STM32MP255AAL3, STM32MP255CAI3, STM32MP255CAJ3, STM32MP255CAK3, STM32MP255CAL3, STM32MP255DAI3, STM32MP255DAJ3, STM32MP255DAK3, STM32MP255DAL3, STM32MP255FAI3, STM32MP255FAJ3, STM32MP255FAK3, STM32MP255FAL3, STM32MP257AAI3, STM32MP257AAJ3, STM32MP257AAK3, STM32MP257AAL3, STM32MP257CAI3, STM32MP257CAJ3, STM32MP257CAK3, STM32MP257CAL3, STM32MP257DAI3, STM32MP257DAJ3, STM32MP257DAK3, STM32MP257DAL3, STM32MP257F-DK, STM32MP257F-EV1, STM32MP257FAI3, STM32MP257FAJ3, STM32MP257FAK3, STM32MP257FAL3, STM32N645A0H3Q, STM32N645B0H3Q, STM32N645I0H3Q, STM32N645L0H3Q, STM32N645X0H3Q, STM32N645Z0H3Q, STM32N647A0H3Q, STM32N647B0H3Q, STM32N647I0H3Q, STM32N647L0H3Q, STM32N647X0H3Q, STM32N647Z0H3Q, STM32N655A0H3Q, STM32N655B0H3Q, STM32N655I0H3Q, STM32N655L0H3Q, STM32N655X0H3Q, STM32N655Z0H3Q, STM32N6570-DK, STM32N657A0H3Q, STM32N657B0H3Q, STM32N657I0H3Q, STM32N657L0H3Q, STM32N657X0H3Q, STM32N657Z0H3Q, STM32U031C6T6, STM32U031C6U6, STM32U031C8T6, STM32U031C8U6, STM32U031F4P6, STM32U031F6P6, STM32U031F8P6, STM32U031G6Y6TR, STM32U031G8Y6TR, STM32U031K4U6, STM32U031K6U6, STM32U031K8U6, STM32U031R6I6, STM32U031R6T6, STM32U031R8I6, STM32U031R8T6, STM32U073C8T6, STM32U073C8U6, STM32U073CBT6, STM32U073CBU6, STM32U073CCT6, STM32U073CCU6, STM32U073H8Y6TR, STM32U073HBY6TR, STM32U073HCY6TR, STM32U073K8U6, STM32U073KBU6, STM32U073KCU6, STM32U073M8I6, STM32U073M8T6, STM32U073MBI6, STM32U073MBT6, STM32U073MCI6, STM32U073MCT6, STM32U073R8I6, STM32U073R8T6, STM32U073RBI6, STM32U073RBT6, STM32U073RCI6, STM32U073RCT6, STM32U083C-DK, STM32U083CCT6, STM32U083CCU6, STM32U083HCY6TR, STM32U083KCU6, STM32U083MCI6, STM32U083MCT6, STM32U083RCI6, STM32U083RCT6, STM32U375CET6, STM32U375CET6Q, STM32U375CEU6, STM32U375CEU6Q, STM32U375CEY6QTR, STM32U375CGT6, STM32U375CGT6Q, STM32U375CGU6, STM32U375CGU6Q, STM32U375CGY6QTR, STM32U375KEU6, STM32U375KGU6, STM32U375REI6, STM32U375REI6Q, STM32U375RET6, STM32U375RET6Q, STM32U375REY6GTR, STM32U375REY6QTR, STM32U375RGI6, STM32U375RGI6Q, STM32U375RGT6, STM32U375RGT6Q, STM32U375RGY6GTR, STM32U375RGY6QTR, STM32U375VEI6, STM32U375VEI6Q, STM32U375VET6, STM32U375VET6Q, STM32U375VGI6, STM32U375VGI6Q, STM32U375VGT6, STM32U375VGT6Q, STM32U385CGT6, STM32U385CGT6Q, STM32U385CGU6, STM32U385CGU6Q, STM32U385CGY6QTR, STM32U385KGU6, STM32U385RGI6, STM32U385RGI6Q, STM32U385RGT6, STM32U385RGT6Q, STM32U385RGY6GTR, STM32U385RGY6QTR, STM32U385VGI6, STM32U385VGI6Q, STM32U385VGT6, STM32U385VGT6Q, STM32U535CBT6, STM32U535CBT6Q, STM32U535CBU6, STM32U535CBU6Q, STM32U535CCT6, STM32U535CCT6Q, STM32U535CCU6, STM32U535CCU6Q, STM32U535CET6, STM32U535CET6Q, STM32U535CEU6, STM32U535CEU6Q, STM32U535JEY6QTR, STM32U535NCY6QTR, STM32U535NEY6QTR, STM32U535RBI6, STM32U535RBI6Q, STM32U535RBT6, STM32U535RBT6Q, STM32U535RCI6, STM32U535RCI6Q, STM32U535RCT6, STM32U535RCT6Q, STM32U535REI6, STM32U535REI6Q, STM32U535RET6, STM32U535RET6Q, STM32U535VCI6, STM32U535VCI6Q, STM32U535VCT6, STM32U535VCT6Q, STM32U535VEI6, STM32U535VEI6Q, STM32U535VET6, STM32U535VET6Q, STM32U545CET6, STM32U545CET6Q, STM32U545CEU6, STM32U545CEU6Q, STM32U545JEY6QTR, STM32U545NEY6QTR, STM32U545REI6, STM32U545REI6Q, STM32U545RET6, STM32U545RET6Q, STM32U545VEI6, STM32U545VEI6Q, STM32U545VET6, STM32U545VET6Q, STM32U595AIH6, STM32U595AIH6Q, STM32U595AJH6, STM32U595AJH6Q, STM32U595QII6, STM32U595QII6Q, STM32U595QJI6, STM32U595QJI6Q, STM32U595RIT6, STM32U595RIT6Q, STM32U595RJT6, STM32U595RJT6Q, STM32U595VIT6, STM32U595VIT6Q, STM32U595VJT6, STM32U595VJT6Q, STM32U595ZIT6, STM32U595ZIT6Q, STM32U595ZIY6QTR, STM32U595ZJT6, STM32U595ZJT6Q, STM32U595ZJY6QTR, STM32U599BJY6QTR, STM32U599NIH6Q, STM32U599NJH6Q, STM32U599VIT6Q, STM32U599VJT6, STM32U599VJT6Q, STM32U599ZIT6Q, STM32U599ZIY6QTR, STM32U599ZJT6Q, STM32U599ZJY6QTR, STM32U5A5AJH6, STM32U5A5AJH6Q, STM32U5A5QII3Q , STM32U5A5QJI6, STM32U5A5QJI6Q, STM32U5A5RJT6, STM32U5A5RJT6Q, STM32U5A5VJT6, STM32U5A5VJT6Q, STM32U5A5ZJT6, STM32U5A5ZJT6Q, STM32U5A5ZJY6QTR, STM32U5A9BJY6QTR, STM32U5A9J-DK, STM32U5A9NJH6Q, STM32U5A9VJT6Q, STM32U5A9ZJT6Q, STM32U5A9ZJY6QTR, STM32U5F7VIT6, STM32U5F7VIT6Q, STM32U5F7VJT6, STM32U5F7VJT6Q, STM32U5F9BJY6QTR, STM32U5F9NJH6Q, STM32U5F9VIT6Q, STM32U5F9VJT6Q, STM32U5F9ZIJ6QTR, STM32U5F9ZIT6Q, STM32U5F9ZJJ6QTR, STM32U5F9ZJT6Q, STM32U5G7VJT6, STM32U5G7VJT6Q, STM32U5G9BJY6QTR, STM32U5G9J-DK1, STM32U5G9J-DK2, STM32U5G9NJH6Q, STM32U5G9VJT6Q, STM32U5G9ZJJ6QTR, STM32U5G9ZJT6Q, STM32WB05KZV6TR, STM32WB05KZV7TR, STM32WB05TZF6TR, STM32WB05TZF7TR, STM32WB06CCF6TR, STM32WB06CCF7TR, STM32WB06CCV6TR, STM32WB06CCV7TR, STM32WB06KCV6TR, STM32WB06KCV7TR, STM32WB07CCF6TR, STM32WB07CCF7TR, STM32WB07CCV6TR, STM32WB07CCV7TR, STM32WB07KCV6TR, STM32WB07KCV7TR, STM32WB09KEV6TR, STM32WB09KEV7TR, STM32WB09TEF6TR, STM32WB09TEF7TR, STM32WB1MMCH6, STM32WBA50KGU6, STM32WBA50KGU6TR, STM32WBA52CEU6, STM32WBA52CEU6TR, STM32WBA52CEU7, STM32WBA52CEU7TR, STM32WBA52CGU6, STM32WBA52CGU6TR, STM32WBA52CGU6U, STM32WBA52CGU7, STM32WBA52CGU7TR, STM32WBA52KEU6, STM32WBA52KEU6TR, STM32WBA52KGU6, STM32WBA52KGU6TR, STM32WBA54CEU6, STM32WBA54CEU6TR, STM32WBA54CEU7, STM32WBA54CEU7TR, STM32WBA54CGU6, STM32WBA54CGU6TR, STM32WBA54CGU7, STM32WBA54CGU7TR, STM32WBA54KEU6, STM32WBA54KEU6TR, STM32WBA54KEU7, STM32WBA54KEU7TR, STM32WBA54KGU6, STM32WBA54KGU6TR, STM32WBA54KGU7, STM32WBA54KGU7TR, STM32WBA55CEU6, STM32WBA55CEU6TR, STM32WBA55CEU7, STM32WBA55CEU7TR, STM32WBA55CGU6, STM32WBA55CGU6TR, STM32WBA55CGU6U, STM32WBA55CGU7, STM32WBA55CGU7TR, STM32WBA55G-DK1, STM32WBA55HEF6, STM32WBA55HEF7, STM32WBA55HGF6, STM32WBA55HGF7, STM32WBA55UEI6, STM32WBA55UEI6TR, STM32WBA55UEI7, STM32WBA55UEI7TR, STM32WBA55UGI6, STM32WBA55UGI6TR, STM32WBA55UGI7, STM32WBA55UGI7TR, STM32WBA5MJGH6TR, STM32WBA62CGU6, STM32WBA62CIU6, STM32WBA62MGF6, STM32WBA62MIF6, STM32WBA62PGI6, STM32WBA62PII6, STM32WBA63CGU6, STM32WBA63CGU7, STM32WBA63CIU6, STM32WBA63CIU7, STM32WBA64CGU6, STM32WBA64CGU7, STM32WBA64CIU6, STM32WBA64CIU7, STM32WBA65CGU6, STM32WBA65CGU7, STM32WBA65CIU6, STM32WBA65CIU7, STM32WBA65I-DK1, STM32WBA65MGF6, STM32WBA65MGF7, STM32WBA65MIF6, STM32WBA65MIF7, STM32WBA65PGI6, STM32WBA65PGI7, STM32WBA65PII6, STM32WBA65PII7, STM32WBA65RGV6, STM32WBA65RGV7, STM32WBA65RIV6, STM32WBA65RIV7, STM32WL30K8V6, STM32WL30KBV6, STM32WL31C8V6, STM32WL31CBV6, STM32WL31K8V6, STM32WL31KBV6, STM32WL33C8V6, STM32WL33C8V6TR, STM32WL33C8V7, STM32WL33C8V7TR, STM32WL33CBV6, STM32WL33CBV6TR, STM32WL33CBV7, STM32WL33CBV7TR, STM32WL33CCV6, STM32WL33CCV6TR, STM32WL33CCV7, STM32WL33CCV7A, STM32WL33CCV7ATR, STM32WL33CCV7TR, STM32WL33K8V6, STM32WL33K8V6TR, STM32WL33K8V7, STM32WL33K8V7TR, STM32WL33KBV6, STM32WL33KBV6TR, STM32WL33KBV7, STM32WL33KBV7TR, STM32WL33KCV6, STM32WL33KCV6TR, STM32WL33KCV7, STM32WL33KCV7TR, STM32WL5MOCH6, STM32WL5MOCH6TR]
2025-03-21 09:26:17,337 [INFO] DbMcus:218 - Found 4682 MCUs, 4682 are supported
2025-03-21 09:26:17,337 [INFO] ApiDb:423 - Load user favorites file C:\Users\catsa/.stm32cubeide/favorites.mcus.txt: 0 item(s)
2025-03-21 09:26:17,338 [INFO] ApiDb:427 - User favorites MCUs=[]
2025-03-21 09:26:17,338 [INFO] DbMcus:224 - Set 0 / 0 favorites MCUs
2025-03-21 09:26:17,715 [INFO] ApiDb:423 - Load user favorites file C:\Users\catsa/.stm32cubeide/favorites.boards.txt: 0 item(s)
2025-03-21 09:26:17,715 [INFO] ApiDb:427 - User favorites Boards=[]
2025-03-21 09:26:17,715 [INFO] DbBoards:198 - Set 0 / 0 favorites Boards
2025-03-21 09:26:17,779 [INFO] UtilMem:75 - End LoadConfig() Used Memory: 300171216 Bytes (507510784)
2025-03-21 09:26:17,919 [WARN] ThirdParty:833 - waiting for thirdparty lock release [change project]
2025-03-21 09:26:17,920 [INFO] ThirdParty:835 - entering critical section [change project]
2025-03-21 09:26:17,920 [INFO] ThirdParty:1030 - CMSIS Pack Vendor :STMicroelectronics USBPD 4.1
2025-03-21 09:26:17,920 [INFO] ThirdParty:1030 - CMSIS Pack Vendor :STMicroelectronics X-CUBE-GNSS1 6.0.0
2025-03-21 09:26:17,920 [INFO] ThirdParty:1030 - CMSIS Pack Vendor :STMicroelectronics USB_HOST 2.0.0
2025-03-21 09:26:17,920 [INFO] ThirdParty:1030 - CMSIS Pack Vendor :STMicroelectronics FP-SNS-MOTENVWB1 1.4.0
2025-03-21 09:26:17,920 [INFO] ThirdParty:1030 - CMSIS Pack Vendor :STMicroelectronics X-CUBE-AZRTOS-F4 1.1.0
2025-03-21 09:26:17,920 [INFO] ThirdParty:1030 - CMSIS Pack Vendor :STMicroelectronics LIBJPEG 8.0.0
2025-03-21 09:26:17,920 [INFO] ThirdParty:1030 - CMSIS Pack Vendor :STMicroelectronics FP-ATR-ASTRA1 2.0.2
2025-03-21 09:26:17,920 [INFO] ThirdParty:1030 - CMSIS Pack Vendor :STMicroelectronics FP-ATR-ASTRA1 2.0.1
2025-03-21 09:26:17,920 [INFO] ThirdParty:1030 - CMSIS Pack Vendor :STMicroelectronics X-CUBE-SMBUS 2.1.0
2025-03-21 09:26:17,920 [INFO] ThirdParty:1030 - CMSIS Pack Vendor :STMicroelectronics X-CUBE-WB05N 1.1.0
2025-03-21 09:26:17,920 [INFO] ThirdParty:1030 - CMSIS Pack Vendor :STMicroelectronics X-CUBE-ISPU 2.1.0
2025-03-21 09:26:17,920 [INFO] ThirdParty:1030 - CMSIS Pack Vendor :STMicroelectronics X-CUBE-FREERTOS 1.2.0
2025-03-21 09:26:17,920 [INFO] ThirdParty:1030 - CMSIS Pack Vendor :STMicroelectronics X-CUBE-TOUCHGFX 4.23.1
2025-03-21 09:26:17,920 [INFO] ThirdParty:1030 - CMSIS Pack Vendor :STMicroelectronics X-CUBE-TOUCHGFX 4.23.0
2025-03-21 09:26:17,921 [INFO] ThirdParty:1030 - CMSIS Pack Vendor :STMicroelectronics X-CUBE-BLEMGR 1.2.0
2025-03-21 09:26:17,921 [INFO] ThirdParty:1030 - CMSIS Pack Vendor :STMicroelectronics X-CUBE-TOUCHGFX 4.23.2
2025-03-21 09:26:17,921 [INFO] ThirdParty:1030 - CMSIS Pack Vendor :STMicroelectronics X-CUBE-AZRTOS-F7 1.1.0
2025-03-21 09:26:17,921 [INFO] ThirdParty:1030 - CMSIS Pack Vendor :STMicroelectronics X-CUBE-AZRTOS-L5 2.0.0
2025-03-21 09:26:17,921 [INFO] ThirdParty:1030 - CMSIS Pack Vendor :STMicroelectronics USB_DEVICE 2.0.0
2025-03-21 09:26:17,921 [INFO] ThirdParty:1030 - CMSIS Pack Vendor :STMicroelectronics X-CUBE-MEMS1 9.6.0
2025-03-21 09:26:17,921 [INFO] ThirdParty:1030 - CMSIS Pack Vendor :STMicroelectronics X-CUBE-EEPRMA1 4.2.0
2025-03-21 09:26:17,921 [INFO] ThirdParty:1030 - CMSIS Pack Vendor :STMicroelectronics X-CUBE-NFC6 3.1.0
2025-03-21 09:26:17,921 [INFO] ThirdParty:1030 - CMSIS Pack Vendor :ITTIA_DB I-CUBE-ITTIADB 8.8.0
2025-03-21 09:26:17,921 [INFO] ThirdParty:1030 - CMSIS Pack Vendor :STMicroelectronics FP-SNS-MOTENV1 4.3.0
2025-03-21 09:26:17,921 [INFO] ThirdParty:1030 - CMSIS Pack Vendor :STMicroelectronics FP-SNS-MOTENV1 4.3.2
2025-03-21 09:26:17,921 [INFO] ThirdParty:1030 - CMSIS Pack Vendor :STMicroelectronics FP-SNS-FLIGHT1 5.0.0
2025-03-21 09:26:17,921 [INFO] ThirdParty:1030 - CMSIS Pack Vendor :STMicroelectronics FP-SNS-MOTENV1 4.3.1
2025-03-21 09:26:17,921 [INFO] ThirdParty:1030 - CMSIS Pack Vendor :STMicroelectronics FP-SNS-FLIGHT1 5.0.1
2025-03-21 09:26:17,921 [INFO] ThirdParty:1030 - CMSIS Pack Vendor :STMicroelectronics X-CUBE-BLE1 6.2.3
2025-03-21 09:26:17,922 [INFO] ThirdParty:1030 - CMSIS Pack Vendor :STMicroelectronics X-CUBE-MEMS1 11.0.0
2025-03-21 09:26:17,922 [INFO] ThirdParty:1030 - CMSIS Pack Vendor :STMicroelectronics X-CUBE-BLE1 6.2.4
2025-03-21 09:26:17,922 [INFO] ThirdParty:1030 - CMSIS Pack Vendor :STMicroelectronics FreeRTOS 0.0.1
2025-03-21 09:26:17,922 [INFO] ThirdParty:1030 - CMSIS Pack Vendor :emotas I-CUBE-CANOPEN 1.1.3
2025-03-21 09:26:17,922 [INFO] ThirdParty:1030 - CMSIS Pack Vendor :STMicroelectronics X-CUBE-BLEMGR 2.0.0
2025-03-21 09:26:17,922 [INFO] ThirdParty:1030 - CMSIS Pack Vendor :STMicroelectronics X-CUBE-DPower 1.2.0
2025-03-21 09:26:17,922 [INFO] ThirdParty:1030 - CMSIS Pack Vendor :STMicroelectronics FP-SNS-FLIGHT1 5.0.2
2025-03-21 09:26:17,922 [INFO] ThirdParty:1030 - CMSIS Pack Vendor :STMicroelectronics X-CUBE-NFC4 2.0.5
2025-03-21 09:26:17,922 [INFO] ThirdParty:1030 - CMSIS Pack Vendor :STMicroelectronics X-CUBE-AI 9.0.0
2025-03-21 09:26:17,922 [INFO] ThirdParty:1030 - CMSIS Pack Vendor :STMicroelectronics X-CUBE-AZRTOS-H7 3.1.0
2025-03-21 09:26:17,922 [INFO] ThirdParty:1030 - CMSIS Pack Vendor :STMicroelectronics PDM2PCM 3.3.0
2025-03-21 09:26:17,922 [INFO] ThirdParty:1030 - CMSIS Pack Vendor :STMicroelectronics X-CUBE-DISPLAY 3.0.0
2025-03-21 09:26:17,922 [INFO] ThirdParty:1030 - CMSIS Pack Vendor :wolfSSL I-CUBE-wolfSSL 5.5.3
2025-03-21 09:26:17,922 [INFO] ThirdParty:1030 - CMSIS Pack Vendor :STMicroelectronics X-CUBE-BLE1 7.0.0
2025-03-21 09:26:17,922 [INFO] ThirdParty:1030 - CMSIS Pack Vendor :STMicroelectronics X-CUBE-NFC10 1.0.0
2025-03-21 09:26:17,922 [INFO] ThirdParty:1030 - CMSIS Pack Vendor :STMicroelectronics X-CUBE-BLEMGR 4.0.0
2025-03-21 09:26:17,923 [INFO] ThirdParty:1030 - CMSIS Pack Vendor :STMicroelectronics HAL Drivers 0.0.0
2025-03-21 09:26:17,923 [INFO] ThirdParty:1030 - CMSIS Pack Vendor :STMicroelectronics X-CUBE-FREERTOS 1.3.0
2025-03-21 09:26:17,923 [INFO] ThirdParty:1030 - CMSIS Pack Vendor :STMicroelectronics X-CUBE-TOUCHGFX 4.22.0
2025-03-21 09:26:17,923 [INFO] ThirdParty:1030 - CMSIS Pack Vendor :STMicroelectronics X-CUBE-NFC7 1.0.1
2025-03-21 09:26:17,923 [INFO] ThirdParty:1030 - CMSIS Pack Vendor :STMicroelectronics MBEDTLS 2.14.1
2025-03-21 09:26:17,923 [INFO] ThirdParty:1030 - CMSIS Pack Vendor :STMicroelectronics X-CUBE-NFC7 1.0.0
2025-03-21 09:26:17,923 [INFO] ThirdParty:1030 - CMSIS Pack Vendor :STMicroelectronics X-CUBE-TOUCHGFX 4.22.1
2025-03-21 09:26:17,923 [INFO] ThirdParty:1030 - CMSIS Pack Vendor :wolfSSL I-CUBE-wolfTPM 3.2.0
2025-03-21 09:26:17,923 [INFO] ThirdParty:1030 - CMSIS Pack Vendor :STMicroelectronics X-CUBE-NFC6 3.0.0
2025-03-21 09:26:17,923 [INFO] ThirdParty:1030 - CMSIS Pack Vendor :STMicroelectronics X-CUBE-MEMS1 9.3.0
2025-03-21 09:26:17,923 [INFO] ThirdParty:1030 - CMSIS Pack Vendor :STMicroelectronics X-CUBE-EEPRMA1 4.1.0
2025-03-21 09:26:17,923 [INFO] ThirdParty:1030 - CMSIS Pack Vendor :STMicroelectronics X-CUBE-BLEMGR 3.1.0
2025-03-21 09:26:17,923 [INFO] ThirdParty:1030 - CMSIS Pack Vendor :STMicroelectronics X-CUBE-AI 10.0.0
2025-03-21 09:26:17,923 [INFO] ThirdParty:1030 - CMSIS Pack Vendor :STMicroelectronics FP-SNS-SMARTAG2 1.2.0
2025-03-21 09:26:17,923 [INFO] ThirdParty:1030 - CMSIS Pack Vendor :STMicroelectronics FP-SNS-FLIGHT1 5.1.0
2025-03-21 09:26:17,923 [INFO] ThirdParty:1030 - CMSIS Pack Vendor :STMicroelectronics X-CUBE-MEMS1 11.1.0
2025-03-21 09:26:17,923 [INFO] ThirdParty:1030 - CMSIS Pack Vendor :STMicroelectronics X-CUBE-AZRTOS-WL 2.0.0
2025-03-21 09:26:17,923 [INFO] ThirdParty:1030 - CMSIS Pack Vendor :STMicroelectronics FP-SNS-MOTENV1 5.0.0
2025-03-21 09:26:17,923 [INFO] ThirdParty:1030 - CMSIS Pack Vendor :STMicroelectronics USB_DEVICE 1.0.0
2025-03-21 09:26:17,924 [INFO] ThirdParty:1030 - CMSIS Pack Vendor :STMicroelectronics X-CUBE-AI 8.1.0
2025-03-21 09:26:17,924 [INFO] ThirdParty:1030 - CMSIS Pack Vendor :wolfSSL I-CUBE-wolfMQTT 1.19.0
2025-03-21 09:26:17,924 [INFO] ThirdParty:1030 - CMSIS Pack Vendor :STMicroelectronics X-CUBE-AZRTOS-L4 2.0.0
2025-03-21 09:26:17,924 [INFO] ThirdParty:1030 - CMSIS Pack Vendor :STMicroelectronics ThreadX 0.0.2
2025-03-21 09:26:17,924 [INFO] ThirdParty:1030 - CMSIS Pack Vendor :WES I-CUBE-Cesium 1.3.0
2025-03-21 09:26:17,924 [INFO] ThirdParty:1030 - CMSIS Pack Vendor :STMicroelectronics lwIP 2.1.2
2025-03-21 09:26:17,924 [INFO] ThirdParty:1030 - CMSIS Pack Vendor :STMicroelectronics X-CUBE-SFXS2LP1 4.0.0
2025-03-21 09:26:17,924 [INFO] ThirdParty:1030 - CMSIS Pack Vendor :STMicroelectronics X-CUBE-BLE2 3.3.0
2025-03-21 09:26:17,924 [INFO] ThirdParty:1030 - CMSIS Pack Vendor :STMicroelectronics X-CUBE-DISPLAY 2.2.0
2025-03-21 09:26:17,924 [INFO] ThirdParty:1030 - CMSIS Pack Vendor :STMicroelectronics X-CUBE-TOF1 3.2.0
2025-03-21 09:26:17,924 [INFO] ThirdParty:1030 - CMSIS Pack Vendor :STMicroelectronics PDM2PCM 3.2.0
2025-03-21 09:26:17,924 [INFO] ThirdParty:1030 - CMSIS Pack Vendor :STMicroelectronics X-CUBE-AZRTOS-H7 3.0.0
2025-03-21 09:26:17,924 [INFO] ThirdParty:1030 - CMSIS Pack Vendor :STMicroelectronics X-CUBE-ISPU 1.1.0
2025-03-21 09:26:17,924 [INFO] ThirdParty:1030 - CMSIS Pack Vendor :STMicroelectronics X-CUBE-AZRTOS-H7 3.3.0
2025-03-21 09:26:17,924 [INFO] ThirdParty:1030 - CMSIS Pack Vendor :RoweBots I-CUBE-UNISONRTOS 5.5.0-4
2025-03-21 09:26:17,924 [INFO] ThirdParty:1030 - CMSIS Pack Vendor :STMicroelectronics X-CUBE-NFC9 1.0.0
2025-03-21 09:26:17,924 [INFO] ThirdParty:1030 - CMSIS Pack Vendor :STMicroelectronics X-CUBE-AZRTOS-H7 2.1.0
2025-03-21 09:26:17,924 [INFO] ThirdParty:1030 - CMSIS Pack Vendor :STMicroelectronics X-CUBE-BLE1 7.1.0
2025-03-21 09:26:17,924 [INFO] ThirdParty:1030 - CMSIS Pack Vendor :STMicroelectronics USB_DEVICE 3.0.0
2025-03-21 09:26:17,924 [INFO] ThirdParty:1030 - CMSIS Pack Vendor :STMicroelectronics X-CUBE-TCPP 4.1.0
2025-03-21 09:26:17,924 [INFO] ThirdParty:1030 - CMSIS Pack Vendor :STMicroelectronics X-CUBE-AI 8.0.0
2025-03-21 09:26:17,925 [INFO] ThirdParty:1030 - CMSIS Pack Vendor :STMicroelectronics X-CUBE-IPS 3.0.0
2025-03-21 09:26:17,925 [INFO] ThirdParty:1030 - CMSIS Pack Vendor :STMicroelectronics X-CUBE-AZRTOS-WB 2.0.0
2025-03-21 09:26:17,925 [INFO] ThirdParty:1030 - CMSIS Pack Vendor :STMicroelectronics X-CUBE-FREERTOS 1.0.0
2025-03-21 09:26:17,925 [INFO] ThirdParty:1030 - CMSIS Pack Vendor :STMicroelectronics X-CUBE-FREERTOS 1.0.1
2025-03-21 09:26:17,925 [INFO] ThirdParty:1030 - CMSIS Pack Vendor :STMicroelectronics X-CUBE-TOUCHGFX 4.21.1
2025-03-21 09:26:17,925 [INFO] ThirdParty:1030 - CMSIS Pack Vendor :STMicroelectronics X-CUBE-GNSS1 7.0.0
2025-03-21 09:26:17,925 [INFO] ThirdParty:1030 - CMSIS Pack Vendor :STMicroelectronics X-CUBE-TOUCHGFX 4.21.0
2025-03-21 09:26:17,925 [INFO] ThirdParty:1030 - CMSIS Pack Vendor :STMicroelectronics X-CUBE-GNSS1 7.0.1
2025-03-21 09:26:17,925 [INFO] ThirdParty:1030 - CMSIS Pack Vendor :STMicroelectronics X-CUBE-TOUCHGFX 4.21.3
2025-03-21 09:26:17,925 [INFO] ThirdParty:1030 - CMSIS Pack Vendor :STMicroelectronics X-CUBE-TOUCHGFX 4.21.4
2025-03-21 09:26:17,925 [INFO] ThirdParty:1030 - CMSIS Pack Vendor :STMicroelectronics X-CUBE-TOUCHGFX 4.25.0
2025-03-21 09:26:17,925 [INFO] ThirdParty:1030 - CMSIS Pack Vendor :STMicroelectronics X-CUBE-MEMS1 9.4.0
2025-03-21 09:26:17,925 [INFO] ThirdParty:1030 - CMSIS Pack Vendor :STMicroelectronics X-CUBE-AI 7.3.0
2025-03-21 09:26:17,925 [INFO] ThirdParty:1030 - CMSIS Pack Vendor :STMicroelectronics FP-SNS-STBOX1 2.0.0
2025-03-21 09:26:17,925 [INFO] ThirdParty:1030 - CMSIS Pack Vendor :STMicroelectronics X-CUBE-ALGOBUILD 1.3.0
2025-03-21 09:26:17,925 [INFO] ThirdParty:1030 - CMSIS Pack Vendor :STMicroelectronics X-CUBE-AZRTOS-L5 1.1.0
2025-03-21 09:26:17,925 [INFO] ThirdParty:1030 - CMSIS Pack Vendor :STMicroelectronics X-CUBE-AZRTOS-G0 1.1.0
2025-03-21 09:26:17,925 [INFO] ThirdParty:1030 - CMSIS Pack Vendor :STMicroelectronics X-CUBE-AI 8.0.1
2025-03-21 09:26:17,926 [INFO] ThirdParty:1030 - CMSIS Pack Vendor :STMicroelectronics X-CUBE-SAFEA1 1.2.2
2025-03-21 09:26:17,926 [INFO] ThirdParty:1030 - CMSIS Pack Vendor :STMicroelectronics X-CUBE-NFC4 3.0.0
2025-03-21 09:26:17,926 [INFO] ThirdParty:1030 - CMSIS Pack Vendor :STMicroelectronics X-CUBE-SUBG2 5.0.0
2025-03-21 09:26:17,926 [INFO] ThirdParty:1030 - CMSIS Pack Vendor :STMicroelectronics X-CUBE-AZRTOS-H7RS 1.1.0
2025-03-21 09:26:17,926 [INFO] ThirdParty:1030 - CMSIS Pack Vendor :STMicroelectronics STM32_WPAN 1.0.0
2025-03-21 09:26:17,926 [INFO] ThirdParty:1030 - CMSIS Pack Vendor :SEGGER I-CUBE-embOS 1.2.1
2025-03-21 09:26:17,926 [INFO] ThirdParty:1030 - CMSIS Pack Vendor :wolfSSL I-CUBE-wolfMQTT 1.18.0
2025-03-21 09:26:17,926 [INFO] ThirdParty:1030 - CMSIS Pack Vendor :EmbeddedOffice I-CUBE-FS-RTOS 1.0.1
2025-03-21 09:26:17,926 [INFO] ThirdParty:1030 - CMSIS Pack Vendor :STMicroelectronics lwIP 2.0.3
2025-03-21 09:26:17,926 [INFO] ThirdParty:1030 - CMSIS Pack Vendor :Cesanta I-CUBE-Mongoose 7.13.0
2025-03-21 09:26:17,926 [INFO] ThirdParty:1030 - CMSIS Pack Vendor :STMicroelectronics USB_HOST 1.0.0
2025-03-21 09:26:17,926 [INFO] ThirdParty:1030 - CMSIS Pack Vendor :STMicroelectronics X-CUBE-TOF1 3.3.1
2025-03-21 09:26:17,926 [INFO] ThirdParty:1030 - CMSIS Pack Vendor :STMicroelectronics X-CUBE-AZRTOS-G4 2.0.0
2025-03-21 09:26:17,926 [INFO] ThirdParty:1030 - CMSIS Pack Vendor :STMicroelectronics PDM2PCM 3.1.0
2025-03-21 09:26:17,926 [INFO] ThirdParty:1030 - CMSIS Pack Vendor :STMicroelectronics X-CUBE-TOF1 3.3.0
2025-03-21 09:26:17,926 [INFO] ThirdParty:1030 - CMSIS Pack Vendor :STMicroelectronics FP-ATR-ASTRA1 1.1.1
2025-03-21 09:26:17,926 [INFO] ThirdParty:1030 - CMSIS Pack Vendor :Infineon AIROC-Wi-Fi-Bluetooth-STM32 1.5.1
2025-03-21 09:26:17,926 [INFO] ThirdParty:1030 - CMSIS Pack Vendor :STMicroelectronics X-CUBE-BLEMGR 3.0.0
2025-03-21 09:26:17,926 [INFO] ThirdParty:1030 - CMSIS Pack Vendor :STMicroelectronics X-CUBE-BLEMGR 1.3.0
2025-03-21 09:26:17,926 [INFO] ThirdParty:1030 - CMSIS Pack Vendor :STMicroelectronics FP-SNS-MOTENVWB1 1.3.0
2025-03-21 09:26:17,926 [INFO] ThirdParty:1030 - CMSIS Pack Vendor :STMicroelectronics X-CUBE-TCPP 4.2.0
2025-03-21 09:26:17,926 [INFO] ThirdParty:1030 - CMSIS Pack Vendor :RealThread X-CUBE-RT-Thread_Nano 4.1.1
2025-03-21 09:26:17,927 [INFO] ThirdParty:1030 - CMSIS Pack Vendor :STMicroelectronics FP-SNS-MOTENVWB1 1.3.1
2025-03-21 09:26:17,927 [INFO] ThirdParty:1030 - CMSIS Pack Vendor :STMicroelectronics FP-ATR-SIGFOX1 3.2.0
2025-03-21 09:26:17,927 [INFO] ThirdParty:1030 - CMSIS Pack Vendor :STMicroelectronics X-CUBE-AZRTOS-G4 1.0.0
2025-03-21 09:26:17,927 [INFO] ThirdParty:1030 - CMSIS Pack Vendor :STMicroelectronics X-CUBE-AZRTOS-L4 1.0.0
2025-03-21 09:26:17,927 [INFO] ThirdParty:1030 - CMSIS Pack Vendor :quantropi X-CUBE-qispace-sdk-base 1.9.3
2025-03-21 09:26:17,927 [INFO] ThirdParty:1030 - CMSIS Pack Vendor :STMicroelectronics X-CUBE-ISPU 2.0.0
2025-03-21 09:26:17,927 [INFO] ThirdParty:1030 - CMSIS Pack Vendor :STMicroelectronics X-CUBE-EEPRMA1 5.1.0
2025-03-21 09:26:17,927 [INFO] ThirdParty:1030 - CMSIS Pack Vendor :STMicroelectronics MBEDTLS 2.16.2
2025-03-21 09:26:17,927 [INFO] ThirdParty:1030 - CMSIS Pack Vendor :STMicroelectronics X-CUBE-IPS 3.1.0
2025-03-21 09:26:17,927 [INFO] ThirdParty:1030 - CMSIS Pack Vendor :STMicroelectronics X-CUBE-ALS 1.0.2
2025-03-21 09:26:17,927 [INFO] ThirdParty:1030 - CMSIS Pack Vendor :STMicroelectronics X-CUBE-TOUCHGFX 4.20.0
2025-03-21 09:26:17,927 [INFO] ThirdParty:1030 - CMSIS Pack Vendor :STMicroelectronics X-CUBE-MEMS1 10.0.0
2025-03-21 09:26:17,927 [INFO] ThirdParty:1030 - CMSIS Pack Vendor :STMicroelectronics X-CUBE-FREERTOS 1.1.0
2025-03-21 09:26:17,927 [INFO] ThirdParty:1030 - CMSIS Pack Vendor :STMicroelectronics X-CUBE-TOUCHGFX 4.24.0
2025-03-21 09:26:17,927 [INFO] ThirdParty:1030 - CMSIS Pack Vendor :STMicroelectronics X-CUBE-TOUCHGFX 4.24.2
2025-03-21 09:26:17,927 [INFO] ThirdParty:1030 - CMSIS Pack Vendor :STMicroelectronics X-CUBE-AZRTOS-WL 1.0.0
2025-03-21 09:26:17,927 [INFO] ThirdParty:1030 - CMSIS Pack Vendor :STMicroelectronics X-CUBE-TOUCHGFX 4.24.1
2025-03-21 09:26:17,927 [INFO] ThirdParty:1030 - CMSIS Pack Vendor :portGmbH I-Cube-SoM-uGOAL 1.1.0
2025-03-21 09:26:17,927 [INFO] ThirdParty:1030 - CMSIS Pack Vendor :STMicroelectronics X-CUBE-ALS 1.0.1
2025-03-21 09:26:17,927 [INFO] ThirdParty:1030 - CMSIS Pack Vendor :STMicroelectronics X-CUBE-MEMS1 9.5.0
2025-03-21 09:26:17,927 [INFO] ThirdParty:1030 - CMSIS Pack Vendor :STMicroelectronics ThreadX 1.0.0
2025-03-21 09:26:17,927 [INFO] ThirdParty:1030 - CMSIS Pack Vendor :STMicroelectronics X-CUBE-AZRTOS-WB 1.1.0
2025-03-21 09:26:17,927 [INFO] ThirdParty:1030 - CMSIS Pack Vendor :SEGGER I-CUBE-embOS 1.3.1
2025-03-21 09:26:17,927 [INFO] ThirdParty:1030 - CMSIS Pack Vendor :STMicroelectronics X-CUBE-ALGOBUILD 1.4.0
2025-03-21 09:26:17,928 [INFO] ThirdParty:1030 - CMSIS Pack Vendor :STMicroelectronics X-CUBE-AZRTOS-L5 1.0.0
2025-03-21 09:26:17,928 [INFO] ThirdParty:1030 - CMSIS Pack Vendor :STMicroelectronics X-CUBE-EEPRMA1 3.1.1
2025-03-21 09:26:17,928 [INFO] ThirdParty:1030 - CMSIS Pack Vendor :STMicroelectronics X-CUBE-AZRTOS-H7RS 1.0.0
2025-03-21 09:26:17,928 [INFO] ThirdParty:1030 - CMSIS Pack Vendor :STMicroelectronics FP-ATR-ASTRA1 2.0.0
2025-03-21 09:26:17,928 [INFO] ThirdParty:1030 - CMSIS Pack Vendor :STMicroelectronics X-CUBE-TOF1 3.4.2
2025-03-21 09:26:17,928 [INFO] ThirdParty:1030 - CMSIS Pack Vendor :STMicroelectronics X-CUBE-AI 9.1.0
2025-03-21 09:26:17,928 [INFO] ThirdParty:1030 - CMSIS Pack Vendor :STMicroelectronics X-CUBE-TOF1 3.4.0
2025-03-21 09:26:17,928 [INFO] ThirdParty:1030 - CMSIS Pack Vendor :STMicroelectronics X-CUBE-TOF1 3.4.1
2025-03-21 09:26:17,928 [INFO] ThirdParty:1030 - CMSIS Pack Vendor :STMicroelectronics X-CUBE-AZRTOS-H7 3.2.0
2025-03-21 09:26:17,928 [INFO] ThirdParty:1030 - CMSIS Pack Vendor :wolfSSL I-CUBE-wolfSSH 1.4.17
2025-03-21 09:26:17,928 [INFO] ThirdParty:841 - exiting critical section [change project]
2025-03-21 09:26:18,201 [INFO] PinOutPanel:1589 - setPackage(No Configuration,No Configuration)
2025-03-21 09:26:18,202 [INFO] PinOutPanel:1589 - setPackage(STM32F103C8Tx,LQFP48)
2025-03-21 09:26:18,568 [INFO] UtilMem:75 - Before build in PCC Used Memory: 417512880 Bytes (507510784)
2025-03-21 09:26:19,134 [INFO] UtilMem:75 - After build in PCC Used Memory: 325078680 Bytes (507510784)
2025-03-21 09:26:19,180 [INFO] ApiDbMcu:508 - Load IP Config File for FREERTOS
2025-03-21 09:26:19,201 [INFO] IPUIPlugin:80 - create IPUIPlugin
2025-03-21 09:26:19,201 [INFO] IPUIPlugin:80 - create IPUIPlugin
2025-03-21 09:26:19,201 [INFO] IPUIPlugin:80 - create IPUIPlugin
2025-03-21 09:26:19,202 [INFO] IPUIPlugin:80 - create IPUIPlugin
2025-03-21 09:26:19,202 [INFO] IPUIPlugin:80 - create IPUIPlugin
2025-03-21 09:26:19,202 [INFO] IPUIPlugin:80 - create IPUIPlugin
2025-03-21 09:26:19,202 [INFO] IPUIPlugin:80 - create IPUIPlugin
2025-03-21 09:26:19,202 [INFO] IPUIPlugin:80 - create IPUIPlugin
2025-03-21 09:26:19,202 [INFO] IPUIPlugin:80 - create IPUIPlugin
2025-03-21 09:26:19,202 [INFO] IPUIPlugin:80 - create IPUIPlugin
2025-03-21 09:26:19,203 [INFO] IPUIPlugin:80 - create IPUIPlugin
2025-03-21 09:26:19,203 [INFO] IPUIPlugin:80 - create IPUIPlugin
2025-03-21 09:26:19,203 [INFO] IPUIPlugin:80 - create IPUIPlugin
2025-03-21 09:26:19,203 [INFO] IPUIPlugin:80 - create IPUIPlugin
2025-03-21 09:26:19,203 [INFO] IPUIPlugin:80 - create IPUIPlugin
2025-03-21 09:26:19,203 [INFO] IPUIPlugin:80 - create IPUIPlugin
2025-03-21 09:26:19,204 [INFO] IPUIPlugin:80 - create IPUIPlugin
2025-03-21 09:26:19,204 [INFO] IPUIPlugin:80 - create IPUIPlugin
2025-03-21 09:26:19,204 [INFO] IPUIPlugin:80 - create IPUIPlugin
2025-03-21 09:26:19,204 [INFO] IPUIPlugin:80 - create IPUIPlugin
2025-03-21 09:26:19,204 [INFO] IPUIPlugin:80 - create IPUIPlugin
2025-03-21 09:26:19,204 [INFO] IPUIPlugin:80 - create IPUIPlugin
2025-03-21 09:26:19,204 [INFO] IPUIPlugin:80 - create IPUIPlugin
2025-03-21 09:26:19,205 [INFO] IPUIPlugin:80 - create IPUIPlugin
2025-03-21 09:26:19,205 [INFO] IPUIPlugin:80 - create IPUIPlugin
2025-03-21 09:26:19,205 [INFO] IPUIPlugin:80 - create IPUIPlugin
2025-03-21 09:26:19,205 [INFO] IPUIPlugin:80 - create IPUIPlugin
2025-03-21 09:26:19,232 [WARN] FreeRTOS:1023 - Null or empty value: should not occur! (nothing added to the table)
2025-03-21 09:26:19,384 [INFO] CADModel:165 - CPN selected for project levelSTM32F103C8T6
2025-03-21 09:26:19,385 [INFO] CADModel:114 - Register for checkConnection events
2025-03-21 09:26:19,386 [INFO] RtosManager:725 - Active RTOS found at IOC load: FREERTOS [Cortex-M3NS]
2025-03-21 09:26:19,450 [INFO] OpenFileManager:385 - Restore cursor
2025-03-21 09:26:27,499 [ERROR] RtosPanel:558 - Can not restore the selected Tab for FREERTOS(A reason can be that the tab is no more available.)
2025-03-21 09:26:56,407 [INFO] TasksAndQueuesTab:757 - Dynamic
2025-03-21 09:26:56,407 [WARN] TasksAndQueuesTab:763 - 512 128
2025-03-21 09:26:56,407 [WARN] TasksAndQueuesTab:775 - max value is: 1024.0
2025-03-21 09:26:56,407 [INFO] TasksAndQueuesTab:757 - Dynamic
2025-03-21 09:26:56,407 [WARN] TasksAndQueuesTab:763 - 128 128
2025-03-21 09:26:56,407 [WARN] TasksAndQueuesTab:775 - max value is: 1024.0
2025-03-21 09:44:21,051 [INFO] EditThreadDialog:704 - RAM SIZE (in KB): 20
2025-03-21 09:44:21,051 [INFO] EditThreadDialog:706 - RAM SIZE (in words): 5120
2025-03-21 09:45:34,563 [INFO] TasksAndQueuesTab:757 - Dynamic
2025-03-21 09:45:34,563 [WARN] TasksAndQueuesTab:763 - 512 128
2025-03-21 09:45:34,564 [WARN] TasksAndQueuesTab:775 - max value is: 1024.0
2025-03-21 09:45:34,564 [INFO] TasksAndQueuesTab:757 - Dynamic
2025-03-21 09:45:34,564 [WARN] TasksAndQueuesTab:763 - 128 128
2025-03-21 09:45:34,564 [WARN] TasksAndQueuesTab:775 - max value is: 1024.0
2025-03-21 09:45:42,080 [INFO] EditThreadDialog:704 - RAM SIZE (in KB): 20
2025-03-21 09:45:42,080 [INFO] EditThreadDialog:706 - RAM SIZE (in words): 5120
2025-03-21 09:46:02,076 [INFO] TasksAndQueuesTab:757 - Dynamic
2025-03-21 09:46:02,077 [WARN] TasksAndQueuesTab:763 - 512 128
2025-03-21 09:46:02,077 [WARN] TasksAndQueuesTab:775 - max value is: 1024.0
2025-03-21 09:46:02,077 [INFO] TasksAndQueuesTab:757 - Dynamic
2025-03-21 09:46:02,077 [WARN] TasksAndQueuesTab:763 - 128 128
2025-03-21 09:46:02,077 [WARN] TasksAndQueuesTab:775 - max value is: 1024.0
2025-03-21 09:46:02,077 [INFO] TasksAndQueuesTab:757 - Dynamic
2025-03-21 09:46:02,077 [WARN] TasksAndQueuesTab:763 - 128 128
2025-03-21 09:46:02,077 [WARN] TasksAndQueuesTab:775 - max value is: 1024.0
2025-03-21 09:46:27,220 [INFO] TasksAndQueuesTab:757 - Dynamic
2025-03-21 09:46:27,220 [WARN] TasksAndQueuesTab:763 - 512 128
2025-03-21 09:46:27,220 [WARN] TasksAndQueuesTab:775 - max value is: 1024.0
2025-03-21 09:46:27,221 [INFO] TasksAndQueuesTab:757 - Dynamic
2025-03-21 09:46:27,221 [WARN] TasksAndQueuesTab:763 - 128 128
2025-03-21 09:46:27,221 [WARN] TasksAndQueuesTab:775 - max value is: 1024.0
2025-03-21 09:46:27,221 [INFO] TasksAndQueuesTab:757 - Dynamic
2025-03-21 09:46:27,221 [WARN] TasksAndQueuesTab:763 - 128 128
2025-03-21 09:46:27,221 [WARN] TasksAndQueuesTab:775 - max value is: 1024.0
2025-03-21 09:46:32,347 [INFO] UtilMem:75 - End SaveConfig() Used Memory: 343561920 Bytes (507510784)
2025-03-21 09:46:34,715 [INFO] UtilMem:75 - End SaveConfig() Used Memory: 429022912 Bytes (507510784)
2025-03-21 09:46:35,176 [INFO] BlockDiagram:2775 - set Specific Code input for plugin: NVIC
2025-03-21 09:46:35,176 [INFO] BlockDiagram:2775 - set Specific Code input for plugin: FREERTOS
2025-03-21 09:46:35,176 [INFO] BlockDiagram:2775 - set Specific Code input for plugin: USART
2025-03-21 09:46:35,176 [INFO] BlockDiagram:2775 - set Specific Code input for plugin: USART
2025-03-21 09:46:35,176 [INFO] BlockDiagram:2775 - set Specific Code input for plugin: IWDG
2025-03-21 09:46:35,177 [INFO] BlockDiagram:2775 - set Specific Code input for plugin: SYS
2025-03-21 09:46:35,177 [INFO] BlockDiagram:2775 - set Specific Code input for plugin: GPIO
2025-03-21 09:46:35,177 [INFO] BlockDiagram:2775 - set Specific Code input for plugin: RCC
2025-03-21 09:46:35,179 [INFO] CodeGenerator:882 - code generatio: config db path: C:/Users/catsa/.stm32cubemx/databases/DB.6.0.130/db/
2025-03-21 09:46:35,362 [INFO] CodeEngine:263 - oldGeneratedFile, D:\project\yns\MSV2008\Frontend\MXTmpFiles\license.tmp_save
2025-03-21 09:46:35,681 [INFO] CodeEngine:287 - Generated code: D:\project\yns\MSV2008\Frontend\MXTmpFiles\license.tmp
2025-03-21 09:46:35,787 [INFO] CodeEngine:263 - oldGeneratedFile, D:\project\yns\MSV2008\Frontend\MXTmpFiles\gpio.tmp_save
2025-03-21 09:46:35,913 [INFO] CodeEngine:287 - Generated code: D:\project\yns\MSV2008\Frontend\MXTmpFiles\gpio.tmp
2025-03-21 09:46:36,160 [INFO] Middleware:1452 - No code input for Bsp Dependency
2025-03-21 09:46:36,171 [INFO] CodeEngine:263 - oldGeneratedFile, D:\project\yns\MSV2008\Frontend\MXTmpFiles\rtos_inc.tmp_save
2025-03-21 09:46:36,246 [INFO] CodeEngine:287 - Generated code: D:\project\yns\MSV2008\Frontend\MXTmpFiles\rtos_inc.tmp
2025-03-21 09:46:36,254 [INFO] CodeEngine:263 - oldGeneratedFile, D:\project\yns\MSV2008\Frontend\MXTmpFiles\rtos_vars.tmp_save
2025-03-21 09:46:36,320 [INFO] CodeEngine:287 - Generated code: D:\project\yns\MSV2008\Frontend\MXTmpFiles\rtos_vars.tmp
2025-03-21 09:46:36,327 [INFO] CodeEngine:263 - oldGeneratedFile, D:\project\yns\MSV2008\Frontend\MXTmpFiles\rtos_pfp.tmp_save
2025-03-21 09:46:36,396 [INFO] CodeEngine:287 - Generated code: D:\project\yns\MSV2008\Frontend\MXTmpFiles\rtos_pfp.tmp
2025-03-21 09:46:36,404 [INFO] CodeEngine:263 - oldGeneratedFile, D:\project\yns\MSV2008\Frontend\MXTmpFiles\rtos_obj_creat.tmp_save
2025-03-21 09:46:36,465 [INFO] CodeEngine:287 - Generated code: D:\project\yns\MSV2008\Frontend\MXTmpFiles\rtos_obj_creat.tmp
2025-03-21 09:46:36,471 [INFO] CodeEngine:263 - oldGeneratedFile, D:\project\yns\MSV2008\Frontend\MXTmpFiles\rtos_kernelStart.tmp_save
2025-03-21 09:46:36,531 [INFO] CodeEngine:287 - Generated code: D:\project\yns\MSV2008\Frontend\MXTmpFiles\rtos_kernelStart.tmp
2025-03-21 09:46:36,538 [INFO] CodeEngine:263 - oldGeneratedFile, D:\project\yns\MSV2008\Frontend\MXTmpFiles\rtos_default_thread.tmp_save
2025-03-21 09:46:36,603 [INFO] CodeEngine:287 - Generated code: D:\project\yns\MSV2008\Frontend\MXTmpFiles\rtos_default_thread.tmp
2025-03-21 09:46:36,610 [INFO] CodeEngine:263 - oldGeneratedFile, D:\project\yns\MSV2008\Frontend\MXTmpFiles\rtos_threads.tmp_save
2025-03-21 09:46:36,666 [INFO] CodeEngine:287 - Generated code: D:\project\yns\MSV2008\Frontend\MXTmpFiles\rtos_threads.tmp
2025-03-21 09:46:36,684 [INFO] Middleware:1452 - No code input for Bsp Dependency
2025-03-21 09:46:36,695 [INFO] CodeEngine:263 - oldGeneratedFile, D:\project\yns\MSV2008\Frontend\MXTmpFiles\rtos_inc.tmp_save
2025-03-21 09:46:36,760 [INFO] CodeEngine:287 - Generated code: D:\project\yns\MSV2008\Frontend\MXTmpFiles\rtos_inc.tmp
2025-03-21 09:46:36,766 [INFO] CodeEngine:263 - oldGeneratedFile, D:\project\yns\MSV2008\Frontend\MXTmpFiles\rtos_vars.tmp_save
2025-03-21 09:46:36,818 [INFO] CodeEngine:287 - Generated code: D:\project\yns\MSV2008\Frontend\MXTmpFiles\rtos_vars.tmp
2025-03-21 09:46:36,823 [INFO] CodeEngine:263 - oldGeneratedFile, D:\project\yns\MSV2008\Frontend\MXTmpFiles\rtos_pfp.tmp_save
2025-03-21 09:46:36,875 [INFO] CodeEngine:287 - Generated code: D:\project\yns\MSV2008\Frontend\MXTmpFiles\rtos_pfp.tmp
2025-03-21 09:46:36,881 [INFO] CodeEngine:263 - oldGeneratedFile, D:\project\yns\MSV2008\Frontend\MXTmpFiles\rtos_obj_creat.tmp_save
2025-03-21 09:46:36,932 [INFO] CodeEngine:287 - Generated code: D:\project\yns\MSV2008\Frontend\MXTmpFiles\rtos_obj_creat.tmp
2025-03-21 09:46:36,939 [INFO] CodeEngine:263 - oldGeneratedFile, D:\project\yns\MSV2008\Frontend\MXTmpFiles\rtos_kernelStart.tmp_save
2025-03-21 09:46:36,989 [INFO] CodeEngine:287 - Generated code: D:\project\yns\MSV2008\Frontend\MXTmpFiles\rtos_kernelStart.tmp
2025-03-21 09:46:36,996 [INFO] CodeEngine:263 - oldGeneratedFile, D:\project\yns\MSV2008\Frontend\MXTmpFiles\rtos_default_thread.tmp_save
2025-03-21 09:46:37,046 [INFO] CodeEngine:287 - Generated code: D:\project\yns\MSV2008\Frontend\MXTmpFiles\rtos_default_thread.tmp
2025-03-21 09:46:37,053 [INFO] CodeEngine:263 - oldGeneratedFile, D:\project\yns\MSV2008\Frontend\MXTmpFiles\rtos_threads.tmp_save
2025-03-21 09:46:37,104 [INFO] CodeEngine:287 - Generated code: D:\project\yns\MSV2008\Frontend\MXTmpFiles\rtos_threads.tmp
2025-03-21 09:46:37,112 [INFO] CodeEngine:263 - oldGeneratedFile, D:\project\yns\MSV2008\Frontend\Core\Inc\FreeRTOSConfig.h_save
2025-03-21 09:46:37,185 [INFO] CodeEngine:287 - Generated code: D:\project\yns\MSV2008\Frontend\Core\Inc\FreeRTOSConfig.h
2025-03-21 09:46:37,195 [INFO] CodeEngine:263 - oldGeneratedFile, D:\project\yns\MSV2008\Frontend\Core\Src\freertos.c_save
2025-03-21 09:46:37,302 [INFO] CodeEngine:287 - Generated code: D:\project\yns\MSV2008\Frontend\Core\Src\freertos.c
2025-03-21 09:46:37,325 [INFO] CodeEngine:263 - oldGeneratedFile, D:\project\yns\MSV2008\Frontend\Core\Src\stm32f1xx_it.c_save
2025-03-21 09:46:37,438 [INFO] CodeEngine:287 - Generated code: D:\project\yns\MSV2008\Frontend\Core\Src\stm32f1xx_it.c
2025-03-21 09:46:37,448 [INFO] CodeEngine:263 - oldGeneratedFile, D:\project\yns\MSV2008\Frontend\Core\Inc\stm32f1xx_it.h_save
2025-03-21 09:46:37,507 [INFO] CodeEngine:287 - Generated code: D:\project\yns\MSV2008\Frontend\Core\Inc\stm32f1xx_it.h
2025-03-21 09:46:37,536 [INFO] CodeEngine:263 - oldGeneratedFile, D:\project\yns\MSV2008\Frontend\Core\Src\stm32f1xx_hal_msp.c_save
2025-03-21 09:46:37,644 [INFO] CodeEngine:287 - Generated code: D:\project\yns\MSV2008\Frontend\Core\Src\stm32f1xx_hal_msp.c
2025-03-21 09:46:37,651 [INFO] CodeEngine:263 - oldGeneratedFile, D:\project\yns\MSV2008\Frontend\MXTmpFiles\system.tmp_save
2025-03-21 09:46:37,702 [INFO] CodeEngine:287 - Generated code: D:\project\yns\MSV2008\Frontend\MXTmpFiles\system.tmp
2025-03-21 09:46:37,716 [INFO] CodeEngine:263 - oldGeneratedFile, D:\project\yns\MSV2008\Frontend\Core\Src\stm32f1xx_hal_timebase_tim.c_save
2025-03-21 09:46:37,781 [INFO] CodeEngine:287 - Generated code: D:\project\yns\MSV2008\Frontend\Core\Src\stm32f1xx_hal_timebase_tim.c
2025-03-21 09:46:37,798 [INFO] CodeEngine:319 - oldGeneratedFile, D:\project\yns\MSV2008\Frontend\Core\Inc\stm32f1xx_hal_conf.h_save
2025-03-21 09:46:37,869 [INFO] CodeEngine:343 - Generated code: D:\project\yns\MSV2008\Frontend\Core\Inc\stm32f1xx_hal_conf.h
2025-03-21 09:46:37,893 [INFO] ApiDbMcu:508 - Load IP Config File for IWDG
2025-03-21 09:46:37,896 [INFO] ApiDbMcu:508 - Load IP Config File for USART1
2025-03-21 09:46:37,899 [INFO] ApiDbMcu:508 - Load IP Config File for USART2
2025-03-21 09:46:37,901 [INFO] ApiDbMcu:508 - Load IP Config File for RCC
2025-03-21 09:46:37,917 [INFO] CodeEngine:263 - oldGeneratedFile, D:\project\yns\MSV2008\Frontend\Core\Inc\main.h_save
2025-03-21 09:46:38,014 [INFO] CodeEngine:287 - Generated code: D:\project\yns\MSV2008\Frontend\Core\Inc\main.h
2025-03-21 09:46:38,035 [INFO] CodeEngine:263 - oldGeneratedFile, D:\project\yns\MSV2008\Frontend\Core\Src\main.c_save
2025-03-21 09:46:38,182 [INFO] CodeEngine:287 - Generated code: D:\project\yns\MSV2008\Frontend\Core\Src\main.c
2025-03-21 09:46:38,654 [INFO] ProjectBuilder:3324 - Time for Copy HAL[1] : 269mS.
2025-03-21 09:46:38,660 [INFO] ProjectBuilder:4912 - Project Generator version: 4.6.0-B36
2025-03-21 09:46:38,746 [INFO] ConfigFileManager:1590 - The Die is : DIE410
2025-03-21 09:46:38,752 [INFO] ApiDbMcu:508 - Load IP Config File for FATFS
2025-03-21 09:46:38,760 [INFO] ApiDbMcu:508 - Load IP Config File for USB_DEVICE
2025-03-21 09:46:39,130 [INFO] LogOutputStream:77 - [STDOUT_REDIRECT] 
2025-03-21 09:46:40,175 [INFO] ProjectBuilder:5191 - Time for Generating toolchain IDE Files: 1516mS.
2025-03-21 09:46:40,176 [INFO] ProjectBuilder:3181 - Time for Copy CMSIS : 1mS.
2025-03-21 09:46:40,179 [INFO] ProjectBuilder:3181 - Time for Copy CMSIS : 0mS.
2025-03-21 10:12:37,827 [INFO] UtilMem:75 - End SaveConfig() Used Memory: 364559560 Bytes (540016640)
2025-03-21 10:12:39,918 [INFO] UtilMem:75 - End SaveConfig() Used Memory: 452593256 Bytes (540016640)
2025-03-21 10:12:40,368 [INFO] BlockDiagram:2775 - set Specific Code input for plugin: NVIC
2025-03-21 10:12:40,369 [INFO] BlockDiagram:2775 - set Specific Code input for plugin: FREERTOS
2025-03-21 10:12:40,369 [INFO] BlockDiagram:2775 - set Specific Code input for plugin: USART
2025-03-21 10:12:40,369 [INFO] BlockDiagram:2775 - set Specific Code input for plugin: USART
2025-03-21 10:12:40,369 [INFO] BlockDiagram:2775 - set Specific Code input for plugin: IWDG
2025-03-21 10:12:40,369 [INFO] BlockDiagram:2775 - set Specific Code input for plugin: SYS
2025-03-21 10:12:40,369 [INFO] BlockDiagram:2775 - set Specific Code input for plugin: GPIO
2025-03-21 10:12:40,369 [INFO] BlockDiagram:2775 - set Specific Code input for plugin: RCC
2025-03-21 10:12:40,370 [INFO] CodeGenerator:882 - code generatio: config db path: C:/Users/catsa/.stm32cubemx/databases/DB.6.0.130/db/
2025-03-21 10:12:40,445 [INFO] CodeEngine:263 - oldGeneratedFile, D:\project\yns\MSV2008\Frontend\MXTmpFiles\license.tmp_save
2025-03-21 10:12:40,651 [INFO] CodeEngine:287 - Generated code: D:\project\yns\MSV2008\Frontend\MXTmpFiles\license.tmp
2025-03-21 10:12:40,700 [INFO] CodeEngine:263 - oldGeneratedFile, D:\project\yns\MSV2008\Frontend\MXTmpFiles\gpio.tmp_save
2025-03-21 10:12:40,829 [INFO] CodeEngine:287 - Generated code: D:\project\yns\MSV2008\Frontend\MXTmpFiles\gpio.tmp
2025-03-21 10:12:41,017 [INFO] Middleware:1452 - No code input for Bsp Dependency
2025-03-21 10:12:41,025 [INFO] CodeEngine:263 - oldGeneratedFile, D:\project\yns\MSV2008\Frontend\MXTmpFiles\rtos_inc.tmp_save
2025-03-21 10:12:41,128 [INFO] CodeEngine:287 - Generated code: D:\project\yns\MSV2008\Frontend\MXTmpFiles\rtos_inc.tmp
2025-03-21 10:12:41,133 [INFO] CodeEngine:263 - oldGeneratedFile, D:\project\yns\MSV2008\Frontend\MXTmpFiles\rtos_vars.tmp_save
2025-03-21 10:12:41,220 [INFO] CodeEngine:287 - Generated code: D:\project\yns\MSV2008\Frontend\MXTmpFiles\rtos_vars.tmp
2025-03-21 10:12:41,225 [INFO] CodeEngine:263 - oldGeneratedFile, D:\project\yns\MSV2008\Frontend\MXTmpFiles\rtos_pfp.tmp_save
2025-03-21 10:12:41,297 [INFO] CodeEngine:287 - Generated code: D:\project\yns\MSV2008\Frontend\MXTmpFiles\rtos_pfp.tmp
2025-03-21 10:12:41,301 [INFO] CodeEngine:263 - oldGeneratedFile, D:\project\yns\MSV2008\Frontend\MXTmpFiles\rtos_obj_creat.tmp_save
2025-03-21 10:12:41,373 [INFO] CodeEngine:287 - Generated code: D:\project\yns\MSV2008\Frontend\MXTmpFiles\rtos_obj_creat.tmp
2025-03-21 10:12:41,380 [INFO] CodeEngine:263 - oldGeneratedFile, D:\project\yns\MSV2008\Frontend\MXTmpFiles\rtos_kernelStart.tmp_save
2025-03-21 10:12:41,432 [INFO] CodeEngine:287 - Generated code: D:\project\yns\MSV2008\Frontend\MXTmpFiles\rtos_kernelStart.tmp
2025-03-21 10:12:41,437 [INFO] CodeEngine:263 - oldGeneratedFile, D:\project\yns\MSV2008\Frontend\MXTmpFiles\rtos_default_thread.tmp_save
2025-03-21 10:12:41,490 [INFO] CodeEngine:287 - Generated code: D:\project\yns\MSV2008\Frontend\MXTmpFiles\rtos_default_thread.tmp
2025-03-21 10:12:41,495 [INFO] CodeEngine:263 - oldGeneratedFile, D:\project\yns\MSV2008\Frontend\MXTmpFiles\rtos_threads.tmp_save
2025-03-21 10:12:41,546 [INFO] CodeEngine:287 - Generated code: D:\project\yns\MSV2008\Frontend\MXTmpFiles\rtos_threads.tmp
2025-03-21 10:12:41,566 [INFO] Middleware:1452 - No code input for Bsp Dependency
2025-03-21 10:12:41,575 [INFO] CodeEngine:263 - oldGeneratedFile, D:\project\yns\MSV2008\Frontend\MXTmpFiles\rtos_inc.tmp_save
2025-03-21 10:12:41,634 [INFO] CodeEngine:287 - Generated code: D:\project\yns\MSV2008\Frontend\MXTmpFiles\rtos_inc.tmp
2025-03-21 10:12:41,639 [INFO] CodeEngine:263 - oldGeneratedFile, D:\project\yns\MSV2008\Frontend\MXTmpFiles\rtos_vars.tmp_save
2025-03-21 10:12:41,690 [INFO] CodeEngine:287 - Generated code: D:\project\yns\MSV2008\Frontend\MXTmpFiles\rtos_vars.tmp
2025-03-21 10:12:41,696 [INFO] CodeEngine:263 - oldGeneratedFile, D:\project\yns\MSV2008\Frontend\MXTmpFiles\rtos_pfp.tmp_save
2025-03-21 10:12:41,745 [INFO] CodeEngine:287 - Generated code: D:\project\yns\MSV2008\Frontend\MXTmpFiles\rtos_pfp.tmp
2025-03-21 10:12:41,752 [INFO] CodeEngine:263 - oldGeneratedFile, D:\project\yns\MSV2008\Frontend\MXTmpFiles\rtos_obj_creat.tmp_save
2025-03-21 10:12:41,806 [INFO] CodeEngine:287 - Generated code: D:\project\yns\MSV2008\Frontend\MXTmpFiles\rtos_obj_creat.tmp
2025-03-21 10:12:41,812 [INFO] CodeEngine:263 - oldGeneratedFile, D:\project\yns\MSV2008\Frontend\MXTmpFiles\rtos_kernelStart.tmp_save
2025-03-21 10:12:41,860 [INFO] CodeEngine:287 - Generated code: D:\project\yns\MSV2008\Frontend\MXTmpFiles\rtos_kernelStart.tmp
2025-03-21 10:12:41,866 [INFO] CodeEngine:263 - oldGeneratedFile, D:\project\yns\MSV2008\Frontend\MXTmpFiles\rtos_default_thread.tmp_save
2025-03-21 10:12:41,914 [INFO] CodeEngine:287 - Generated code: D:\project\yns\MSV2008\Frontend\MXTmpFiles\rtos_default_thread.tmp
2025-03-21 10:12:41,920 [INFO] CodeEngine:263 - oldGeneratedFile, D:\project\yns\MSV2008\Frontend\MXTmpFiles\rtos_threads.tmp_save
2025-03-21 10:12:41,969 [INFO] CodeEngine:287 - Generated code: D:\project\yns\MSV2008\Frontend\MXTmpFiles\rtos_threads.tmp
2025-03-21 10:12:41,976 [INFO] CodeEngine:263 - oldGeneratedFile, D:\project\yns\MSV2008\Frontend\Core\Inc\FreeRTOSConfig.h_save
2025-03-21 10:12:42,042 [INFO] CodeEngine:287 - Generated code: D:\project\yns\MSV2008\Frontend\Core\Inc\FreeRTOSConfig.h
2025-03-21 10:12:42,051 [INFO] CodeEngine:263 - oldGeneratedFile, D:\project\yns\MSV2008\Frontend\Core\Src\freertos.c_save
2025-03-21 10:12:42,110 [INFO] CodeEngine:287 - Generated code: D:\project\yns\MSV2008\Frontend\Core\Src\freertos.c
2025-03-21 10:12:42,125 [INFO] CodeEngine:263 - oldGeneratedFile, D:\project\yns\MSV2008\Frontend\Core\Src\stm32f1xx_it.c_save
2025-03-21 10:12:42,353 [INFO] CodeEngine:287 - Generated code: D:\project\yns\MSV2008\Frontend\Core\Src\stm32f1xx_it.c
2025-03-21 10:12:42,362 [INFO] CodeEngine:263 - oldGeneratedFile, D:\project\yns\MSV2008\Frontend\Core\Inc\stm32f1xx_it.h_save
2025-03-21 10:12:42,442 [INFO] CodeEngine:287 - Generated code: D:\project\yns\MSV2008\Frontend\Core\Inc\stm32f1xx_it.h
2025-03-21 10:12:42,465 [INFO] CodeEngine:263 - oldGeneratedFile, D:\project\yns\MSV2008\Frontend\Core\Src\stm32f1xx_hal_msp.c_save
2025-03-21 10:12:42,572 [INFO] CodeEngine:287 - Generated code: D:\project\yns\MSV2008\Frontend\Core\Src\stm32f1xx_hal_msp.c
2025-03-21 10:12:42,578 [INFO] CodeEngine:263 - oldGeneratedFile, D:\project\yns\MSV2008\Frontend\MXTmpFiles\system.tmp_save
2025-03-21 10:12:42,626 [INFO] CodeEngine:287 - Generated code: D:\project\yns\MSV2008\Frontend\MXTmpFiles\system.tmp
2025-03-21 10:12:42,635 [INFO] CodeEngine:263 - oldGeneratedFile, D:\project\yns\MSV2008\Frontend\Core\Src\stm32f1xx_hal_timebase_tim.c_save
2025-03-21 10:12:42,700 [INFO] CodeEngine:287 - Generated code: D:\project\yns\MSV2008\Frontend\Core\Src\stm32f1xx_hal_timebase_tim.c
2025-03-21 10:12:42,713 [INFO] CodeEngine:319 - oldGeneratedFile, D:\project\yns\MSV2008\Frontend\Core\Inc\stm32f1xx_hal_conf.h_save
2025-03-21 10:12:42,780 [INFO] CodeEngine:343 - Generated code: D:\project\yns\MSV2008\Frontend\Core\Inc\stm32f1xx_hal_conf.h
2025-03-21 10:12:42,813 [INFO] CodeEngine:263 - oldGeneratedFile, D:\project\yns\MSV2008\Frontend\Core\Inc\main.h_save
2025-03-21 10:12:42,920 [INFO] CodeEngine:287 - Generated code: D:\project\yns\MSV2008\Frontend\Core\Inc\main.h
2025-03-21 10:12:42,934 [INFO] CodeEngine:263 - oldGeneratedFile, D:\project\yns\MSV2008\Frontend\Core\Src\main.c_save
2025-03-21 10:12:43,063 [INFO] CodeEngine:287 - Generated code: D:\project\yns\MSV2008\Frontend\Core\Src\main.c
2025-03-21 10:12:43,408 [INFO] ProjectBuilder:3324 - Time for Copy HAL[1] : 159mS.
2025-03-21 10:12:43,410 [INFO] ProjectBuilder:4912 - Project Generator version: 4.6.0-B36
2025-03-21 10:12:43,488 [INFO] ConfigFileManager:1590 - The Die is : DIE410
2025-03-21 10:12:44,399 [INFO] ProjectBuilder:5191 - Time for Generating toolchain IDE Files: 988mS.
2025-03-21 10:12:44,399 [INFO] ProjectBuilder:3181 - Time for Copy CMSIS : 0mS.
2025-03-21 10:12:44,403 [INFO] ProjectBuilder:3181 - Time for Copy CMSIS : 0mS.
2025-03-21 10:17:46,096 [INFO] TasksAndQueuesTab:757 - Dynamic
2025-03-21 10:17:46,096 [WARN] TasksAndQueuesTab:763 - 512 256
2025-03-21 10:17:46,096 [WARN] TasksAndQueuesTab:775 - max value is: 2048.0
2025-03-21 10:17:46,096 [INFO] TasksAndQueuesTab:757 - Dynamic
2025-03-21 10:17:46,096 [WARN] TasksAndQueuesTab:763 - 128 256
2025-03-21 10:17:46,097 [WARN] TasksAndQueuesTab:767 - Stack size of task nb: 1 must be updated (and increased)
2025-03-21 10:17:46,097 [WARN] TasksAndQueuesTab:775 - max value is: 2048.0
2025-03-21 10:17:46,097 [INFO] TasksAndQueuesTab:757 - Dynamic
2025-03-21 10:17:46,097 [WARN] TasksAndQueuesTab:763 - 128 256
2025-03-21 10:17:46,097 [WARN] TasksAndQueuesTab:767 - Stack size of task nb: 2 must be updated (and increased)
2025-03-21 10:17:46,097 [WARN] TasksAndQueuesTab:775 - max value is: 2048.0
2025-03-21 10:18:03,031 [INFO] UtilMem:75 - End SaveConfig() Used Memory: 301713088 Bytes (650117120)
2025-03-21 10:18:04,934 [INFO] UtilMem:75 - End SaveConfig() Used Memory: 350996160 Bytes (650117120)
2025-03-21 10:18:05,312 [INFO] BlockDiagram:2775 - set Specific Code input for plugin: NVIC
2025-03-21 10:18:05,312 [INFO] BlockDiagram:2775 - set Specific Code input for plugin: FREERTOS
2025-03-21 10:18:05,312 [INFO] BlockDiagram:2775 - set Specific Code input for plugin: USART
2025-03-21 10:18:05,312 [INFO] BlockDiagram:2775 - set Specific Code input for plugin: USART
2025-03-21 10:18:05,312 [INFO] BlockDiagram:2775 - set Specific Code input for plugin: IWDG
2025-03-21 10:18:05,312 [INFO] BlockDiagram:2775 - set Specific Code input for plugin: SYS
2025-03-21 10:18:05,313 [INFO] BlockDiagram:2775 - set Specific Code input for plugin: GPIO
2025-03-21 10:18:05,313 [INFO] BlockDiagram:2775 - set Specific Code input for plugin: RCC
2025-03-21 10:18:05,314 [INFO] CodeGenerator:882 - code generatio: config db path: C:/Users/catsa/.stm32cubemx/databases/DB.6.0.130/db/
2025-03-21 10:18:05,375 [INFO] CodeEngine:263 - oldGeneratedFile, D:\project\yns\MSV2008\Frontend\MXTmpFiles\license.tmp_save
2025-03-21 10:18:05,433 [INFO] CodeEngine:287 - Generated code: D:\project\yns\MSV2008\Frontend\MXTmpFiles\license.tmp
2025-03-21 10:18:05,462 [INFO] CodeEngine:263 - oldGeneratedFile, D:\project\yns\MSV2008\Frontend\MXTmpFiles\gpio.tmp_save
2025-03-21 10:18:05,546 [INFO] CodeEngine:287 - Generated code: D:\project\yns\MSV2008\Frontend\MXTmpFiles\gpio.tmp
2025-03-21 10:18:05,673 [INFO] Middleware:1452 - No code input for Bsp Dependency
2025-03-21 10:18:05,679 [INFO] CodeEngine:263 - oldGeneratedFile, D:\project\yns\MSV2008\Frontend\MXTmpFiles\rtos_inc.tmp_save
2025-03-21 10:18:05,743 [INFO] CodeEngine:287 - Generated code: D:\project\yns\MSV2008\Frontend\MXTmpFiles\rtos_inc.tmp
2025-03-21 10:18:05,747 [INFO] CodeEngine:263 - oldGeneratedFile, D:\project\yns\MSV2008\Frontend\MXTmpFiles\rtos_vars.tmp_save
2025-03-21 10:18:05,806 [INFO] CodeEngine:287 - Generated code: D:\project\yns\MSV2008\Frontend\MXTmpFiles\rtos_vars.tmp
2025-03-21 10:18:05,811 [INFO] CodeEngine:263 - oldGeneratedFile, D:\project\yns\MSV2008\Frontend\MXTmpFiles\rtos_pfp.tmp_save
2025-03-21 10:18:05,865 [INFO] CodeEngine:287 - Generated code: D:\project\yns\MSV2008\Frontend\MXTmpFiles\rtos_pfp.tmp
2025-03-21 10:18:05,869 [INFO] CodeEngine:263 - oldGeneratedFile, D:\project\yns\MSV2008\Frontend\MXTmpFiles\rtos_obj_creat.tmp_save
2025-03-21 10:18:05,919 [INFO] CodeEngine:287 - Generated code: D:\project\yns\MSV2008\Frontend\MXTmpFiles\rtos_obj_creat.tmp
2025-03-21 10:18:05,924 [INFO] CodeEngine:263 - oldGeneratedFile, D:\project\yns\MSV2008\Frontend\MXTmpFiles\rtos_kernelStart.tmp_save
2025-03-21 10:18:05,973 [INFO] CodeEngine:287 - Generated code: D:\project\yns\MSV2008\Frontend\MXTmpFiles\rtos_kernelStart.tmp
2025-03-21 10:18:05,977 [INFO] CodeEngine:263 - oldGeneratedFile, D:\project\yns\MSV2008\Frontend\MXTmpFiles\rtos_default_thread.tmp_save
2025-03-21 10:18:06,025 [INFO] CodeEngine:287 - Generated code: D:\project\yns\MSV2008\Frontend\MXTmpFiles\rtos_default_thread.tmp
2025-03-21 10:18:06,029 [INFO] CodeEngine:263 - oldGeneratedFile, D:\project\yns\MSV2008\Frontend\MXTmpFiles\rtos_threads.tmp_save
2025-03-21 10:18:06,078 [INFO] CodeEngine:287 - Generated code: D:\project\yns\MSV2008\Frontend\MXTmpFiles\rtos_threads.tmp
2025-03-21 10:18:06,093 [INFO] Middleware:1452 - No code input for Bsp Dependency
2025-03-21 10:18:06,102 [INFO] CodeEngine:263 - oldGeneratedFile, D:\project\yns\MSV2008\Frontend\MXTmpFiles\rtos_inc.tmp_save
2025-03-21 10:18:06,158 [INFO] CodeEngine:287 - Generated code: D:\project\yns\MSV2008\Frontend\MXTmpFiles\rtos_inc.tmp
2025-03-21 10:18:06,165 [INFO] CodeEngine:263 - oldGeneratedFile, D:\project\yns\MSV2008\Frontend\MXTmpFiles\rtos_vars.tmp_save
2025-03-21 10:18:06,215 [INFO] CodeEngine:287 - Generated code: D:\project\yns\MSV2008\Frontend\MXTmpFiles\rtos_vars.tmp
2025-03-21 10:18:06,220 [INFO] CodeEngine:263 - oldGeneratedFile, D:\project\yns\MSV2008\Frontend\MXTmpFiles\rtos_pfp.tmp_save
2025-03-21 10:18:06,269 [INFO] CodeEngine:287 - Generated code: D:\project\yns\MSV2008\Frontend\MXTmpFiles\rtos_pfp.tmp
2025-03-21 10:18:06,275 [INFO] CodeEngine:263 - oldGeneratedFile, D:\project\yns\MSV2008\Frontend\MXTmpFiles\rtos_obj_creat.tmp_save
2025-03-21 10:18:06,332 [INFO] CodeEngine:287 - Generated code: D:\project\yns\MSV2008\Frontend\MXTmpFiles\rtos_obj_creat.tmp
2025-03-21 10:18:06,338 [INFO] CodeEngine:263 - oldGeneratedFile, D:\project\yns\MSV2008\Frontend\MXTmpFiles\rtos_kernelStart.tmp_save
2025-03-21 10:18:06,385 [INFO] CodeEngine:287 - Generated code: D:\project\yns\MSV2008\Frontend\MXTmpFiles\rtos_kernelStart.tmp
2025-03-21 10:18:06,391 [INFO] CodeEngine:263 - oldGeneratedFile, D:\project\yns\MSV2008\Frontend\MXTmpFiles\rtos_default_thread.tmp_save
2025-03-21 10:18:06,438 [INFO] CodeEngine:287 - Generated code: D:\project\yns\MSV2008\Frontend\MXTmpFiles\rtos_default_thread.tmp
2025-03-21 10:18:06,445 [INFO] CodeEngine:263 - oldGeneratedFile, D:\project\yns\MSV2008\Frontend\MXTmpFiles\rtos_threads.tmp_save
2025-03-21 10:18:06,492 [INFO] CodeEngine:287 - Generated code: D:\project\yns\MSV2008\Frontend\MXTmpFiles\rtos_threads.tmp
2025-03-21 10:18:06,498 [INFO] CodeEngine:263 - oldGeneratedFile, D:\project\yns\MSV2008\Frontend\Core\Inc\FreeRTOSConfig.h_save
2025-03-21 10:18:06,574 [INFO] CodeEngine:287 - Generated code: D:\project\yns\MSV2008\Frontend\Core\Inc\FreeRTOSConfig.h
2025-03-21 10:18:06,582 [INFO] CodeEngine:263 - oldGeneratedFile, D:\project\yns\MSV2008\Frontend\Core\Src\freertos.c_save
2025-03-21 10:18:06,638 [INFO] CodeEngine:287 - Generated code: D:\project\yns\MSV2008\Frontend\Core\Src\freertos.c
2025-03-21 10:18:06,651 [INFO] CodeEngine:263 - oldGeneratedFile, D:\project\yns\MSV2008\Frontend\Core\Src\stm32f1xx_it.c_save
2025-03-21 10:18:06,716 [INFO] CodeEngine:287 - Generated code: D:\project\yns\MSV2008\Frontend\Core\Src\stm32f1xx_it.c
2025-03-21 10:18:06,722 [INFO] CodeEngine:263 - oldGeneratedFile, D:\project\yns\MSV2008\Frontend\Core\Inc\stm32f1xx_it.h_save
2025-03-21 10:18:06,773 [INFO] CodeEngine:287 - Generated code: D:\project\yns\MSV2008\Frontend\Core\Inc\stm32f1xx_it.h
2025-03-21 10:18:06,794 [INFO] CodeEngine:263 - oldGeneratedFile, D:\project\yns\MSV2008\Frontend\Core\Src\stm32f1xx_hal_msp.c_save
2025-03-21 10:18:06,878 [INFO] CodeEngine:287 - Generated code: D:\project\yns\MSV2008\Frontend\Core\Src\stm32f1xx_hal_msp.c
2025-03-21 10:18:06,882 [INFO] CodeEngine:263 - oldGeneratedFile, D:\project\yns\MSV2008\Frontend\MXTmpFiles\system.tmp_save
2025-03-21 10:18:06,933 [INFO] CodeEngine:287 - Generated code: D:\project\yns\MSV2008\Frontend\MXTmpFiles\system.tmp
2025-03-21 10:18:06,942 [INFO] CodeEngine:263 - oldGeneratedFile, D:\project\yns\MSV2008\Frontend\Core\Src\stm32f1xx_hal_timebase_tim.c_save
2025-03-21 10:18:06,998 [INFO] CodeEngine:287 - Generated code: D:\project\yns\MSV2008\Frontend\Core\Src\stm32f1xx_hal_timebase_tim.c
2025-03-21 10:18:07,010 [INFO] CodeEngine:319 - oldGeneratedFile, D:\project\yns\MSV2008\Frontend\Core\Inc\stm32f1xx_hal_conf.h_save
2025-03-21 10:18:07,084 [INFO] CodeEngine:343 - Generated code: D:\project\yns\MSV2008\Frontend\Core\Inc\stm32f1xx_hal_conf.h
2025-03-21 10:18:07,108 [INFO] CodeEngine:263 - oldGeneratedFile, D:\project\yns\MSV2008\Frontend\Core\Inc\main.h_save
2025-03-21 10:18:07,175 [INFO] CodeEngine:287 - Generated code: D:\project\yns\MSV2008\Frontend\Core\Inc\main.h
2025-03-21 10:18:07,188 [INFO] CodeEngine:263 - oldGeneratedFile, D:\project\yns\MSV2008\Frontend\Core\Src\main.c_save
2025-03-21 10:18:07,292 [INFO] CodeEngine:287 - Generated code: D:\project\yns\MSV2008\Frontend\Core\Src\main.c
2025-03-21 10:18:07,586 [INFO] ProjectBuilder:3324 - Time for Copy HAL[1] : 145mS.
2025-03-21 10:18:07,589 [INFO] ProjectBuilder:4912 - Project Generator version: 4.6.0-B36
2025-03-21 10:18:07,657 [INFO] ConfigFileManager:1590 - The Die is : DIE410
2025-03-21 10:18:08,444 [INFO] ProjectBuilder:5191 - Time for Generating toolchain IDE Files: 855mS.
2025-03-21 10:18:08,445 [INFO] ProjectBuilder:3181 - Time for Copy CMSIS : 1mS.
2025-03-21 10:18:08,448 [INFO] ProjectBuilder:3181 - Time for Copy CMSIS : 0mS.
2025-03-21 10:18:58,827 [INFO] TasksAndQueuesTab:757 - Dynamic
2025-03-21 10:18:58,827 [WARN] TasksAndQueuesTab:763 - 512 64
2025-03-21 10:18:58,827 [WARN] TasksAndQueuesTab:775 - max value is: 2048.0
2025-03-21 10:18:58,827 [INFO] TasksAndQueuesTab:757 - Dynamic
2025-03-21 10:18:58,827 [WARN] TasksAndQueuesTab:763 - 256 64
2025-03-21 10:18:58,827 [WARN] TasksAndQueuesTab:775 - max value is: 2048.0
2025-03-21 10:18:58,827 [INFO] TasksAndQueuesTab:757 - Dynamic
2025-03-21 10:18:58,827 [WARN] TasksAndQueuesTab:763 - 256 64
2025-03-21 10:18:58,827 [WARN] TasksAndQueuesTab:775 - max value is: 2048.0
2025-03-21 10:19:07,945 [INFO] TasksAndQueuesTab:757 - Dynamic
2025-03-21 10:19:07,945 [WARN] TasksAndQueuesTab:763 - 512 64
2025-03-21 10:19:07,945 [WARN] TasksAndQueuesTab:775 - max value is: 2048.0
2025-03-21 10:19:07,945 [INFO] TasksAndQueuesTab:757 - Dynamic
2025-03-21 10:19:07,945 [WARN] TasksAndQueuesTab:763 - 256 64
2025-03-21 10:19:07,945 [WARN] TasksAndQueuesTab:775 - max value is: 2048.0
2025-03-21 10:19:07,945 [INFO] TasksAndQueuesTab:757 - Dynamic
2025-03-21 10:19:07,945 [WARN] TasksAndQueuesTab:763 - 256 64
2025-03-21 10:19:07,945 [WARN] TasksAndQueuesTab:775 - max value is: 2048.0
2025-03-21 10:19:12,839 [INFO] EditThreadDialog:704 - RAM SIZE (in KB): 20
2025-03-21 10:19:12,839 [INFO] EditThreadDialog:706 - RAM SIZE (in words): 5120
2025-03-21 10:19:20,201 [INFO] TasksAndQueuesTab:757 - Dynamic
2025-03-21 10:19:20,202 [WARN] TasksAndQueuesTab:763 - 256 64
2025-03-21 10:19:20,202 [WARN] TasksAndQueuesTab:775 - max value is: 2048.0
2025-03-21 10:19:20,202 [INFO] TasksAndQueuesTab:757 - Dynamic
2025-03-21 10:19:20,202 [WARN] TasksAndQueuesTab:763 - 256 64
2025-03-21 10:19:20,202 [WARN] TasksAndQueuesTab:775 - max value is: 2048.0
2025-03-21 10:19:20,202 [INFO] TasksAndQueuesTab:757 - Dynamic
2025-03-21 10:19:20,202 [WARN] TasksAndQueuesTab:763 - 256 64
2025-03-21 10:19:20,202 [WARN] TasksAndQueuesTab:775 - max value is: 2048.0
2025-03-21 10:19:21,471 [INFO] EditThreadDialog:704 - RAM SIZE (in KB): 20
2025-03-21 10:19:21,471 [INFO] EditThreadDialog:706 - RAM SIZE (in words): 5120
2025-03-21 10:19:26,320 [INFO] TasksAndQueuesTab:757 - Dynamic
2025-03-21 10:19:26,320 [WARN] TasksAndQueuesTab:763 - 256 64
2025-03-21 10:19:26,320 [WARN] TasksAndQueuesTab:775 - max value is: 2048.0
2025-03-21 10:19:26,320 [INFO] TasksAndQueuesTab:757 - Dynamic
2025-03-21 10:19:26,320 [WARN] TasksAndQueuesTab:763 - 64 64
2025-03-21 10:19:26,320 [WARN] TasksAndQueuesTab:775 - max value is: 2048.0
2025-03-21 10:19:26,320 [INFO] TasksAndQueuesTab:757 - Dynamic
2025-03-21 10:19:26,320 [WARN] TasksAndQueuesTab:763 - 256 64
2025-03-21 10:19:26,320 [WARN] TasksAndQueuesTab:775 - max value is: 2048.0
2025-03-21 10:19:29,354 [INFO] EditThreadDialog:704 - RAM SIZE (in KB): 20
2025-03-21 10:19:29,354 [INFO] EditThreadDialog:706 - RAM SIZE (in words): 5120
2025-03-21 10:19:34,651 [INFO] TasksAndQueuesTab:757 - Dynamic
2025-03-21 10:19:34,651 [WARN] TasksAndQueuesTab:763 - 256 64
2025-03-21 10:19:34,651 [WARN] TasksAndQueuesTab:775 - max value is: 2048.0
2025-03-21 10:19:34,651 [INFO] TasksAndQueuesTab:757 - Dynamic
2025-03-21 10:19:34,651 [WARN] TasksAndQueuesTab:763 - 64 64
2025-03-21 10:19:34,651 [WARN] TasksAndQueuesTab:775 - max value is: 2048.0
2025-03-21 10:19:34,651 [INFO] TasksAndQueuesTab:757 - Dynamic
2025-03-21 10:19:34,651 [WARN] TasksAndQueuesTab:763 - 64 64
2025-03-21 10:19:34,652 [WARN] TasksAndQueuesTab:775 - max value is: 2048.0
2025-03-21 10:19:36,822 [INFO] UtilMem:75 - End SaveConfig() Used Memory: 446325888 Bytes (650117120)
2025-03-21 10:19:38,277 [INFO] UtilMem:75 - End SaveConfig() Used Memory: 460936464 Bytes (650117120)
2025-03-21 10:19:40,497 [INFO] UtilMem:75 - End SaveConfig() Used Memory: 509828104 Bytes (650117120)
2025-03-21 10:19:40,899 [INFO] BlockDiagram:2775 - set Specific Code input for plugin: NVIC
2025-03-21 10:19:40,899 [INFO] BlockDiagram:2775 - set Specific Code input for plugin: FREERTOS
2025-03-21 10:19:40,899 [INFO] BlockDiagram:2775 - set Specific Code input for plugin: USART
2025-03-21 10:19:40,899 [INFO] BlockDiagram:2775 - set Specific Code input for plugin: USART
2025-03-21 10:19:40,899 [INFO] BlockDiagram:2775 - set Specific Code input for plugin: IWDG
2025-03-21 10:19:40,899 [INFO] BlockDiagram:2775 - set Specific Code input for plugin: SYS
2025-03-21 10:19:40,899 [INFO] BlockDiagram:2775 - set Specific Code input for plugin: GPIO
2025-03-21 10:19:40,899 [INFO] BlockDiagram:2775 - set Specific Code input for plugin: RCC
2025-03-21 10:19:40,900 [INFO] CodeGenerator:882 - code generatio: config db path: C:/Users/catsa/.stm32cubemx/databases/DB.6.0.130/db/
2025-03-21 10:19:40,961 [INFO] CodeEngine:263 - oldGeneratedFile, D:\project\yns\MSV2008\Frontend\MXTmpFiles\license.tmp_save
2025-03-21 10:19:41,020 [INFO] CodeEngine:287 - Generated code: D:\project\yns\MSV2008\Frontend\MXTmpFiles\license.tmp
2025-03-21 10:19:41,046 [INFO] CodeEngine:263 - oldGeneratedFile, D:\project\yns\MSV2008\Frontend\MXTmpFiles\gpio.tmp_save
2025-03-21 10:19:41,116 [INFO] CodeEngine:287 - Generated code: D:\project\yns\MSV2008\Frontend\MXTmpFiles\gpio.tmp
2025-03-21 10:19:41,220 [INFO] Middleware:1452 - No code input for Bsp Dependency
2025-03-21 10:19:41,227 [INFO] CodeEngine:263 - oldGeneratedFile, D:\project\yns\MSV2008\Frontend\MXTmpFiles\rtos_inc.tmp_save
2025-03-21 10:19:41,281 [INFO] CodeEngine:287 - Generated code: D:\project\yns\MSV2008\Frontend\MXTmpFiles\rtos_inc.tmp
2025-03-21 10:19:41,284 [INFO] CodeEngine:263 - oldGeneratedFile, D:\project\yns\MSV2008\Frontend\MXTmpFiles\rtos_vars.tmp_save
2025-03-21 10:19:41,332 [INFO] CodeEngine:287 - Generated code: D:\project\yns\MSV2008\Frontend\MXTmpFiles\rtos_vars.tmp
2025-03-21 10:19:41,337 [INFO] CodeEngine:263 - oldGeneratedFile, D:\project\yns\MSV2008\Frontend\MXTmpFiles\rtos_pfp.tmp_save
2025-03-21 10:19:41,384 [INFO] CodeEngine:287 - Generated code: D:\project\yns\MSV2008\Frontend\MXTmpFiles\rtos_pfp.tmp
2025-03-21 10:19:41,388 [INFO] CodeEngine:263 - oldGeneratedFile, D:\project\yns\MSV2008\Frontend\MXTmpFiles\rtos_obj_creat.tmp_save
2025-03-21 10:19:41,448 [INFO] CodeEngine:287 - Generated code: D:\project\yns\MSV2008\Frontend\MXTmpFiles\rtos_obj_creat.tmp
2025-03-21 10:19:41,452 [INFO] CodeEngine:263 - oldGeneratedFile, D:\project\yns\MSV2008\Frontend\MXTmpFiles\rtos_kernelStart.tmp_save
2025-03-21 10:19:41,498 [INFO] CodeEngine:287 - Generated code: D:\project\yns\MSV2008\Frontend\MXTmpFiles\rtos_kernelStart.tmp
2025-03-21 10:19:41,502 [INFO] CodeEngine:263 - oldGeneratedFile, D:\project\yns\MSV2008\Frontend\MXTmpFiles\rtos_default_thread.tmp_save
2025-03-21 10:19:41,549 [INFO] CodeEngine:287 - Generated code: D:\project\yns\MSV2008\Frontend\MXTmpFiles\rtos_default_thread.tmp
2025-03-21 10:19:41,553 [INFO] CodeEngine:263 - oldGeneratedFile, D:\project\yns\MSV2008\Frontend\MXTmpFiles\rtos_threads.tmp_save
2025-03-21 10:19:41,600 [INFO] CodeEngine:287 - Generated code: D:\project\yns\MSV2008\Frontend\MXTmpFiles\rtos_threads.tmp
2025-03-21 10:19:41,614 [INFO] Middleware:1452 - No code input for Bsp Dependency
2025-03-21 10:19:41,623 [INFO] CodeEngine:263 - oldGeneratedFile, D:\project\yns\MSV2008\Frontend\MXTmpFiles\rtos_inc.tmp_save
2025-03-21 10:19:41,681 [INFO] CodeEngine:287 - Generated code: D:\project\yns\MSV2008\Frontend\MXTmpFiles\rtos_inc.tmp
2025-03-21 10:19:41,687 [INFO] CodeEngine:263 - oldGeneratedFile, D:\project\yns\MSV2008\Frontend\MXTmpFiles\rtos_vars.tmp_save
2025-03-21 10:19:41,733 [INFO] CodeEngine:287 - Generated code: D:\project\yns\MSV2008\Frontend\MXTmpFiles\rtos_vars.tmp
2025-03-21 10:19:41,737 [INFO] CodeEngine:263 - oldGeneratedFile, D:\project\yns\MSV2008\Frontend\MXTmpFiles\rtos_pfp.tmp_save
2025-03-21 10:19:41,783 [INFO] CodeEngine:287 - Generated code: D:\project\yns\MSV2008\Frontend\MXTmpFiles\rtos_pfp.tmp
2025-03-21 10:19:41,789 [INFO] CodeEngine:263 - oldGeneratedFile, D:\project\yns\MSV2008\Frontend\MXTmpFiles\rtos_obj_creat.tmp_save
2025-03-21 10:19:41,836 [INFO] CodeEngine:287 - Generated code: D:\project\yns\MSV2008\Frontend\MXTmpFiles\rtos_obj_creat.tmp
2025-03-21 10:19:41,842 [INFO] CodeEngine:263 - oldGeneratedFile, D:\project\yns\MSV2008\Frontend\MXTmpFiles\rtos_kernelStart.tmp_save
2025-03-21 10:19:41,887 [INFO] CodeEngine:287 - Generated code: D:\project\yns\MSV2008\Frontend\MXTmpFiles\rtos_kernelStart.tmp
2025-03-21 10:19:41,893 [INFO] CodeEngine:263 - oldGeneratedFile, D:\project\yns\MSV2008\Frontend\MXTmpFiles\rtos_default_thread.tmp_save
2025-03-21 10:19:41,942 [INFO] CodeEngine:287 - Generated code: D:\project\yns\MSV2008\Frontend\MXTmpFiles\rtos_default_thread.tmp
2025-03-21 10:19:41,947 [INFO] CodeEngine:263 - oldGeneratedFile, D:\project\yns\MSV2008\Frontend\MXTmpFiles\rtos_threads.tmp_save
2025-03-21 10:19:41,994 [INFO] CodeEngine:287 - Generated code: D:\project\yns\MSV2008\Frontend\MXTmpFiles\rtos_threads.tmp
2025-03-21 10:19:41,999 [INFO] CodeEngine:263 - oldGeneratedFile, D:\project\yns\MSV2008\Frontend\Core\Inc\FreeRTOSConfig.h_save
2025-03-21 10:19:42,068 [INFO] CodeEngine:287 - Generated code: D:\project\yns\MSV2008\Frontend\Core\Inc\FreeRTOSConfig.h
2025-03-21 10:19:42,075 [INFO] CodeEngine:263 - oldGeneratedFile, D:\project\yns\MSV2008\Frontend\Core\Src\freertos.c_save
2025-03-21 10:19:42,129 [INFO] CodeEngine:287 - Generated code: D:\project\yns\MSV2008\Frontend\Core\Src\freertos.c
2025-03-21 10:19:42,142 [INFO] CodeEngine:263 - oldGeneratedFile, D:\project\yns\MSV2008\Frontend\Core\Src\stm32f1xx_it.c_save
2025-03-21 10:19:42,206 [INFO] CodeEngine:287 - Generated code: D:\project\yns\MSV2008\Frontend\Core\Src\stm32f1xx_it.c
2025-03-21 10:19:42,212 [INFO] CodeEngine:263 - oldGeneratedFile, D:\project\yns\MSV2008\Frontend\Core\Inc\stm32f1xx_it.h_save
2025-03-21 10:19:42,260 [INFO] CodeEngine:287 - Generated code: D:\project\yns\MSV2008\Frontend\Core\Inc\stm32f1xx_it.h
2025-03-21 10:19:42,278 [INFO] CodeEngine:263 - oldGeneratedFile, D:\project\yns\MSV2008\Frontend\Core\Src\stm32f1xx_hal_msp.c_save
2025-03-21 10:19:42,359 [INFO] CodeEngine:287 - Generated code: D:\project\yns\MSV2008\Frontend\Core\Src\stm32f1xx_hal_msp.c
2025-03-21 10:19:42,362 [INFO] CodeEngine:263 - oldGeneratedFile, D:\project\yns\MSV2008\Frontend\MXTmpFiles\system.tmp_save
2025-03-21 10:19:42,411 [INFO] CodeEngine:287 - Generated code: D:\project\yns\MSV2008\Frontend\MXTmpFiles\system.tmp
2025-03-21 10:19:42,419 [INFO] CodeEngine:263 - oldGeneratedFile, D:\project\yns\MSV2008\Frontend\Core\Src\stm32f1xx_hal_timebase_tim.c_save
2025-03-21 10:19:42,481 [INFO] CodeEngine:287 - Generated code: D:\project\yns\MSV2008\Frontend\Core\Src\stm32f1xx_hal_timebase_tim.c
2025-03-21 10:19:42,494 [INFO] CodeEngine:319 - oldGeneratedFile, D:\project\yns\MSV2008\Frontend\Core\Inc\stm32f1xx_hal_conf.h_save
2025-03-21 10:19:42,558 [INFO] CodeEngine:343 - Generated code: D:\project\yns\MSV2008\Frontend\Core\Inc\stm32f1xx_hal_conf.h
2025-03-21 10:19:42,581 [INFO] CodeEngine:263 - oldGeneratedFile, D:\project\yns\MSV2008\Frontend\Core\Inc\main.h_save
2025-03-21 10:19:42,648 [INFO] CodeEngine:287 - Generated code: D:\project\yns\MSV2008\Frontend\Core\Inc\main.h
2025-03-21 10:19:42,661 [INFO] CodeEngine:263 - oldGeneratedFile, D:\project\yns\MSV2008\Frontend\Core\Src\main.c_save
2025-03-21 10:19:42,767 [INFO] CodeEngine:287 - Generated code: D:\project\yns\MSV2008\Frontend\Core\Src\main.c
2025-03-21 10:19:43,050 [INFO] ProjectBuilder:3324 - Time for Copy HAL[1] : 136mS.
2025-03-21 10:19:43,052 [INFO] ProjectBuilder:4912 - Project Generator version: 4.6.0-B36
2025-03-21 10:19:43,117 [INFO] ConfigFileManager:1590 - The Die is : DIE410
2025-03-21 10:19:43,803 [INFO] ProjectBuilder:5191 - Time for Generating toolchain IDE Files: 751mS.
2025-03-21 10:19:43,804 [INFO] ProjectBuilder:3181 - Time for Copy CMSIS : 1mS.
2025-03-21 10:19:43,807 [INFO] ProjectBuilder:3181 - Time for Copy CMSIS : 0mS.
2025-03-21 10:29:11,220 [INFO] UtilMem:75 - End SaveConfig() Used Memory: 513758552 Bytes (652214272)
2025-03-21 10:29:12,744 [INFO] UtilMem:75 - End SaveConfig() Used Memory: 527390040 Bytes (652214272)
2025-03-21 10:29:14,247 [INFO] UtilMem:75 - End SaveConfig() Used Memory: 291497048 Bytes (652214272)
2025-03-21 10:29:14,598 [INFO] BlockDiagram:2775 - set Specific Code input for plugin: NVIC
2025-03-21 10:29:14,598 [INFO] BlockDiagram:2775 - set Specific Code input for plugin: FREERTOS
2025-03-21 10:29:14,598 [INFO] BlockDiagram:2775 - set Specific Code input for plugin: USART
2025-03-21 10:29:14,598 [INFO] BlockDiagram:2775 - set Specific Code input for plugin: USART
2025-03-21 10:29:14,598 [INFO] BlockDiagram:2775 - set Specific Code input for plugin: IWDG
2025-03-21 10:29:14,598 [INFO] BlockDiagram:2775 - set Specific Code input for plugin: SYS
2025-03-21 10:29:14,598 [INFO] BlockDiagram:2775 - set Specific Code input for plugin: GPIO
2025-03-21 10:29:14,598 [INFO] BlockDiagram:2775 - set Specific Code input for plugin: RCC
2025-03-21 10:29:14,599 [INFO] CodeGenerator:882 - code generatio: config db path: C:/Users/catsa/.stm32cubemx/databases/DB.6.0.130/db/
2025-03-21 10:29:14,659 [INFO] CodeEngine:263 - oldGeneratedFile, D:\project\yns\MSV2008\Frontend\MXTmpFiles\license.tmp_save
2025-03-21 10:29:14,737 [INFO] CodeEngine:287 - Generated code: D:\project\yns\MSV2008\Frontend\MXTmpFiles\license.tmp
2025-03-21 10:29:14,761 [INFO] CodeEngine:263 - oldGeneratedFile, D:\project\yns\MSV2008\Frontend\MXTmpFiles\gpio.tmp_save
2025-03-21 10:29:14,854 [INFO] CodeEngine:287 - Generated code: D:\project\yns\MSV2008\Frontend\MXTmpFiles\gpio.tmp
2025-03-21 10:29:14,958 [INFO] Middleware:1452 - No code input for Bsp Dependency
2025-03-21 10:29:14,964 [INFO] CodeEngine:263 - oldGeneratedFile, D:\project\yns\MSV2008\Frontend\MXTmpFiles\rtos_inc.tmp_save
2025-03-21 10:29:15,021 [INFO] CodeEngine:287 - Generated code: D:\project\yns\MSV2008\Frontend\MXTmpFiles\rtos_inc.tmp
2025-03-21 10:29:15,025 [INFO] CodeEngine:263 - oldGeneratedFile, D:\project\yns\MSV2008\Frontend\MXTmpFiles\rtos_vars.tmp_save
2025-03-21 10:29:15,076 [INFO] CodeEngine:287 - Generated code: D:\project\yns\MSV2008\Frontend\MXTmpFiles\rtos_vars.tmp
2025-03-21 10:29:15,079 [INFO] CodeEngine:263 - oldGeneratedFile, D:\project\yns\MSV2008\Frontend\MXTmpFiles\rtos_pfp.tmp_save
2025-03-21 10:29:15,127 [INFO] CodeEngine:287 - Generated code: D:\project\yns\MSV2008\Frontend\MXTmpFiles\rtos_pfp.tmp
2025-03-21 10:29:15,131 [INFO] CodeEngine:263 - oldGeneratedFile, D:\project\yns\MSV2008\Frontend\MXTmpFiles\rtos_obj_creat.tmp_save
2025-03-21 10:29:15,190 [INFO] CodeEngine:287 - Generated code: D:\project\yns\MSV2008\Frontend\MXTmpFiles\rtos_obj_creat.tmp
2025-03-21 10:29:15,194 [INFO] CodeEngine:263 - oldGeneratedFile, D:\project\yns\MSV2008\Frontend\MXTmpFiles\rtos_kernelStart.tmp_save
2025-03-21 10:29:15,239 [INFO] CodeEngine:287 - Generated code: D:\project\yns\MSV2008\Frontend\MXTmpFiles\rtos_kernelStart.tmp
2025-03-21 10:29:15,243 [INFO] CodeEngine:263 - oldGeneratedFile, D:\project\yns\MSV2008\Frontend\MXTmpFiles\rtos_default_thread.tmp_save
2025-03-21 10:29:15,290 [INFO] CodeEngine:287 - Generated code: D:\project\yns\MSV2008\Frontend\MXTmpFiles\rtos_default_thread.tmp
2025-03-21 10:29:15,294 [INFO] CodeEngine:263 - oldGeneratedFile, D:\project\yns\MSV2008\Frontend\MXTmpFiles\rtos_threads.tmp_save
2025-03-21 10:29:15,340 [INFO] CodeEngine:287 - Generated code: D:\project\yns\MSV2008\Frontend\MXTmpFiles\rtos_threads.tmp
2025-03-21 10:29:15,354 [INFO] Middleware:1452 - No code input for Bsp Dependency
2025-03-21 10:29:15,362 [INFO] CodeEngine:263 - oldGeneratedFile, D:\project\yns\MSV2008\Frontend\MXTmpFiles\rtos_inc.tmp_save
2025-03-21 10:29:15,418 [INFO] CodeEngine:287 - Generated code: D:\project\yns\MSV2008\Frontend\MXTmpFiles\rtos_inc.tmp
2025-03-21 10:29:15,425 [INFO] CodeEngine:263 - oldGeneratedFile, D:\project\yns\MSV2008\Frontend\MXTmpFiles\rtos_vars.tmp_save
2025-03-21 10:29:15,470 [INFO] CodeEngine:287 - Generated code: D:\project\yns\MSV2008\Frontend\MXTmpFiles\rtos_vars.tmp
2025-03-21 10:29:15,475 [INFO] CodeEngine:263 - oldGeneratedFile, D:\project\yns\MSV2008\Frontend\MXTmpFiles\rtos_pfp.tmp_save
2025-03-21 10:29:15,532 [INFO] CodeEngine:287 - Generated code: D:\project\yns\MSV2008\Frontend\MXTmpFiles\rtos_pfp.tmp
2025-03-21 10:29:15,538 [INFO] CodeEngine:263 - oldGeneratedFile, D:\project\yns\MSV2008\Frontend\MXTmpFiles\rtos_obj_creat.tmp_save
2025-03-21 10:29:15,586 [INFO] CodeEngine:287 - Generated code: D:\project\yns\MSV2008\Frontend\MXTmpFiles\rtos_obj_creat.tmp
2025-03-21 10:29:15,591 [INFO] CodeEngine:263 - oldGeneratedFile, D:\project\yns\MSV2008\Frontend\MXTmpFiles\rtos_kernelStart.tmp_save
2025-03-21 10:29:15,637 [INFO] CodeEngine:287 - Generated code: D:\project\yns\MSV2008\Frontend\MXTmpFiles\rtos_kernelStart.tmp
2025-03-21 10:29:15,642 [INFO] CodeEngine:263 - oldGeneratedFile, D:\project\yns\MSV2008\Frontend\MXTmpFiles\rtos_default_thread.tmp_save
2025-03-21 10:29:15,688 [INFO] CodeEngine:287 - Generated code: D:\project\yns\MSV2008\Frontend\MXTmpFiles\rtos_default_thread.tmp
2025-03-21 10:29:15,694 [INFO] CodeEngine:263 - oldGeneratedFile, D:\project\yns\MSV2008\Frontend\MXTmpFiles\rtos_threads.tmp_save
2025-03-21 10:29:15,741 [INFO] CodeEngine:287 - Generated code: D:\project\yns\MSV2008\Frontend\MXTmpFiles\rtos_threads.tmp
2025-03-21 10:29:15,746 [INFO] CodeEngine:263 - oldGeneratedFile, D:\project\yns\MSV2008\Frontend\Core\Inc\FreeRTOSConfig.h_save
2025-03-21 10:29:15,809 [INFO] CodeEngine:287 - Generated code: D:\project\yns\MSV2008\Frontend\Core\Inc\FreeRTOSConfig.h
2025-03-21 10:29:15,816 [INFO] CodeEngine:263 - oldGeneratedFile, D:\project\yns\MSV2008\Frontend\Core\Src\freertos.c_save
2025-03-21 10:29:15,873 [INFO] CodeEngine:287 - Generated code: D:\project\yns\MSV2008\Frontend\Core\Src\freertos.c
2025-03-21 10:29:15,887 [INFO] CodeEngine:263 - oldGeneratedFile, D:\project\yns\MSV2008\Frontend\Core\Src\stm32f1xx_it.c_save
2025-03-21 10:29:16,024 [INFO] CodeEngine:287 - Generated code: D:\project\yns\MSV2008\Frontend\Core\Src\stm32f1xx_it.c
2025-03-21 10:29:16,030 [INFO] CodeEngine:263 - oldGeneratedFile, D:\project\yns\MSV2008\Frontend\Core\Inc\stm32f1xx_it.h_save
2025-03-21 10:29:16,078 [INFO] CodeEngine:287 - Generated code: D:\project\yns\MSV2008\Frontend\Core\Inc\stm32f1xx_it.h
2025-03-21 10:29:16,096 [INFO] CodeEngine:263 - oldGeneratedFile, D:\project\yns\MSV2008\Frontend\Core\Src\stm32f1xx_hal_msp.c_save
2025-03-21 10:29:16,190 [INFO] CodeEngine:287 - Generated code: D:\project\yns\MSV2008\Frontend\Core\Src\stm32f1xx_hal_msp.c
2025-03-21 10:29:16,194 [INFO] CodeEngine:263 - oldGeneratedFile, D:\project\yns\MSV2008\Frontend\MXTmpFiles\system.tmp_save
2025-03-21 10:29:16,239 [INFO] CodeEngine:287 - Generated code: D:\project\yns\MSV2008\Frontend\MXTmpFiles\system.tmp
2025-03-21 10:29:16,248 [INFO] CodeEngine:263 - oldGeneratedFile, D:\project\yns\MSV2008\Frontend\Core\Src\stm32f1xx_hal_timebase_tim.c_save
2025-03-21 10:29:16,301 [INFO] CodeEngine:287 - Generated code: D:\project\yns\MSV2008\Frontend\Core\Src\stm32f1xx_hal_timebase_tim.c
2025-03-21 10:29:16,311 [INFO] CodeEngine:319 - oldGeneratedFile, D:\project\yns\MSV2008\Frontend\Core\Inc\stm32f1xx_hal_conf.h_save
2025-03-21 10:29:16,374 [INFO] CodeEngine:343 - Generated code: D:\project\yns\MSV2008\Frontend\Core\Inc\stm32f1xx_hal_conf.h
2025-03-21 10:29:16,394 [INFO] CodeEngine:263 - oldGeneratedFile, D:\project\yns\MSV2008\Frontend\Core\Inc\main.h_save
2025-03-21 10:29:16,476 [INFO] CodeEngine:287 - Generated code: D:\project\yns\MSV2008\Frontend\Core\Inc\main.h
2025-03-21 10:29:16,488 [INFO] CodeEngine:263 - oldGeneratedFile, D:\project\yns\MSV2008\Frontend\Core\Src\main.c_save
2025-03-21 10:29:16,601 [INFO] CodeEngine:287 - Generated code: D:\project\yns\MSV2008\Frontend\Core\Src\main.c
2025-03-21 10:29:16,933 [INFO] ProjectBuilder:3324 - Time for Copy HAL[1] : 137mS.
2025-03-21 10:29:16,935 [INFO] ProjectBuilder:4912 - Project Generator version: 4.6.0-B36
2025-03-21 10:29:17,000 [INFO] ConfigFileManager:1590 - The Die is : DIE410
2025-03-21 10:29:17,695 [INFO] ProjectBuilder:5191 - Time for Generating toolchain IDE Files: 760mS.
2025-03-21 10:29:17,696 [INFO] ProjectBuilder:3181 - Time for Copy CMSIS : 1mS.
2025-03-21 10:29:17,700 [INFO] ProjectBuilder:3181 - Time for Copy CMSIS : 1mS.
2025-03-21 10:30:10,928 [INFO] UtilMem:75 - End SaveConfig() Used Memory: 489332568 Bytes (652214272)
2025-03-21 10:30:12,301 [INFO] UtilMem:75 - End SaveConfig() Used Memory: 503301896 Bytes (652214272)
2025-03-21 10:30:13,731 [INFO] UtilMem:75 - End SaveConfig() Used Memory: 584063832 Bytes (652214272)
2025-03-21 10:30:14,099 [INFO] BlockDiagram:2775 - set Specific Code input for plugin: NVIC
2025-03-21 10:30:14,099 [INFO] BlockDiagram:2775 - set Specific Code input for plugin: FREERTOS
2025-03-21 10:30:14,099 [INFO] BlockDiagram:2775 - set Specific Code input for plugin: USART
2025-03-21 10:30:14,100 [INFO] BlockDiagram:2775 - set Specific Code input for plugin: USART
2025-03-21 10:30:14,100 [INFO] BlockDiagram:2775 - set Specific Code input for plugin: IWDG
2025-03-21 10:30:14,100 [INFO] BlockDiagram:2775 - set Specific Code input for plugin: SYS
2025-03-21 10:30:14,100 [INFO] BlockDiagram:2775 - set Specific Code input for plugin: GPIO
2025-03-21 10:30:14,100 [INFO] BlockDiagram:2775 - set Specific Code input for plugin: RCC
2025-03-21 10:30:14,102 [INFO] CodeGenerator:882 - code generatio: config db path: C:/Users/catsa/.stm32cubemx/databases/DB.6.0.130/db/
2025-03-21 10:30:14,160 [INFO] CodeEngine:263 - oldGeneratedFile, D:\project\yns\MSV2008\Frontend\MXTmpFiles\license.tmp_save
2025-03-21 10:30:14,218 [INFO] CodeEngine:287 - Generated code: D:\project\yns\MSV2008\Frontend\MXTmpFiles\license.tmp
2025-03-21 10:30:14,241 [INFO] CodeEngine:263 - oldGeneratedFile, D:\project\yns\MSV2008\Frontend\MXTmpFiles\gpio.tmp_save
2025-03-21 10:30:14,311 [INFO] CodeEngine:287 - Generated code: D:\project\yns\MSV2008\Frontend\MXTmpFiles\gpio.tmp
2025-03-21 10:30:14,419 [INFO] Middleware:1452 - No code input for Bsp Dependency
2025-03-21 10:30:14,425 [INFO] CodeEngine:263 - oldGeneratedFile, D:\project\yns\MSV2008\Frontend\MXTmpFiles\rtos_inc.tmp_save
2025-03-21 10:30:14,483 [INFO] CodeEngine:287 - Generated code: D:\project\yns\MSV2008\Frontend\MXTmpFiles\rtos_inc.tmp
2025-03-21 10:30:14,487 [INFO] CodeEngine:263 - oldGeneratedFile, D:\project\yns\MSV2008\Frontend\MXTmpFiles\rtos_vars.tmp_save
2025-03-21 10:30:14,532 [INFO] CodeEngine:287 - Generated code: D:\project\yns\MSV2008\Frontend\MXTmpFiles\rtos_vars.tmp
2025-03-21 10:30:14,537 [INFO] CodeEngine:263 - oldGeneratedFile, D:\project\yns\MSV2008\Frontend\MXTmpFiles\rtos_pfp.tmp_save
2025-03-21 10:30:14,581 [INFO] CodeEngine:287 - Generated code: D:\project\yns\MSV2008\Frontend\MXTmpFiles\rtos_pfp.tmp
2025-03-21 10:30:14,588 [INFO] CodeEngine:263 - oldGeneratedFile, D:\project\yns\MSV2008\Frontend\MXTmpFiles\rtos_obj_creat.tmp_save
2025-03-21 10:30:14,648 [INFO] CodeEngine:287 - Generated code: D:\project\yns\MSV2008\Frontend\MXTmpFiles\rtos_obj_creat.tmp
2025-03-21 10:30:14,653 [INFO] CodeEngine:263 - oldGeneratedFile, D:\project\yns\MSV2008\Frontend\MXTmpFiles\rtos_kernelStart.tmp_save
2025-03-21 10:30:14,699 [INFO] CodeEngine:287 - Generated code: D:\project\yns\MSV2008\Frontend\MXTmpFiles\rtos_kernelStart.tmp
2025-03-21 10:30:14,703 [INFO] CodeEngine:263 - oldGeneratedFile, D:\project\yns\MSV2008\Frontend\MXTmpFiles\rtos_default_thread.tmp_save
2025-03-21 10:30:14,748 [INFO] CodeEngine:287 - Generated code: D:\project\yns\MSV2008\Frontend\MXTmpFiles\rtos_default_thread.tmp
2025-03-21 10:30:14,752 [INFO] CodeEngine:263 - oldGeneratedFile, D:\project\yns\MSV2008\Frontend\MXTmpFiles\rtos_threads.tmp_save
2025-03-21 10:30:14,806 [INFO] CodeEngine:287 - Generated code: D:\project\yns\MSV2008\Frontend\MXTmpFiles\rtos_threads.tmp
2025-03-21 10:30:14,821 [INFO] Middleware:1452 - No code input for Bsp Dependency
2025-03-21 10:30:14,828 [INFO] CodeEngine:263 - oldGeneratedFile, D:\project\yns\MSV2008\Frontend\MXTmpFiles\rtos_inc.tmp_save
2025-03-21 10:30:14,885 [INFO] CodeEngine:287 - Generated code: D:\project\yns\MSV2008\Frontend\MXTmpFiles\rtos_inc.tmp
2025-03-21 10:30:14,891 [INFO] CodeEngine:263 - oldGeneratedFile, D:\project\yns\MSV2008\Frontend\MXTmpFiles\rtos_vars.tmp_save
2025-03-21 10:30:14,940 [INFO] CodeEngine:287 - Generated code: D:\project\yns\MSV2008\Frontend\MXTmpFiles\rtos_vars.tmp
2025-03-21 10:30:14,945 [INFO] CodeEngine:263 - oldGeneratedFile, D:\project\yns\MSV2008\Frontend\MXTmpFiles\rtos_pfp.tmp_save
2025-03-21 10:30:14,991 [INFO] CodeEngine:287 - Generated code: D:\project\yns\MSV2008\Frontend\MXTmpFiles\rtos_pfp.tmp
2025-03-21 10:30:14,997 [INFO] CodeEngine:263 - oldGeneratedFile, D:\project\yns\MSV2008\Frontend\MXTmpFiles\rtos_obj_creat.tmp_save
2025-03-21 10:30:15,045 [INFO] CodeEngine:287 - Generated code: D:\project\yns\MSV2008\Frontend\MXTmpFiles\rtos_obj_creat.tmp
2025-03-21 10:30:15,050 [INFO] CodeEngine:263 - oldGeneratedFile, D:\project\yns\MSV2008\Frontend\MXTmpFiles\rtos_kernelStart.tmp_save
2025-03-21 10:30:15,107 [INFO] CodeEngine:287 - Generated code: D:\project\yns\MSV2008\Frontend\MXTmpFiles\rtos_kernelStart.tmp
2025-03-21 10:30:15,112 [INFO] CodeEngine:263 - oldGeneratedFile, D:\project\yns\MSV2008\Frontend\MXTmpFiles\rtos_default_thread.tmp_save
2025-03-21 10:30:15,159 [INFO] CodeEngine:287 - Generated code: D:\project\yns\MSV2008\Frontend\MXTmpFiles\rtos_default_thread.tmp
2025-03-21 10:30:15,164 [INFO] CodeEngine:263 - oldGeneratedFile, D:\project\yns\MSV2008\Frontend\MXTmpFiles\rtos_threads.tmp_save
2025-03-21 10:30:15,209 [INFO] CodeEngine:287 - Generated code: D:\project\yns\MSV2008\Frontend\MXTmpFiles\rtos_threads.tmp
2025-03-21 10:30:15,215 [INFO] CodeEngine:263 - oldGeneratedFile, D:\project\yns\MSV2008\Frontend\Core\Inc\FreeRTOSConfig.h_save
2025-03-21 10:30:15,275 [INFO] CodeEngine:287 - Generated code: D:\project\yns\MSV2008\Frontend\Core\Inc\FreeRTOSConfig.h
2025-03-21 10:30:15,283 [INFO] CodeEngine:263 - oldGeneratedFile, D:\project\yns\MSV2008\Frontend\Core\Src\freertos.c_save
2025-03-21 10:30:15,345 [INFO] CodeEngine:287 - Generated code: D:\project\yns\MSV2008\Frontend\Core\Src\freertos.c
2025-03-21 10:30:15,359 [INFO] CodeEngine:263 - oldGeneratedFile, D:\project\yns\MSV2008\Frontend\Core\Src\stm32f1xx_it.c_save
2025-03-21 10:30:15,426 [INFO] CodeEngine:287 - Generated code: D:\project\yns\MSV2008\Frontend\Core\Src\stm32f1xx_it.c
2025-03-21 10:30:15,432 [INFO] CodeEngine:263 - oldGeneratedFile, D:\project\yns\MSV2008\Frontend\Core\Inc\stm32f1xx_it.h_save
2025-03-21 10:30:15,481 [INFO] CodeEngine:287 - Generated code: D:\project\yns\MSV2008\Frontend\Core\Inc\stm32f1xx_it.h
2025-03-21 10:30:15,500 [INFO] CodeEngine:263 - oldGeneratedFile, D:\project\yns\MSV2008\Frontend\Core\Src\stm32f1xx_hal_msp.c_save
2025-03-21 10:30:15,591 [INFO] CodeEngine:287 - Generated code: D:\project\yns\MSV2008\Frontend\Core\Src\stm32f1xx_hal_msp.c
2025-03-21 10:30:15,595 [INFO] CodeEngine:263 - oldGeneratedFile, D:\project\yns\MSV2008\Frontend\MXTmpFiles\system.tmp_save
2025-03-21 10:30:15,641 [INFO] CodeEngine:287 - Generated code: D:\project\yns\MSV2008\Frontend\MXTmpFiles\system.tmp
2025-03-21 10:30:15,649 [INFO] CodeEngine:263 - oldGeneratedFile, D:\project\yns\MSV2008\Frontend\Core\Src\stm32f1xx_hal_timebase_tim.c_save
2025-03-21 10:30:15,703 [INFO] CodeEngine:287 - Generated code: D:\project\yns\MSV2008\Frontend\Core\Src\stm32f1xx_hal_timebase_tim.c
2025-03-21 10:30:15,713 [INFO] CodeEngine:319 - oldGeneratedFile, D:\project\yns\MSV2008\Frontend\Core\Inc\stm32f1xx_hal_conf.h_save
2025-03-21 10:30:15,776 [INFO] CodeEngine:343 - Generated code: D:\project\yns\MSV2008\Frontend\Core\Inc\stm32f1xx_hal_conf.h
2025-03-21 10:30:15,797 [INFO] CodeEngine:263 - oldGeneratedFile, D:\project\yns\MSV2008\Frontend\Core\Inc\main.h_save
2025-03-21 10:30:15,863 [INFO] CodeEngine:287 - Generated code: D:\project\yns\MSV2008\Frontend\Core\Inc\main.h
2025-03-21 10:30:15,874 [INFO] CodeEngine:263 - oldGeneratedFile, D:\project\yns\MSV2008\Frontend\Core\Src\main.c_save
2025-03-21 10:30:15,976 [INFO] CodeEngine:287 - Generated code: D:\project\yns\MSV2008\Frontend\Core\Src\main.c
2025-03-21 10:30:16,259 [INFO] ProjectBuilder:3324 - Time for Copy HAL[1] : 133mS.
2025-03-21 10:30:16,262 [INFO] ProjectBuilder:4912 - Project Generator version: 4.6.0-B36
2025-03-21 10:30:16,326 [INFO] ConfigFileManager:1590 - The Die is : DIE410
2025-03-21 10:30:17,031 [INFO] ProjectBuilder:5191 - Time for Generating toolchain IDE Files: 769mS.
2025-03-21 10:30:17,032 [INFO] ProjectBuilder:3181 - Time for Copy CMSIS : 1mS.
2025-03-21 10:30:17,037 [INFO] ProjectBuilder:3181 - Time for Copy CMSIS : 0mS.
2025-03-21 10:34:51,172 [INFO] TasksAndQueuesTab:757 - Dynamic
2025-03-21 10:34:51,172 [WARN] TasksAndQueuesTab:763 - 256 128
2025-03-21 10:34:51,173 [WARN] TasksAndQueuesTab:775 - max value is: 2315.0
2025-03-21 10:34:51,173 [INFO] TasksAndQueuesTab:757 - Dynamic
2025-03-21 10:34:51,173 [WARN] TasksAndQueuesTab:763 - 64 128
2025-03-21 10:34:51,173 [WARN] TasksAndQueuesTab:767 - Stack size of task nb: 1 must be updated (and increased)
2025-03-21 10:34:51,173 [WARN] TasksAndQueuesTab:775 - max value is: 2315.0
2025-03-21 10:34:51,173 [INFO] TasksAndQueuesTab:757 - Dynamic
2025-03-21 10:34:51,173 [WARN] TasksAndQueuesTab:763 - 64 128
2025-03-21 10:34:51,173 [WARN] TasksAndQueuesTab:767 - Stack size of task nb: 2 must be updated (and increased)
2025-03-21 10:34:51,173 [WARN] TasksAndQueuesTab:775 - max value is: 2315.0
2025-03-21 10:34:55,338 [INFO] TasksAndQueuesTab:757 - Dynamic
2025-03-21 10:34:55,338 [WARN] TasksAndQueuesTab:763 - 256 128
2025-03-21 10:34:55,338 [WARN] TasksAndQueuesTab:775 - max value is: 2315.0
2025-03-21 10:34:55,338 [INFO] TasksAndQueuesTab:757 - Dynamic
2025-03-21 10:34:55,338 [WARN] TasksAndQueuesTab:763 - 128 128
2025-03-21 10:34:55,338 [WARN] TasksAndQueuesTab:775 - max value is: 2315.0
2025-03-21 10:34:55,338 [INFO] TasksAndQueuesTab:757 - Dynamic
2025-03-21 10:34:55,338 [WARN] TasksAndQueuesTab:763 - 128 128
2025-03-21 10:34:55,338 [WARN] TasksAndQueuesTab:775 - max value is: 2315.0
2025-03-21 10:35:02,882 [INFO] UtilMem:75 - End SaveConfig() Used Memory: 456886192 Bytes (671088640)
2025-03-21 10:35:04,626 [INFO] UtilMem:75 - End SaveConfig() Used Memory: 551253904 Bytes (671088640)
2025-03-21 10:35:04,968 [INFO] BlockDiagram:2775 - set Specific Code input for plugin: NVIC
2025-03-21 10:35:04,968 [INFO] BlockDiagram:2775 - set Specific Code input for plugin: FREERTOS
2025-03-21 10:35:04,968 [INFO] BlockDiagram:2775 - set Specific Code input for plugin: USART
2025-03-21 10:35:04,968 [INFO] BlockDiagram:2775 - set Specific Code input for plugin: USART
2025-03-21 10:35:04,968 [INFO] BlockDiagram:2775 - set Specific Code input for plugin: IWDG
2025-03-21 10:35:04,968 [INFO] BlockDiagram:2775 - set Specific Code input for plugin: SYS
2025-03-21 10:35:04,969 [INFO] BlockDiagram:2775 - set Specific Code input for plugin: GPIO
2025-03-21 10:35:04,969 [INFO] BlockDiagram:2775 - set Specific Code input for plugin: RCC
2025-03-21 10:35:04,970 [INFO] CodeGenerator:882 - code generatio: config db path: C:/Users/catsa/.stm32cubemx/databases/DB.6.0.130/db/
2025-03-21 10:35:05,026 [INFO] CodeEngine:263 - oldGeneratedFile, D:\project\yns\MSV2008\Frontend\MXTmpFiles\license.tmp_save
2025-03-21 10:35:05,081 [INFO] CodeEngine:287 - Generated code: D:\project\yns\MSV2008\Frontend\MXTmpFiles\license.tmp
2025-03-21 10:35:05,116 [INFO] CodeEngine:263 - oldGeneratedFile, D:\project\yns\MSV2008\Frontend\MXTmpFiles\gpio.tmp_save
2025-03-21 10:35:05,191 [INFO] CodeEngine:287 - Generated code: D:\project\yns\MSV2008\Frontend\MXTmpFiles\gpio.tmp
2025-03-21 10:35:05,291 [INFO] Middleware:1452 - No code input for Bsp Dependency
2025-03-21 10:35:05,297 [INFO] CodeEngine:263 - oldGeneratedFile, D:\project\yns\MSV2008\Frontend\MXTmpFiles\rtos_inc.tmp_save
2025-03-21 10:35:05,351 [INFO] CodeEngine:287 - Generated code: D:\project\yns\MSV2008\Frontend\MXTmpFiles\rtos_inc.tmp
2025-03-21 10:35:05,355 [INFO] CodeEngine:263 - oldGeneratedFile, D:\project\yns\MSV2008\Frontend\MXTmpFiles\rtos_vars.tmp_save
2025-03-21 10:35:05,400 [INFO] CodeEngine:287 - Generated code: D:\project\yns\MSV2008\Frontend\MXTmpFiles\rtos_vars.tmp
2025-03-21 10:35:05,404 [INFO] CodeEngine:263 - oldGeneratedFile, D:\project\yns\MSV2008\Frontend\MXTmpFiles\rtos_pfp.tmp_save
2025-03-21 10:35:05,449 [INFO] CodeEngine:287 - Generated code: D:\project\yns\MSV2008\Frontend\MXTmpFiles\rtos_pfp.tmp
2025-03-21 10:35:05,453 [INFO] CodeEngine:263 - oldGeneratedFile, D:\project\yns\MSV2008\Frontend\MXTmpFiles\rtos_obj_creat.tmp_save
2025-03-21 10:35:05,510 [INFO] CodeEngine:287 - Generated code: D:\project\yns\MSV2008\Frontend\MXTmpFiles\rtos_obj_creat.tmp
2025-03-21 10:35:05,513 [INFO] CodeEngine:263 - oldGeneratedFile, D:\project\yns\MSV2008\Frontend\MXTmpFiles\rtos_kernelStart.tmp_save
2025-03-21 10:35:05,559 [INFO] CodeEngine:287 - Generated code: D:\project\yns\MSV2008\Frontend\MXTmpFiles\rtos_kernelStart.tmp
2025-03-21 10:35:05,563 [INFO] CodeEngine:263 - oldGeneratedFile, D:\project\yns\MSV2008\Frontend\MXTmpFiles\rtos_default_thread.tmp_save
2025-03-21 10:35:05,608 [INFO] CodeEngine:287 - Generated code: D:\project\yns\MSV2008\Frontend\MXTmpFiles\rtos_default_thread.tmp
2025-03-21 10:35:05,611 [INFO] CodeEngine:263 - oldGeneratedFile, D:\project\yns\MSV2008\Frontend\MXTmpFiles\rtos_threads.tmp_save
2025-03-21 10:35:05,658 [INFO] CodeEngine:287 - Generated code: D:\project\yns\MSV2008\Frontend\MXTmpFiles\rtos_threads.tmp
2025-03-21 10:35:05,673 [INFO] Middleware:1452 - No code input for Bsp Dependency
2025-03-21 10:35:05,680 [INFO] CodeEngine:263 - oldGeneratedFile, D:\project\yns\MSV2008\Frontend\MXTmpFiles\rtos_inc.tmp_save
2025-03-21 10:35:05,733 [INFO] CodeEngine:287 - Generated code: D:\project\yns\MSV2008\Frontend\MXTmpFiles\rtos_inc.tmp
2025-03-21 10:35:05,739 [INFO] CodeEngine:263 - oldGeneratedFile, D:\project\yns\MSV2008\Frontend\MXTmpFiles\rtos_vars.tmp_save
2025-03-21 10:35:05,787 [INFO] CodeEngine:287 - Generated code: D:\project\yns\MSV2008\Frontend\MXTmpFiles\rtos_vars.tmp
2025-03-21 10:35:05,792 [INFO] CodeEngine:263 - oldGeneratedFile, D:\project\yns\MSV2008\Frontend\MXTmpFiles\rtos_pfp.tmp_save
2025-03-21 10:35:05,836 [INFO] CodeEngine:287 - Generated code: D:\project\yns\MSV2008\Frontend\MXTmpFiles\rtos_pfp.tmp
2025-03-21 10:35:05,841 [INFO] CodeEngine:263 - oldGeneratedFile, D:\project\yns\MSV2008\Frontend\MXTmpFiles\rtos_obj_creat.tmp_save
2025-03-21 10:35:05,888 [INFO] CodeEngine:287 - Generated code: D:\project\yns\MSV2008\Frontend\MXTmpFiles\rtos_obj_creat.tmp
2025-03-21 10:35:05,893 [INFO] CodeEngine:263 - oldGeneratedFile, D:\project\yns\MSV2008\Frontend\MXTmpFiles\rtos_kernelStart.tmp_save
2025-03-21 10:35:05,937 [INFO] CodeEngine:287 - Generated code: D:\project\yns\MSV2008\Frontend\MXTmpFiles\rtos_kernelStart.tmp
2025-03-21 10:35:05,942 [INFO] CodeEngine:263 - oldGeneratedFile, D:\project\yns\MSV2008\Frontend\MXTmpFiles\rtos_default_thread.tmp_save
2025-03-21 10:35:05,995 [INFO] CodeEngine:287 - Generated code: D:\project\yns\MSV2008\Frontend\MXTmpFiles\rtos_default_thread.tmp
2025-03-21 10:35:06,002 [INFO] CodeEngine:263 - oldGeneratedFile, D:\project\yns\MSV2008\Frontend\MXTmpFiles\rtos_threads.tmp_save
2025-03-21 10:35:06,047 [INFO] CodeEngine:287 - Generated code: D:\project\yns\MSV2008\Frontend\MXTmpFiles\rtos_threads.tmp
2025-03-21 10:35:06,052 [INFO] CodeEngine:263 - oldGeneratedFile, D:\project\yns\MSV2008\Frontend\Core\Inc\FreeRTOSConfig.h_save
2025-03-21 10:35:06,112 [INFO] CodeEngine:287 - Generated code: D:\project\yns\MSV2008\Frontend\Core\Inc\FreeRTOSConfig.h
2025-03-21 10:35:06,120 [INFO] CodeEngine:263 - oldGeneratedFile, D:\project\yns\MSV2008\Frontend\Core\Src\freertos.c_save
2025-03-21 10:35:06,190 [INFO] CodeEngine:287 - Generated code: D:\project\yns\MSV2008\Frontend\Core\Src\freertos.c
2025-03-21 10:35:06,202 [INFO] CodeEngine:263 - oldGeneratedFile, D:\project\yns\MSV2008\Frontend\Core\Src\stm32f1xx_it.c_save
2025-03-21 10:35:06,271 [INFO] CodeEngine:287 - Generated code: D:\project\yns\MSV2008\Frontend\Core\Src\stm32f1xx_it.c
2025-03-21 10:35:06,277 [INFO] CodeEngine:263 - oldGeneratedFile, D:\project\yns\MSV2008\Frontend\Core\Inc\stm32f1xx_it.h_save
2025-03-21 10:35:06,324 [INFO] CodeEngine:287 - Generated code: D:\project\yns\MSV2008\Frontend\Core\Inc\stm32f1xx_it.h
2025-03-21 10:35:06,342 [INFO] CodeEngine:263 - oldGeneratedFile, D:\project\yns\MSV2008\Frontend\Core\Src\stm32f1xx_hal_msp.c_save
2025-03-21 10:35:06,422 [INFO] CodeEngine:287 - Generated code: D:\project\yns\MSV2008\Frontend\Core\Src\stm32f1xx_hal_msp.c
2025-03-21 10:35:06,426 [INFO] CodeEngine:263 - oldGeneratedFile, D:\project\yns\MSV2008\Frontend\MXTmpFiles\system.tmp_save
2025-03-21 10:35:06,471 [INFO] CodeEngine:287 - Generated code: D:\project\yns\MSV2008\Frontend\MXTmpFiles\system.tmp
2025-03-21 10:35:06,479 [INFO] CodeEngine:263 - oldGeneratedFile, D:\project\yns\MSV2008\Frontend\Core\Src\stm32f1xx_hal_timebase_tim.c_save
2025-03-21 10:35:06,535 [INFO] CodeEngine:287 - Generated code: D:\project\yns\MSV2008\Frontend\Core\Src\stm32f1xx_hal_timebase_tim.c
2025-03-21 10:35:06,545 [INFO] CodeEngine:319 - oldGeneratedFile, D:\project\yns\MSV2008\Frontend\Core\Inc\stm32f1xx_hal_conf.h_save
2025-03-21 10:35:06,608 [INFO] CodeEngine:343 - Generated code: D:\project\yns\MSV2008\Frontend\Core\Inc\stm32f1xx_hal_conf.h
2025-03-21 10:35:06,629 [INFO] CodeEngine:263 - oldGeneratedFile, D:\project\yns\MSV2008\Frontend\Core\Inc\main.h_save
2025-03-21 10:35:06,707 [INFO] CodeEngine:287 - Generated code: D:\project\yns\MSV2008\Frontend\Core\Inc\main.h
2025-03-21 10:35:06,721 [INFO] CodeEngine:263 - oldGeneratedFile, D:\project\yns\MSV2008\Frontend\Core\Src\main.c_save
2025-03-21 10:35:06,870 [INFO] CodeEngine:287 - Generated code: D:\project\yns\MSV2008\Frontend\Core\Src\main.c
2025-03-21 10:35:07,149 [INFO] ProjectBuilder:3324 - Time for Copy HAL[1] : 130mS.
2025-03-21 10:35:07,151 [INFO] ProjectBuilder:4912 - Project Generator version: 4.6.0-B36
2025-03-21 10:35:07,217 [INFO] ConfigFileManager:1590 - The Die is : DIE410
2025-03-21 10:35:07,880 [INFO] ProjectBuilder:5191 - Time for Generating toolchain IDE Files: 729mS.
2025-03-21 10:35:07,881 [INFO] ProjectBuilder:3181 - Time for Copy CMSIS : 1mS.
2025-03-21 10:35:07,885 [INFO] ProjectBuilder:3181 - Time for Copy CMSIS : 0mS.
2025-03-21 11:31:51,519 [INFO] TasksAndQueuesTab:757 - Dynamic
2025-03-21 11:31:51,520 [WARN] TasksAndQueuesTab:763 - 256 256
2025-03-21 11:31:51,520 [WARN] TasksAndQueuesTab:775 - max value is: 2315.0
2025-03-21 11:31:51,520 [INFO] TasksAndQueuesTab:757 - Dynamic
2025-03-21 11:31:51,520 [WARN] TasksAndQueuesTab:763 - 128 256
2025-03-21 11:31:51,520 [WARN] TasksAndQueuesTab:767 - Stack size of task nb: 1 must be updated (and increased)
2025-03-21 11:31:51,520 [WARN] TasksAndQueuesTab:775 - max value is: 2315.0
2025-03-21 11:31:51,520 [INFO] TasksAndQueuesTab:757 - Dynamic
2025-03-21 11:31:51,520 [WARN] TasksAndQueuesTab:763 - 128 256
2025-03-21 11:31:51,521 [WARN] TasksAndQueuesTab:767 - Stack size of task nb: 2 must be updated (and increased)
2025-03-21 11:31:51,521 [WARN] TasksAndQueuesTab:775 - max value is: 2315.0
2025-03-21 11:32:15,345 [INFO] TasksAndQueuesTab:757 - Dynamic
2025-03-21 11:32:15,345 [WARN] TasksAndQueuesTab:763 - 256 512
2025-03-21 11:32:15,345 [WARN] TasksAndQueuesTab:767 - Stack size of task nb: 0 must be updated (and increased)
2025-03-21 11:32:15,345 [WARN] TasksAndQueuesTab:775 - max value is: 2315.0
2025-03-21 11:32:15,345 [INFO] TasksAndQueuesTab:757 - Dynamic
2025-03-21 11:32:15,345 [WARN] TasksAndQueuesTab:763 - 256 512
2025-03-21 11:32:15,345 [WARN] TasksAndQueuesTab:767 - Stack size of task nb: 1 must be updated (and increased)
2025-03-21 11:32:15,345 [WARN] TasksAndQueuesTab:775 - max value is: 2315.0
2025-03-21 11:32:15,346 [INFO] TasksAndQueuesTab:757 - Dynamic
2025-03-21 11:32:15,346 [WARN] TasksAndQueuesTab:763 - 256 512
2025-03-21 11:32:15,346 [WARN] TasksAndQueuesTab:767 - Stack size of task nb: 2 must be updated (and increased)
2025-03-21 11:32:15,346 [WARN] TasksAndQueuesTab:775 - max value is: 2315.0
2025-03-21 11:33:10,861 [INFO] TasksAndQueuesTab:757 - Dynamic
2025-03-21 11:33:10,861 [WARN] TasksAndQueuesTab:763 - 512 512
2025-03-21 11:33:10,861 [WARN] TasksAndQueuesTab:775 - max value is: 2560.0
2025-03-21 11:33:10,861 [INFO] TasksAndQueuesTab:757 - Dynamic
2025-03-21 11:33:10,861 [WARN] TasksAndQueuesTab:763 - 512 512
2025-03-21 11:33:10,861 [WARN] TasksAndQueuesTab:775 - max value is: 2560.0
2025-03-21 11:33:10,861 [INFO] TasksAndQueuesTab:757 - Dynamic
2025-03-21 11:33:10,861 [WARN] TasksAndQueuesTab:763 - 512 512
2025-03-21 11:33:10,861 [WARN] TasksAndQueuesTab:775 - max value is: 2560.0
2025-03-21 11:33:26,547 [INFO] TasksAndQueuesTab:757 - Dynamic
2025-03-21 11:33:26,547 [WARN] TasksAndQueuesTab:763 - 512 512
2025-03-21 11:33:26,547 [WARN] TasksAndQueuesTab:775 - max value is: 2560.0
2025-03-21 11:33:26,548 [INFO] TasksAndQueuesTab:757 - Dynamic
2025-03-21 11:33:26,548 [WARN] TasksAndQueuesTab:763 - 512 512
2025-03-21 11:33:26,548 [WARN] TasksAndQueuesTab:775 - max value is: 2560.0
2025-03-21 11:33:26,548 [INFO] TasksAndQueuesTab:757 - Dynamic
2025-03-21 11:33:26,548 [WARN] TasksAndQueuesTab:763 - 512 512
2025-03-21 11:33:26,548 [WARN] TasksAndQueuesTab:775 - max value is: 2560.0
2025-03-21 11:33:31,005 [INFO] UtilMem:75 - End SaveConfig() Used Memory: 447526856 Bytes (671088640)
2025-03-21 11:33:32,930 [INFO] UtilMem:75 - End SaveConfig() Used Memory: 531393872 Bytes (671088640)
2025-03-21 11:33:33,313 [INFO] BlockDiagram:2775 - set Specific Code input for plugin: NVIC
2025-03-21 11:33:33,314 [INFO] BlockDiagram:2775 - set Specific Code input for plugin: FREERTOS
2025-03-21 11:33:33,314 [INFO] BlockDiagram:2775 - set Specific Code input for plugin: USART
2025-03-21 11:33:33,314 [INFO] BlockDiagram:2775 - set Specific Code input for plugin: USART
2025-03-21 11:33:33,314 [INFO] BlockDiagram:2775 - set Specific Code input for plugin: IWDG
2025-03-21 11:33:33,314 [INFO] BlockDiagram:2775 - set Specific Code input for plugin: SYS
2025-03-21 11:33:33,315 [INFO] BlockDiagram:2775 - set Specific Code input for plugin: GPIO
2025-03-21 11:33:33,315 [INFO] BlockDiagram:2775 - set Specific Code input for plugin: RCC
2025-03-21 11:33:33,316 [INFO] CodeGenerator:882 - code generatio: config db path: C:/Users/catsa/.stm32cubemx/databases/DB.6.0.130/db/
2025-03-21 11:33:33,417 [INFO] CodeEngine:263 - oldGeneratedFile, D:\project\yns\MSV2008\Frontend\MXTmpFiles\license.tmp_save
2025-03-21 11:33:33,642 [INFO] CodeEngine:287 - Generated code: D:\project\yns\MSV2008\Frontend\MXTmpFiles\license.tmp
2025-03-21 11:33:33,688 [INFO] CodeEngine:263 - oldGeneratedFile, D:\project\yns\MSV2008\Frontend\MXTmpFiles\gpio.tmp_save
2025-03-21 11:33:33,830 [INFO] CodeEngine:287 - Generated code: D:\project\yns\MSV2008\Frontend\MXTmpFiles\gpio.tmp
2025-03-21 11:33:33,996 [INFO] Middleware:1452 - No code input for Bsp Dependency
2025-03-21 11:33:34,004 [INFO] CodeEngine:263 - oldGeneratedFile, D:\project\yns\MSV2008\Frontend\MXTmpFiles\rtos_inc.tmp_save
2025-03-21 11:33:34,085 [INFO] CodeEngine:287 - Generated code: D:\project\yns\MSV2008\Frontend\MXTmpFiles\rtos_inc.tmp
2025-03-21 11:33:34,090 [INFO] CodeEngine:263 - oldGeneratedFile, D:\project\yns\MSV2008\Frontend\MXTmpFiles\rtos_vars.tmp_save
2025-03-21 11:33:34,169 [INFO] CodeEngine:287 - Generated code: D:\project\yns\MSV2008\Frontend\MXTmpFiles\rtos_vars.tmp
2025-03-21 11:33:34,174 [INFO] CodeEngine:263 - oldGeneratedFile, D:\project\yns\MSV2008\Frontend\MXTmpFiles\rtos_pfp.tmp_save
2025-03-21 11:33:34,245 [INFO] CodeEngine:287 - Generated code: D:\project\yns\MSV2008\Frontend\MXTmpFiles\rtos_pfp.tmp
2025-03-21 11:33:34,251 [INFO] CodeEngine:263 - oldGeneratedFile, D:\project\yns\MSV2008\Frontend\MXTmpFiles\rtos_obj_creat.tmp_save
2025-03-21 11:33:34,322 [INFO] CodeEngine:287 - Generated code: D:\project\yns\MSV2008\Frontend\MXTmpFiles\rtos_obj_creat.tmp
2025-03-21 11:33:34,328 [INFO] CodeEngine:263 - oldGeneratedFile, D:\project\yns\MSV2008\Frontend\MXTmpFiles\rtos_kernelStart.tmp_save
2025-03-21 11:33:34,380 [INFO] CodeEngine:287 - Generated code: D:\project\yns\MSV2008\Frontend\MXTmpFiles\rtos_kernelStart.tmp
2025-03-21 11:33:34,386 [INFO] CodeEngine:263 - oldGeneratedFile, D:\project\yns\MSV2008\Frontend\MXTmpFiles\rtos_default_thread.tmp_save
2025-03-21 11:33:34,441 [INFO] CodeEngine:287 - Generated code: D:\project\yns\MSV2008\Frontend\MXTmpFiles\rtos_default_thread.tmp
2025-03-21 11:33:34,447 [INFO] CodeEngine:263 - oldGeneratedFile, D:\project\yns\MSV2008\Frontend\MXTmpFiles\rtos_threads.tmp_save
2025-03-21 11:33:34,499 [INFO] CodeEngine:287 - Generated code: D:\project\yns\MSV2008\Frontend\MXTmpFiles\rtos_threads.tmp
2025-03-21 11:33:34,516 [INFO] Middleware:1452 - No code input for Bsp Dependency
2025-03-21 11:33:34,524 [INFO] CodeEngine:263 - oldGeneratedFile, D:\project\yns\MSV2008\Frontend\MXTmpFiles\rtos_inc.tmp_save
2025-03-21 11:33:34,583 [INFO] CodeEngine:287 - Generated code: D:\project\yns\MSV2008\Frontend\MXTmpFiles\rtos_inc.tmp
2025-03-21 11:33:34,589 [INFO] CodeEngine:263 - oldGeneratedFile, D:\project\yns\MSV2008\Frontend\MXTmpFiles\rtos_vars.tmp_save
2025-03-21 11:33:34,640 [INFO] CodeEngine:287 - Generated code: D:\project\yns\MSV2008\Frontend\MXTmpFiles\rtos_vars.tmp
2025-03-21 11:33:34,645 [INFO] CodeEngine:263 - oldGeneratedFile, D:\project\yns\MSV2008\Frontend\MXTmpFiles\rtos_pfp.tmp_save
2025-03-21 11:33:34,703 [INFO] CodeEngine:287 - Generated code: D:\project\yns\MSV2008\Frontend\MXTmpFiles\rtos_pfp.tmp
2025-03-21 11:33:34,708 [INFO] CodeEngine:263 - oldGeneratedFile, D:\project\yns\MSV2008\Frontend\MXTmpFiles\rtos_obj_creat.tmp_save
2025-03-21 11:33:34,759 [INFO] CodeEngine:287 - Generated code: D:\project\yns\MSV2008\Frontend\MXTmpFiles\rtos_obj_creat.tmp
2025-03-21 11:33:34,766 [INFO] CodeEngine:263 - oldGeneratedFile, D:\project\yns\MSV2008\Frontend\MXTmpFiles\rtos_kernelStart.tmp_save
2025-03-21 11:33:34,813 [INFO] CodeEngine:287 - Generated code: D:\project\yns\MSV2008\Frontend\MXTmpFiles\rtos_kernelStart.tmp
2025-03-21 11:33:34,819 [INFO] CodeEngine:263 - oldGeneratedFile, D:\project\yns\MSV2008\Frontend\MXTmpFiles\rtos_default_thread.tmp_save
2025-03-21 11:33:34,866 [INFO] CodeEngine:287 - Generated code: D:\project\yns\MSV2008\Frontend\MXTmpFiles\rtos_default_thread.tmp
2025-03-21 11:33:34,873 [INFO] CodeEngine:263 - oldGeneratedFile, D:\project\yns\MSV2008\Frontend\MXTmpFiles\rtos_threads.tmp_save
2025-03-21 11:33:34,922 [INFO] CodeEngine:287 - Generated code: D:\project\yns\MSV2008\Frontend\MXTmpFiles\rtos_threads.tmp
2025-03-21 11:33:34,931 [INFO] CodeEngine:263 - oldGeneratedFile, D:\project\yns\MSV2008\Frontend\Core\Inc\FreeRTOSConfig.h_save
2025-03-21 11:33:34,995 [INFO] CodeEngine:287 - Generated code: D:\project\yns\MSV2008\Frontend\Core\Inc\FreeRTOSConfig.h
2025-03-21 11:33:35,004 [INFO] CodeEngine:263 - oldGeneratedFile, D:\project\yns\MSV2008\Frontend\Core\Src\freertos.c_save
2025-03-21 11:33:35,065 [INFO] CodeEngine:287 - Generated code: D:\project\yns\MSV2008\Frontend\Core\Src\freertos.c
2025-03-21 11:33:35,081 [INFO] CodeEngine:263 - oldGeneratedFile, D:\project\yns\MSV2008\Frontend\Core\Src\stm32f1xx_it.c_save
2025-03-21 11:33:35,240 [INFO] CodeEngine:287 - Generated code: D:\project\yns\MSV2008\Frontend\Core\Src\stm32f1xx_it.c
2025-03-21 11:33:35,248 [INFO] CodeEngine:263 - oldGeneratedFile, D:\project\yns\MSV2008\Frontend\Core\Inc\stm32f1xx_it.h_save
2025-03-21 11:33:35,302 [INFO] CodeEngine:287 - Generated code: D:\project\yns\MSV2008\Frontend\Core\Inc\stm32f1xx_it.h
2025-03-21 11:33:35,327 [INFO] CodeEngine:263 - oldGeneratedFile, D:\project\yns\MSV2008\Frontend\Core\Src\stm32f1xx_hal_msp.c_save
2025-03-21 11:33:35,422 [INFO] CodeEngine:287 - Generated code: D:\project\yns\MSV2008\Frontend\Core\Src\stm32f1xx_hal_msp.c
2025-03-21 11:33:35,427 [INFO] CodeEngine:263 - oldGeneratedFile, D:\project\yns\MSV2008\Frontend\MXTmpFiles\system.tmp_save
2025-03-21 11:33:35,475 [INFO] CodeEngine:287 - Generated code: D:\project\yns\MSV2008\Frontend\MXTmpFiles\system.tmp
2025-03-21 11:33:35,488 [INFO] CodeEngine:263 - oldGeneratedFile, D:\project\yns\MSV2008\Frontend\Core\Src\stm32f1xx_hal_timebase_tim.c_save
2025-03-21 11:33:35,542 [INFO] CodeEngine:287 - Generated code: D:\project\yns\MSV2008\Frontend\Core\Src\stm32f1xx_hal_timebase_tim.c
2025-03-21 11:33:35,554 [INFO] CodeEngine:319 - oldGeneratedFile, D:\project\yns\MSV2008\Frontend\Core\Inc\stm32f1xx_hal_conf.h_save
2025-03-21 11:33:35,618 [INFO] CodeEngine:343 - Generated code: D:\project\yns\MSV2008\Frontend\Core\Inc\stm32f1xx_hal_conf.h
2025-03-21 11:33:35,647 [INFO] CodeEngine:263 - oldGeneratedFile, D:\project\yns\MSV2008\Frontend\Core\Inc\main.h_save
2025-03-21 11:33:35,731 [INFO] CodeEngine:287 - Generated code: D:\project\yns\MSV2008\Frontend\Core\Inc\main.h
2025-03-21 11:33:35,750 [INFO] CodeEngine:263 - oldGeneratedFile, D:\project\yns\MSV2008\Frontend\Core\Src\main.c_save
2025-03-21 11:33:35,869 [INFO] CodeEngine:287 - Generated code: D:\project\yns\MSV2008\Frontend\Core\Src\main.c
2025-03-21 11:33:36,265 [INFO] ProjectBuilder:3324 - Time for Copy HAL[1] : 167mS.
2025-03-21 11:33:36,268 [INFO] ProjectBuilder:4912 - Project Generator version: 4.6.0-B36
2025-03-21 11:33:36,339 [INFO] ConfigFileManager:1590 - The Die is : DIE410
2025-03-21 11:33:37,066 [INFO] ProjectBuilder:5191 - Time for Generating toolchain IDE Files: 798mS.
2025-03-21 11:33:37,067 [INFO] ProjectBuilder:3181 - Time for Copy CMSIS : 1mS.
2025-03-21 11:33:37,072 [INFO] ProjectBuilder:3181 - Time for Copy CMSIS : 1mS.
2025-03-21 11:43:43,413 [INFO] TasksAndQueuesTab:757 - Dynamic
2025-03-21 11:43:43,413 [WARN] TasksAndQueuesTab:763 - 512 512
2025-03-21 11:43:43,413 [WARN] TasksAndQueuesTab:775 - max value is: 2560.0
2025-03-21 11:43:43,413 [INFO] TasksAndQueuesTab:757 - Dynamic
2025-03-21 11:43:43,413 [WARN] TasksAndQueuesTab:763 - 512 512
2025-03-21 11:43:43,413 [WARN] TasksAndQueuesTab:775 - max value is: 2560.0
2025-03-21 11:43:43,413 [INFO] TasksAndQueuesTab:757 - Dynamic
2025-03-21 11:43:43,414 [WARN] TasksAndQueuesTab:763 - 512 512
2025-03-21 11:43:43,414 [WARN] TasksAndQueuesTab:775 - max value is: 2560.0
2025-03-21 11:43:50,917 [INFO] TasksAndQueuesTab:757 - Dynamic
2025-03-21 11:43:50,917 [WARN] TasksAndQueuesTab:763 - 512 128
2025-03-21 11:43:50,917 [WARN] TasksAndQueuesTab:775 - max value is: 2560.0
2025-03-21 11:43:50,917 [INFO] TasksAndQueuesTab:757 - Dynamic
2025-03-21 11:43:50,917 [WARN] TasksAndQueuesTab:763 - 512 128
2025-03-21 11:43:50,917 [WARN] TasksAndQueuesTab:775 - max value is: 2560.0
2025-03-21 11:43:50,917 [INFO] TasksAndQueuesTab:757 - Dynamic
2025-03-21 11:43:50,917 [WARN] TasksAndQueuesTab:763 - 512 128
2025-03-21 11:43:50,917 [WARN] TasksAndQueuesTab:775 - max value is: 2560.0
2025-03-21 11:43:58,401 [INFO] TasksAndQueuesTab:757 - Dynamic
2025-03-21 11:43:58,401 [WARN] TasksAndQueuesTab:763 - 512 128
2025-03-21 11:43:58,401 [WARN] TasksAndQueuesTab:775 - max value is: 2560.0
2025-03-21 11:43:58,401 [INFO] TasksAndQueuesTab:757 - Dynamic
2025-03-21 11:43:58,401 [WARN] TasksAndQueuesTab:763 - 512 128
2025-03-21 11:43:58,401 [WARN] TasksAndQueuesTab:775 - max value is: 2560.0
2025-03-21 11:43:58,401 [INFO] TasksAndQueuesTab:757 - Dynamic
2025-03-21 11:43:58,401 [WARN] TasksAndQueuesTab:763 - 512 128
2025-03-21 11:43:58,402 [WARN] TasksAndQueuesTab:775 - max value is: 2560.0
2025-03-21 11:44:00,032 [INFO] EditThreadDialog:704 - RAM SIZE (in KB): 20
2025-03-21 11:44:00,032 [INFO] EditThreadDialog:706 - RAM SIZE (in words): 5120
2025-03-21 11:44:05,353 [INFO] TasksAndQueuesTab:757 - Dynamic
2025-03-21 11:44:05,353 [WARN] TasksAndQueuesTab:763 - 512 128
2025-03-21 11:44:05,353 [WARN] TasksAndQueuesTab:775 - max value is: 2560.0
2025-03-21 11:44:05,353 [INFO] TasksAndQueuesTab:757 - Dynamic
2025-03-21 11:44:05,353 [WARN] TasksAndQueuesTab:763 - 128 128
2025-03-21 11:44:05,353 [WARN] TasksAndQueuesTab:775 - max value is: 2560.0
2025-03-21 11:44:05,353 [INFO] TasksAndQueuesTab:757 - Dynamic
2025-03-21 11:44:05,353 [WARN] TasksAndQueuesTab:763 - 512 128
2025-03-21 11:44:05,353 [WARN] TasksAndQueuesTab:775 - max value is: 2560.0
2025-03-21 11:44:14,597 [INFO] EditThreadDialog:704 - RAM SIZE (in KB): 20
2025-03-21 11:44:14,597 [INFO] EditThreadDialog:706 - RAM SIZE (in words): 5120
2025-03-21 11:44:19,552 [INFO] TasksAndQueuesTab:757 - Dynamic
2025-03-21 11:44:19,553 [WARN] TasksAndQueuesTab:763 - 512 128
2025-03-21 11:44:19,553 [WARN] TasksAndQueuesTab:775 - max value is: 2560.0
2025-03-21 11:44:19,553 [INFO] TasksAndQueuesTab:757 - Dynamic
2025-03-21 11:44:19,553 [WARN] TasksAndQueuesTab:763 - 128 128
2025-03-21 11:44:19,553 [WARN] TasksAndQueuesTab:775 - max value is: 2560.0
2025-03-21 11:44:19,553 [INFO] TasksAndQueuesTab:757 - Dynamic
2025-03-21 11:44:19,553 [WARN] TasksAndQueuesTab:763 - 128 128
2025-03-21 11:44:19,553 [WARN] TasksAndQueuesTab:775 - max value is: 2560.0
2025-03-21 11:44:37,369 [INFO] UtilMem:75 - End SaveConfig() Used Memory: 367610536 Bytes (671088640)
2025-03-21 11:44:40,169 [INFO] UtilMem:75 - End SaveConfig() Used Memory: 421605712 Bytes (671088640)
2025-03-21 11:44:40,501 [INFO] BlockDiagram:2775 - set Specific Code input for plugin: NVIC
2025-03-21 11:44:40,501 [INFO] BlockDiagram:2775 - set Specific Code input for plugin: FREERTOS
2025-03-21 11:44:40,501 [INFO] BlockDiagram:2775 - set Specific Code input for plugin: USART
2025-03-21 11:44:40,501 [INFO] BlockDiagram:2775 - set Specific Code input for plugin: USART
2025-03-21 11:44:40,501 [INFO] BlockDiagram:2775 - set Specific Code input for plugin: IWDG
2025-03-21 11:44:40,501 [INFO] BlockDiagram:2775 - set Specific Code input for plugin: SYS
2025-03-21 11:44:40,502 [INFO] BlockDiagram:2775 - set Specific Code input for plugin: GPIO
2025-03-21 11:44:40,502 [INFO] BlockDiagram:2775 - set Specific Code input for plugin: RCC
2025-03-21 11:44:40,502 [INFO] CodeGenerator:882 - code generatio: config db path: C:/Users/catsa/.stm32cubemx/databases/DB.6.0.130/db/
2025-03-21 11:44:40,563 [INFO] CodeEngine:263 - oldGeneratedFile, D:\project\yns\MSV2008\Frontend\MXTmpFiles\license.tmp_save
2025-03-21 11:44:40,626 [INFO] CodeEngine:287 - Generated code: D:\project\yns\MSV2008\Frontend\MXTmpFiles\license.tmp
2025-03-21 11:44:40,652 [INFO] CodeEngine:263 - oldGeneratedFile, D:\project\yns\MSV2008\Frontend\MXTmpFiles\gpio.tmp_save
2025-03-21 11:44:40,733 [INFO] CodeEngine:287 - Generated code: D:\project\yns\MSV2008\Frontend\MXTmpFiles\gpio.tmp
2025-03-21 11:44:40,871 [INFO] Middleware:1452 - No code input for Bsp Dependency
2025-03-21 11:44:40,878 [INFO] CodeEngine:263 - oldGeneratedFile, D:\project\yns\MSV2008\Frontend\MXTmpFiles\rtos_inc.tmp_save
2025-03-21 11:44:40,935 [INFO] CodeEngine:287 - Generated code: D:\project\yns\MSV2008\Frontend\MXTmpFiles\rtos_inc.tmp
2025-03-21 11:44:40,939 [INFO] CodeEngine:263 - oldGeneratedFile, D:\project\yns\MSV2008\Frontend\MXTmpFiles\rtos_vars.tmp_save
2025-03-21 11:44:40,987 [INFO] CodeEngine:287 - Generated code: D:\project\yns\MSV2008\Frontend\MXTmpFiles\rtos_vars.tmp
2025-03-21 11:44:40,991 [INFO] CodeEngine:263 - oldGeneratedFile, D:\project\yns\MSV2008\Frontend\MXTmpFiles\rtos_pfp.tmp_save
2025-03-21 11:44:41,037 [INFO] CodeEngine:287 - Generated code: D:\project\yns\MSV2008\Frontend\MXTmpFiles\rtos_pfp.tmp
2025-03-21 11:44:41,042 [INFO] CodeEngine:263 - oldGeneratedFile, D:\project\yns\MSV2008\Frontend\MXTmpFiles\rtos_obj_creat.tmp_save
2025-03-21 11:44:41,102 [INFO] CodeEngine:287 - Generated code: D:\project\yns\MSV2008\Frontend\MXTmpFiles\rtos_obj_creat.tmp
2025-03-21 11:44:41,106 [INFO] CodeEngine:263 - oldGeneratedFile, D:\project\yns\MSV2008\Frontend\MXTmpFiles\rtos_kernelStart.tmp_save
2025-03-21 11:44:41,154 [INFO] CodeEngine:287 - Generated code: D:\project\yns\MSV2008\Frontend\MXTmpFiles\rtos_kernelStart.tmp
2025-03-21 11:44:41,159 [INFO] CodeEngine:263 - oldGeneratedFile, D:\project\yns\MSV2008\Frontend\MXTmpFiles\rtos_default_thread.tmp_save
2025-03-21 11:44:41,205 [INFO] CodeEngine:287 - Generated code: D:\project\yns\MSV2008\Frontend\MXTmpFiles\rtos_default_thread.tmp
2025-03-21 11:44:41,210 [INFO] CodeEngine:263 - oldGeneratedFile, D:\project\yns\MSV2008\Frontend\MXTmpFiles\rtos_threads.tmp_save
2025-03-21 11:44:41,260 [INFO] CodeEngine:287 - Generated code: D:\project\yns\MSV2008\Frontend\MXTmpFiles\rtos_threads.tmp
2025-03-21 11:44:41,276 [INFO] Middleware:1452 - No code input for Bsp Dependency
2025-03-21 11:44:41,283 [INFO] CodeEngine:263 - oldGeneratedFile, D:\project\yns\MSV2008\Frontend\MXTmpFiles\rtos_inc.tmp_save
2025-03-21 11:44:41,339 [INFO] CodeEngine:287 - Generated code: D:\project\yns\MSV2008\Frontend\MXTmpFiles\rtos_inc.tmp
2025-03-21 11:44:41,345 [INFO] CodeEngine:263 - oldGeneratedFile, D:\project\yns\MSV2008\Frontend\MXTmpFiles\rtos_vars.tmp_save
2025-03-21 11:44:41,399 [INFO] CodeEngine:287 - Generated code: D:\project\yns\MSV2008\Frontend\MXTmpFiles\rtos_vars.tmp
2025-03-21 11:44:41,404 [INFO] CodeEngine:263 - oldGeneratedFile, D:\project\yns\MSV2008\Frontend\MXTmpFiles\rtos_pfp.tmp_save
2025-03-21 11:44:41,451 [INFO] CodeEngine:287 - Generated code: D:\project\yns\MSV2008\Frontend\MXTmpFiles\rtos_pfp.tmp
2025-03-21 11:44:41,456 [INFO] CodeEngine:263 - oldGeneratedFile, D:\project\yns\MSV2008\Frontend\MXTmpFiles\rtos_obj_creat.tmp_save
2025-03-21 11:44:41,502 [INFO] CodeEngine:287 - Generated code: D:\project\yns\MSV2008\Frontend\MXTmpFiles\rtos_obj_creat.tmp
2025-03-21 11:44:41,507 [INFO] CodeEngine:263 - oldGeneratedFile, D:\project\yns\MSV2008\Frontend\MXTmpFiles\rtos_kernelStart.tmp_save
2025-03-21 11:44:41,553 [INFO] CodeEngine:287 - Generated code: D:\project\yns\MSV2008\Frontend\MXTmpFiles\rtos_kernelStart.tmp
2025-03-21 11:44:41,558 [INFO] CodeEngine:263 - oldGeneratedFile, D:\project\yns\MSV2008\Frontend\MXTmpFiles\rtos_default_thread.tmp_save
2025-03-21 11:44:41,606 [INFO] CodeEngine:287 - Generated code: D:\project\yns\MSV2008\Frontend\MXTmpFiles\rtos_default_thread.tmp
2025-03-21 11:44:41,612 [INFO] CodeEngine:263 - oldGeneratedFile, D:\project\yns\MSV2008\Frontend\MXTmpFiles\rtos_threads.tmp_save
2025-03-21 11:44:41,658 [INFO] CodeEngine:287 - Generated code: D:\project\yns\MSV2008\Frontend\MXTmpFiles\rtos_threads.tmp
2025-03-21 11:44:41,663 [INFO] CodeEngine:263 - oldGeneratedFile, D:\project\yns\MSV2008\Frontend\Core\Inc\FreeRTOSConfig.h_save
2025-03-21 11:44:41,725 [INFO] CodeEngine:287 - Generated code: D:\project\yns\MSV2008\Frontend\Core\Inc\FreeRTOSConfig.h
2025-03-21 11:44:41,733 [INFO] CodeEngine:263 - oldGeneratedFile, D:\project\yns\MSV2008\Frontend\Core\Src\freertos.c_save
2025-03-21 11:44:41,787 [INFO] CodeEngine:287 - Generated code: D:\project\yns\MSV2008\Frontend\Core\Src\freertos.c
2025-03-21 11:44:41,799 [INFO] CodeEngine:263 - oldGeneratedFile, D:\project\yns\MSV2008\Frontend\Core\Src\stm32f1xx_it.c_save
2025-03-21 11:44:41,864 [INFO] CodeEngine:287 - Generated code: D:\project\yns\MSV2008\Frontend\Core\Src\stm32f1xx_it.c
2025-03-21 11:44:41,870 [INFO] CodeEngine:263 - oldGeneratedFile, D:\project\yns\MSV2008\Frontend\Core\Inc\stm32f1xx_it.h_save
2025-03-21 11:44:41,920 [INFO] CodeEngine:287 - Generated code: D:\project\yns\MSV2008\Frontend\Core\Inc\stm32f1xx_it.h
2025-03-21 11:44:41,938 [INFO] CodeEngine:263 - oldGeneratedFile, D:\project\yns\MSV2008\Frontend\Core\Src\stm32f1xx_hal_msp.c_save
2025-03-21 11:44:42,021 [INFO] CodeEngine:287 - Generated code: D:\project\yns\MSV2008\Frontend\Core\Src\stm32f1xx_hal_msp.c
2025-03-21 11:44:42,024 [INFO] CodeEngine:263 - oldGeneratedFile, D:\project\yns\MSV2008\Frontend\MXTmpFiles\system.tmp_save
2025-03-21 11:44:42,071 [INFO] CodeEngine:287 - Generated code: D:\project\yns\MSV2008\Frontend\MXTmpFiles\system.tmp
2025-03-21 11:44:42,080 [INFO] CodeEngine:263 - oldGeneratedFile, D:\project\yns\MSV2008\Frontend\Core\Src\stm32f1xx_hal_timebase_tim.c_save
2025-03-21 11:44:42,135 [INFO] CodeEngine:287 - Generated code: D:\project\yns\MSV2008\Frontend\Core\Src\stm32f1xx_hal_timebase_tim.c
2025-03-21 11:44:42,146 [INFO] CodeEngine:319 - oldGeneratedFile, D:\project\yns\MSV2008\Frontend\Core\Inc\stm32f1xx_hal_conf.h_save
2025-03-21 11:44:42,212 [INFO] CodeEngine:343 - Generated code: D:\project\yns\MSV2008\Frontend\Core\Inc\stm32f1xx_hal_conf.h
2025-03-21 11:44:42,232 [INFO] CodeEngine:263 - oldGeneratedFile, D:\project\yns\MSV2008\Frontend\Core\Inc\main.h_save
2025-03-21 11:44:42,299 [INFO] CodeEngine:287 - Generated code: D:\project\yns\MSV2008\Frontend\Core\Inc\main.h
2025-03-21 11:44:42,312 [INFO] CodeEngine:263 - oldGeneratedFile, D:\project\yns\MSV2008\Frontend\Core\Src\main.c_save
2025-03-21 11:44:42,416 [INFO] CodeEngine:287 - Generated code: D:\project\yns\MSV2008\Frontend\Core\Src\main.c
2025-03-21 11:44:42,789 [INFO] ProjectBuilder:3324 - Time for Copy HAL[1] : 171mS.
2025-03-21 11:44:42,792 [INFO] ProjectBuilder:4912 - Project Generator version: 4.6.0-B36
2025-03-21 11:44:42,858 [INFO] ConfigFileManager:1590 - The Die is : DIE410
2025-03-21 11:44:43,552 [INFO] ProjectBuilder:5191 - Time for Generating toolchain IDE Files: 760mS.
2025-03-21 11:44:43,552 [INFO] ProjectBuilder:3181 - Time for Copy CMSIS : 0mS.
2025-03-21 11:44:43,556 [INFO] ProjectBuilder:3181 - Time for Copy CMSIS : 0mS.
2025-03-21 17:12:54,238 [ERROR] LogOutputStream:75 - [STDERR_REDIRECT] 
